    960.27       55.75
    932.86       55.75
    974.30       67.00
   1005.69       30.50
    988.42       82.00
   1005.48       32.75
    997.25       71.25
    963.98       51.25
    954.25       42.00
    982.54       58.25
    997.96       42.00
    956.85       55.50
    955.74       61.50
    972.35       62.00
    976.13       80.50
    984.20       67.75
    998.61       72.75
   1013.02       45.25
    934.31       62.50
    987.56       57.75
    966.94       66.75
    965.93       52.25
    997.03       65.00
    973.56       60.00
    995.89       55.75
    986.81       84.00
    949.91       55.25
    992.56       57.75
    993.99       60.75
    961.17       62.00
    949.19       55.50
    999.59       37.00
    984.28       52.75
    992.15       83.75
    984.31       54.00
    996.93       81.00
    935.43       48.75
    952.44       63.00
   1014.26       27.25
   1021.20       40.50
    987.59       64.25
    964.96       62.75
   1011.89       76.50
    962.74       49.25
    998.34       46.50
    939.13       56.75
   1011.01       28.50
    992.80       69.25
   1010.71       36.25
   1025.73       64.75
   1008.42       27.25
   1020.01       77.00
    993.74       63.75
    989.40       60.75
    935.64       62.00
    988.39       55.25
    980.45       49.50
    968.74       56.00
    976.69       63.75
   1008.84       38.75
   1000.48       73.00
    970.39       51.75
    971.61       56.50
    948.23       54.00
    939.71       54.50
    977.04       59.25
    973.48       55.00
    961.60       46.25
    969.90       51.75
    995.82       78.75
   1005.39       32.00
   1018.63       46.25
    998.19       65.25
    978.74       47.75
    945.96       55.25
    966.53       50.00
    988.95       47.25
   1004.69       39.75
    943.52       57.75
    981.63       41.00
    992.16       75.25
    991.48       66.75
   1003.23       39.00
    994.63       57.50
   1004.58       39.75
    963.84       44.50
    947.39       63.75
   1016.85       27.25
   1009.64       56.75
    979.29       52.50
    968.48       63.50
    994.47       80.75
   1002.00       39.50
    955.21       73.00
   1003.97       34.50
    988.89       39.75
    961.30       62.50
   1010.56       33.75
    968.88       78.00
    957.64       52.75
    997.41       38.75
    951.86       71.50
    968.61       56.75
    979.86       49.25
   1001.99       35.75
   1014.48       27.50
    986.08       59.75
    993.67       60.25
    958.96       60.75
    939.99       60.75
    966.12       50.25
    999.69       82.25
    939.33       61.50
   1007.58       49.75
    982.22       59.50
    994.78       35.50
   1016.18       64.25
    950.64       62.75
   1003.19       79.25
    997.25       52.25
    992.88       81.25
    956.60       57.75
    955.71       48.50
    978.67       59.00
   1012.98       42.50
    981.05       55.00
   1010.21       29.50
    982.84       79.00
    975.28       65.00
    979.40       63.50
   1017.56       33.75
    980.09       59.50
   1002.30       28.00
    961.79       70.50
    958.12       61.75
    978.89       62.75
   1007.04       42.50
    966.12       59.25
   1017.11       49.50
    988.54       58.75
    964.06       65.00
    994.98       69.75
    963.40       52.25
    980.17       62.50
    949.01       71.75
    978.89       84.25
   1002.19       38.50
    965.38       75.00
   1019.00       44.50
    963.99       65.75
    961.84       61.00
    971.28       69.25
   1002.73       39.50
   1004.22       42.50
    956.46       73.50
    978.62       54.00
    994.72       43.25
    986.61       54.00
   1010.41       45.25
    978.38       55.50
    967.63       72.75
   1008.15       48.75
    968.91       79.50
    969.26       44.75
    966.39       74.25
    967.56       62.75
    965.29       58.00
    969.32       57.50
    963.96       59.00
   1026.31       40.00
    976.49       56.00
    985.20       40.50
    992.45       48.00
    997.71       52.75
    998.45       41.75
    988.69       54.50
    996.48       68.25
   1007.79       29.00
    962.58       51.25
    944.34       72.00
    986.61       48.75
    991.04       56.75
   1011.37       42.50
    977.07       76.00
    967.56       44.00
    984.36       64.75
    957.56       79.25
    979.50       44.75
   1005.49       34.50
   1004.10       49.25
    935.60       61.50
    983.91       49.50
    981.69       66.75
    979.89       67.25
   1010.88       28.75
    994.25       71.50
    992.69       76.25
    939.55       57.75
   1004.42       69.25
    998.70       37.75
    995.70       77.25
    953.65       56.25
    998.76       86.00
   1009.34       60.50
    987.67       60.50
    950.31       73.00
    964.96       41.00
    944.98       48.75
   1025.69       67.50
    943.64       60.75
   1013.81       34.00
    987.97       63.25
    989.48       55.75
   1008.87       29.50
    946.97       55.75
    943.31       62.75
    967.60       46.25
   1003.77       28.50
   1010.94       68.00
    975.32       57.75
   1000.32       53.75
    971.81       52.75
    984.55       48.25
    992.51       58.00
    988.34       78.00
   1009.42       68.75
    971.64       45.75
    996.21       48.25
    990.47       69.50
    980.52       72.25
   1007.99       82.50
   1014.55       36.75
    971.59       54.50
   1004.73       79.25
    959.54       47.25
    966.52       55.25
   1002.16       54.25
    961.22       42.50
    975.21       71.50
    999.93       79.25
    968.41       52.75
    977.86       43.00
   1009.72       47.50
    965.86       57.00
    951.99       62.25
    975.98       43.00
   1009.26       59.00
    957.43       54.00
   1007.33       31.25
    965.30       60.50
   1004.93       38.00
    988.51       64.50
    955.32       49.50
    962.84       62.25
   1002.00       36.25
    996.79       51.25
    959.86       44.50
    962.55       52.25
   1001.10       71.50
    987.90       41.00
    977.64       70.75
    957.23       71.75
    947.13       49.25
    984.34       59.25
   1014.57       35.75
    967.89       76.75
   1009.59       37.75
    971.57       50.00
   1002.53       49.00
    988.18       84.25
    980.35       64.00
    954.84       57.75
    979.62       42.25
   1014.80       53.25
   1002.91       60.75
    968.61       67.25
    988.57       69.75
    984.60       79.75
    961.86       60.00
    972.04       62.50
   1007.99       32.75
    986.80       39.50
   1011.35       44.50
    981.59       46.25
    972.91       76.50
    996.62       40.75
   1011.59       34.00
    993.69       47.25
   1002.09       29.00
    970.99       57.25
    999.91       63.75
    983.02       29.00
    984.82       71.75
   1007.66       71.25
   1003.46       43.75
   1003.62       42.00
    990.58       57.00
   1009.92       27.75
    972.43       65.00
    973.21       37.50
   1017.70       41.75
    973.70       50.50
    935.09       55.25
    958.14       81.75
   1001.13       45.25
    954.86       59.50
   1012.51       30.75
    963.00       50.25
    988.32       60.00
    984.10       39.50
    995.03       82.75
    941.86       64.00
   1005.67       36.75
    970.50       39.00
    973.52       58.25
    953.31       42.00
    997.66       51.50
    985.16       55.75
    999.41       69.25
    978.58       61.50
    968.62       49.75
   1011.59       31.25
   1008.87       30.75
   1004.68       63.25
    975.40       79.25
    978.07       70.25
    983.60       34.50
    989.30       72.00
    965.74       51.25
    975.51       59.75
   1001.83       54.75
   1002.26       45.00
    969.94       45.50
    982.01       68.25
   1005.84       28.75
    977.20       49.50
    989.28       66.00
   1000.82       68.00
    980.12       59.75
   1004.37       79.75
    961.77       39.50
    954.78       53.50
   1012.90       63.75
    984.74       78.25
    979.77       47.00
    999.22       40.00
    997.61       49.75
    962.97       67.25
   1007.77       73.25
    952.67       60.75
    996.40       44.25
    999.23       65.00
    968.85       49.25
    954.77       51.25
    984.67       80.00
   1005.99       30.25
    986.33       64.75
   1008.96       33.50
    981.97       59.75
   1003.45       40.25
    988.41       77.25
    952.21       58.00
    962.25       51.50
    981.13       43.50
   1004.70       73.50
   1006.49       45.50
    995.99       40.75
    966.19       40.25
    979.67       63.25
    991.44       74.00
    983.69       78.50
   1007.81       52.75
    997.85       49.75
    969.62       43.25
    958.28       55.75
   1003.03       29.00
    977.99       77.50
    956.84       54.50
    965.32       57.25
    999.78       70.50
    985.10       33.50
    975.18       56.00
    997.99       81.00
    939.96       56.50
    966.55       55.75
    966.78       59.25
    987.44       52.25
   1009.35       36.00
    968.00       77.25
    980.20       78.00
   1005.64       29.00
    974.08       65.00
    990.20       68.25
    988.49       51.75
    956.18       54.75
   1004.83       66.75
    993.23       61.75
    993.26       50.25
    969.60       84.25
    953.48       80.00
   1017.61       38.75
    999.60       41.50
    981.28       73.25
    971.78       62.25
    981.91       61.00
    970.59       66.00
    969.60       63.00
    970.71       75.75
    977.45       81.75
    947.79       52.75
    961.33       54.50
    997.05       54.25
    948.57       61.50
    941.51       61.75
    988.08       63.25
    995.59       59.25
    987.46       38.00
    976.16       54.00
    965.28       54.50
    987.74       66.50
   1008.31       29.00
   1001.04       37.50
    975.85       84.25
    955.48       62.00
    972.70       65.00
    990.92       40.50
   1011.02       41.75
    953.91       57.00
    994.28       60.50
    980.24       37.00
   1009.86       56.00
    970.95       58.50
    972.85       74.00
    982.29       76.00
    981.21       44.75
    972.08       75.00
    958.08       48.00
    997.22       35.00
    992.77       65.25
    958.72       76.75
    990.82       65.75
    954.63       47.00
    992.75       60.25
    945.96       73.75
   1009.74       41.75
    983.60       80.50
   1010.92       27.25
    964.65       61.25
    952.01       51.75
   1008.77       48.50
    994.99       34.25
    947.80       63.75
    958.42       53.75
   1011.51       34.50
    989.46       52.25
    980.04       57.75
   1014.01       22.75
    972.79       65.75
    956.64       41.75
    982.99       63.50
    995.90       77.50
    971.22       61.00
    985.63       63.00
   1006.12       43.75
    985.37       59.00
   1011.32       31.00
    981.69       38.75
    991.92       57.25
    970.07       58.50
    988.74       63.00
    982.78       78.75
    989.52       49.50
    990.44       77.25
   1012.84       29.00
    975.66       49.00
    968.29       54.25
    936.39       47.75
    998.92       46.75
   1003.94       44.25
    953.07       71.75
    995.89       78.50
    994.40       67.50
    990.04       62.25
    956.54       46.50
    992.92       63.75
    970.73       55.50
    979.81       44.50
   1009.80       39.25
    963.92       48.25
    962.45       76.00
   1011.31       26.00
    942.27       60.00
    981.75       55.00
   1008.10       34.25
   1016.68       27.75
    963.32       77.25
    998.82       36.50
   1008.83       72.75
    999.93       31.00
   1007.93       57.75
    948.56       55.25
    950.13       57.75
   1005.38       57.75
    984.09       65.25
    953.12       62.25
    977.34       76.75
    986.86       40.00
   1006.57       28.25
    974.01       46.75
    989.97       53.50
    967.84       52.25
   1004.62       55.25
    954.70       48.50
    962.53       57.25
   1005.98       51.75
    973.45       41.00
    965.47       41.75
    993.16       54.00
    984.02       65.50
    972.11       76.00
    987.75       73.00
    955.42       52.50
    975.03       73.00
    961.42       76.25
    965.58       60.50
   1009.08       29.50
    970.02       49.75
    978.42       62.75
    977.06       64.50
    958.16       44.75
    955.70       63.75
    987.39       69.00
    968.74       51.50
    973.08       44.00
    995.78       63.00
    969.86       58.00
    999.15       32.75
    983.80       75.25
    977.58       73.00
   1010.16       29.00
    951.76       62.75
    971.33       73.00
    998.33       69.00
    974.17       82.25
    976.55       49.75
   1000.16       48.00
   1002.84       35.25
    999.25       44.75
    971.72       50.00
   1019.16       39.75
    952.95       70.50
    993.38       74.75
   1005.93       26.75
    957.41       65.75
    991.08       47.25
    998.12       32.25
    971.68       69.00
    987.99       61.25
    997.26       60.00
    970.72       53.00
    988.57       39.50
    960.19       62.50
   1003.61       51.50
   1005.92       28.75
    972.88       42.25
    989.74       78.75
   1008.30       37.75
    967.95       64.00
   1005.51       29.25
    973.03       51.75
    987.92       71.75
    984.57       44.00
    997.99       44.00
    997.01       37.75
    995.67       70.50
    997.59       79.75
    991.00       42.50
    952.93       73.50
    964.86       57.50
    999.38       54.00
    990.47       79.75
    998.62       35.75
    984.35       58.00
    982.88       52.25
    994.25       66.00
    955.58       39.75
    980.14       61.25
   1007.69       32.75
    956.02       63.50
   1001.57       33.50
    983.41       39.25
    955.16       66.00
    953.11       57.75
    983.88       57.50
    991.72       77.75
   1007.76       58.75
    927.95       55.50
   1004.26       26.25
   1009.67       79.00
   1002.93       33.00
    986.63       40.00
   1007.60       28.00
   1003.84       65.00
    990.17       62.75
    990.79       62.75
    990.66       69.25
   1000.51       39.00
    984.02       58.75
    965.82       53.50
    948.09       65.50
    951.56       72.75
    964.85       68.25
    980.33       63.25
   1013.91       51.25
    990.33       76.50
    990.64       46.25
    977.24       59.75
    989.91       41.50
    977.70       51.00
   1009.28       32.00
    993.18       43.25
    980.99       63.50
    975.50       48.50
   1000.46       52.75
    979.79       72.50
    991.25       48.00
    994.86       35.75
   1015.57       35.25
    980.10       71.00
    984.45       59.75
    980.29       58.25
    995.37       58.75
    976.73       67.50
    959.98       59.75
    942.60       62.50
    963.09       50.25
    992.50       35.50
    955.35       61.25
    984.29       39.00
    989.78       40.00
   1010.45       26.25
    960.65       56.00
    952.25       62.00
    988.06       50.50
   1001.25       46.25
   1019.17       50.50
   1011.13       48.50
    989.99       71.75
    965.78       75.00
    993.77       56.00
    988.93       68.00
    973.04       64.50
    973.20       55.75
    974.14       82.50
    985.24       68.25
    954.17       77.25
    948.17       50.75
    976.33       60.00
    979.61       55.50
   1000.63       57.25
    995.74       42.25
    980.40       46.25
    956.34       78.00
    995.93       54.25
   1004.60       51.25
    990.68       58.00
    975.70       71.50
    975.26       61.25
   1009.96       30.25
    957.24       72.25
    957.10       61.00
    962.95       82.50
    992.94       47.00
    949.97       59.75
    992.52       60.00
   1018.27       27.75
    971.13       50.25
   1013.83       43.00
    977.28       64.00
    958.33       58.50
    937.08       68.00
    967.18       59.50
    992.41       31.50
    959.69       45.25
   1005.81       42.25
    994.71       79.50
   1008.05       56.75
    991.37       39.50
    997.03       47.75
    966.92       62.00
    980.43       64.75
    991.56       63.25
    971.44       57.25
    987.34       33.00
   1002.90       37.00
    959.84       60.25
    983.59       76.25
    914.91       61.50
    987.45       61.50
    965.50       51.00
    991.26       36.75
    997.07       68.50
    950.66       69.75
   1008.11       34.25
    953.26       63.75
    951.52       63.25
    960.15       58.25
    979.77       59.25
    990.76       41.00
   1012.51       27.25
    964.62       51.25
    977.61       77.50
    980.26       78.00
    974.53       46.00
   1000.03       55.00
    993.60       40.00
    963.51       65.00
    966.60       57.75
    958.91       49.00
   1023.93       37.50
    956.31       59.75
    974.96       65.00
   1020.91       30.00
   1007.72       62.00
    977.09       40.00
    980.82       60.50
    944.23       77.00
    968.85       63.75
    956.50       60.25
   1013.85       28.75
    968.40       58.00
    969.54       51.00
    972.82       55.25
    964.48       44.00
    977.09       85.50
   1012.19       28.75
   1000.88       59.25
   1004.34       33.25
    984.97       59.25
    991.06       35.75
    984.39       57.50
   1023.37       34.00
    960.26       64.25
   1003.30       37.75
    988.87       57.50
    975.43       51.25
    991.43       70.75
   1005.65       35.75
    964.20       42.25
    963.66       56.00
    966.06       52.00
    949.29       76.25
    983.92       63.50
    971.39       55.00
    964.03       49.25
    965.70       69.00
    967.26       37.00
    966.94       58.50
    975.20       43.75
    975.50       61.25
    946.68       48.25
    995.88       71.25
    997.03       74.25
    967.57       55.00
    978.19       75.25
   1004.02       40.25
    981.74       63.25
   1008.18       34.50
   1004.22       28.75
    957.25       62.00
   1014.01       26.00
    982.31       77.50
   1006.54       33.50
    989.07       66.00
    988.16       56.75
    966.91       44.25
    987.41       76.00
    972.54       48.50
    981.46       45.75
    960.59       44.00
    983.12       65.00
    987.83       67.75
    973.45       78.50
    990.63       53.50
    972.69       43.50
    986.41       37.50
    970.93       44.50
    976.72       42.25
    995.05       66.50
    967.24       71.25
   1010.94       35.75
   1005.67       41.50
    959.90       69.50
    975.62       64.25
    956.51       43.00
    971.39       70.00
    993.99       59.50
    982.30       60.00
    965.41       55.75
   1006.52       31.50
    975.32       56.25
    991.46       70.50
    984.36       39.50
    992.81       81.00
    965.71       50.75
    990.18       42.25
   1025.65       57.25
   1019.67       67.25
    951.61       74.50
   1015.68       36.25
    982.20       78.00
    970.37       61.50
    974.08       67.75
    966.16       67.50
    979.92       38.00
    985.57       52.25
    975.24       78.25
    963.58       46.75
    979.27       39.25
    993.65       73.25
    977.38       40.75
    993.47       76.00
    966.46       50.25
    963.79       73.25
   1002.53       53.50
   1014.75       33.75
   1002.08       35.25
    995.88       58.75
    997.95       48.25
    960.30       55.25
    969.46       55.75
    994.77       78.50
   1014.82       42.75
    970.98       64.00
    972.48       51.75
    994.97       76.75
    995.85       50.25
    952.18       50.00
    986.25       57.00
    995.80       81.25
    980.05       68.25
    974.66       71.25
   1012.63       51.25
    957.76       45.50
    970.07       49.00
    978.37       59.50
   1006.42       46.25
   1004.54       59.25
    956.52       60.00
    994.87       37.75
    983.19       60.00
    965.25       55.25
    974.87       78.50
    973.42       49.50
   1005.86       32.25
    952.64       59.50
    995.65       48.75
    984.81       37.00
    970.18       49.25
    998.01       56.00
    993.02       53.50
    987.17       52.50
    999.60       62.00
   1005.09       73.25
    981.74       54.50
    985.59       56.75
    998.21       79.75
    973.77       66.50
    976.53       58.25
    965.51       49.50
    968.19       57.25
    934.82       70.00
    955.46       62.00
   1017.02       30.50
    995.06       71.00
    970.47       57.50
    987.19       52.25
    984.97       69.50
    962.62       54.50
    952.92       47.75
    954.24       46.50
   1006.12       39.75
    998.99       78.00
    984.61       50.50
    995.12       66.25
    974.02       51.25
    996.78       57.50
    974.36       75.50
    985.88       42.00
    943.69       58.75
   1015.04       29.25
   1001.09       63.50
   1008.80       42.25
   1008.72       35.50
    972.96       50.75
    991.36       78.50
    961.85       55.25
    959.04       45.75
   1007.15       36.50
    977.92       50.25
    956.08       59.50
    978.01       74.75
   1012.28       28.50
    985.96       62.25
    999.02       65.50
    987.19       52.25
   1006.46       43.50
    970.07       51.75
   1004.73       78.00
    960.32       56.50
    987.55       44.50
   1002.24       62.25
    955.02       55.00
   1002.68       53.75
    988.51       69.75
    987.99       60.25
    969.61       43.00
   1004.41       43.75
    975.74       46.00
    997.67       54.25
   1007.25       76.50
    972.80       49.50
    977.81       52.00
    986.22       45.00
   1012.95       29.50
   1008.53       72.50
   1002.27       52.25
   1000.83       59.75
   1008.43       25.00
    996.14       41.25
   1001.44       79.75
   1004.65       78.75
    995.08       42.00
    950.81       47.50
    998.91       48.50
    994.17       60.25
   1013.17       42.75
    963.80       59.50
    991.00       50.75
   1007.19       74.50
    963.76       58.00
   1010.13       26.50
    985.01       60.75
    993.00       42.50
    994.25       50.50
   1012.73       68.00
    980.35       55.50
    995.58       27.50
    955.46       63.00
    999.65       66.75
    980.08       76.75
    992.84       64.00
    983.99       48.50
    946.21       62.00
   1003.25       56.00
    994.45       41.50
   1013.70       30.00
   1005.30       45.75
    974.61       58.25
   1013.02       26.75
    970.12       77.50
   1005.96       69.00
    963.78       45.50
    942.44       72.25
    996.19       50.75
    976.39       47.75
    960.91       68.25
    963.25       59.75
   1013.45       33.75
    992.36       54.50
    959.58       60.75
   1012.42       78.00
    961.52       63.25
    995.31       70.75
    987.73       69.25
    965.08       44.00
    969.69       46.00
   1007.54       43.25
   1003.97       58.50
    952.39       61.50
   1002.14       33.75
    965.37       42.50
   1012.56       29.00
   1009.14       68.25
    972.17       78.75
    987.15       35.25
    993.10       36.50
   1016.71       45.00
    953.33       68.00
    990.45       66.00
    986.33       46.75
    952.00       45.75
    952.87       51.00
    989.86       75.75
    951.04       62.00
    979.04       56.00
    990.25       47.75
    973.23       79.00
    993.72       76.75
    969.33       54.00
   1010.74       31.25
    961.08       56.25
   1000.83       72.50
    975.70       60.25
    990.60       37.00
    961.32       49.25
   1005.76       62.50
   1006.28       39.50
   1007.45       45.75
    966.60       47.75
    992.11       40.00
    988.49       55.00
    972.69       59.25
    995.42       56.50
   1004.20       34.75
    986.13       47.00
   1000.82       67.50
    946.85       62.75
    949.13       42.50
   1004.09       51.75
    998.14       37.00
    956.06       79.50
    959.42       55.25
    975.54       83.75
   1002.54       28.25
   1012.66       29.75
   1001.15       39.00
   1000.28       30.25
    974.32       48.25
    996.94       70.00
    974.65       48.00
    997.55       48.25
    985.79       54.25
    982.21       66.50
    988.15       38.50
   1016.10       43.00
    997.96       54.25
    997.83       61.50
    987.93       51.25
    963.69       54.25
    981.10       74.75
    998.68       49.00
    963.82       51.50
    985.86       47.50
    991.85       56.00
    991.68       76.25
    961.72       53.25
   1016.07       55.25
    994.46       26.75
   1000.13       80.75
    980.68       72.25
    975.29       52.50
    988.90       67.25
   1010.90       40.25
   1006.77       51.50
    965.44       59.00
    994.84       79.00
   1001.29       32.25
    987.72       52.00
    994.50       65.25
   1003.27       77.25
    975.50       43.00
    989.14       80.50
    994.85       45.25
    987.23       59.25
    986.62       59.75
    954.75       61.50
    963.89       59.00
   1005.25       36.00
    967.05       60.50
    994.28       56.75
    960.71       70.75
    943.66       62.75
    988.61       45.75
    965.78       61.50
   1010.69       40.25
   1013.28       28.25
    992.97       48.00
    989.10       52.75
    955.68       54.00
    961.16       44.75
    997.31       57.50
   1002.96       70.25
   1009.99       30.25
    949.10       50.00
    954.58       61.00
    982.96       84.00
    990.83       62.00
   1002.93       49.00
    989.36       46.75
   1005.08       26.50
    988.22       75.00
    960.00       56.50
   1030.44       55.50
    968.62       49.00
    940.77       61.00
    987.57       43.50
    992.32       52.00
    958.21       50.00
    995.00       83.50
    982.04       58.75
    964.15       46.00
    985.37       66.25
    996.40       58.00
   1005.49       35.50
    993.01       40.25
    971.66       63.25
   1012.68       27.75
   1016.92       40.00
    979.17       53.00
    946.63       54.50
    974.92       68.75
   1003.13       42.25
    987.65       40.00
    979.38       75.50
    960.98       61.75
    977.48       62.75
    956.04       51.00
   1011.98       40.75
    993.14       60.00
    971.86       37.50
    948.48       54.00
    954.99       75.50
    981.54       48.25
    992.45       64.25
   1015.98       58.75
   1012.52       25.75
    995.92       37.50
   1003.60       73.00
    996.75       82.00
    984.86       65.25
   1004.01       49.00
    999.44       31.25
    939.04       53.75
    964.23       58.75
    958.72       74.50
    969.70       71.75
    973.58       46.75
   1003.17       73.50
    974.04       42.25
    981.08       40.25
    970.85       74.25
    966.98       64.25
    944.82       42.75
    991.08       69.25
    977.57       60.50
    995.73       41.50
    962.44       47.00
    985.05       60.50
   1011.64       28.25
    972.93       70.50
    987.96       39.25
    996.07       81.50
    958.47       44.00
    952.21       72.25
    972.82       61.75
    969.40       49.50
    956.20       54.75
    975.59       59.50
   1006.30       33.25
    994.70       63.50
    987.86       80.75
    973.90       51.25
   1010.47       43.50
    991.68       74.75
   1000.34       69.25
   1014.84       31.00
    998.04       54.50
    991.51       63.00
    965.33       46.00
   1005.45       27.00
    942.37       66.50
    980.84       69.25
   1002.20       71.00
    995.41       66.50
    975.66       52.25
    989.47       36.50
    993.68       31.50
    982.62       50.00
    955.09       50.25
    955.81       78.25
    990.73       78.25
   1010.53       67.50
    979.81       41.75
    942.09       55.00
    989.88       59.00
    961.68       50.50
    949.83       58.25
    991.53       42.50
    934.47       52.00
    959.89       49.75
   1010.00       28.50
   1004.29       41.25
    995.33       56.50
    957.25       58.75
    991.99       69.00
    956.46       41.00
    994.71       59.50
    986.35       57.25
    959.41       58.50
    970.04       49.50
    986.56       39.25
   1011.89       26.25
    964.59       73.50
   1018.19       42.25
    956.77       60.00
    995.49       46.00
    988.61       38.75
    989.23       46.25
   1002.23       74.50
    996.57       42.75
   1003.16       79.50
    974.62       52.00
    993.09       49.25
    999.57       37.00
    977.85       38.75
    982.45       61.00
    971.76       45.25
    987.85       54.50
    957.46       79.75
    957.43       55.75
    997.95       33.50
    976.03       48.00
    956.31       73.00
   1008.77       46.75
    997.70       57.50
    957.12       50.50
   1003.07       42.25
    977.37       38.50
    989.74       65.00
    961.48       47.00
    995.82       58.00
    944.25       69.75
    952.01       42.00
   1001.90       62.75
    999.38       34.75
   1005.28       37.50
    993.87       42.00
    955.04       60.00
    943.82       54.25
    991.40       67.50
    987.17       51.25
    960.05       48.00
    979.99       54.00
    979.40       50.75
    994.84       46.25
    986.67       77.00
   1008.16       45.00
    998.35       29.25
    977.29       75.50
    975.73       78.50
    993.50       29.75
    988.87       40.75
    964.98       58.25
    972.01       51.25
   1005.98       53.00
    986.80       62.50
    962.84       59.25
   1009.55       42.00
    993.91       80.50
    993.98       64.50
    981.13       48.00
    958.22       58.00
    999.68       51.50
    959.63       60.50
    969.15       44.50
   1003.84       39.25
    983.35       70.50
    982.06       34.75
   1003.32       30.75
   1003.30       37.00
   1009.76       63.50
    985.43       42.25
    969.00       70.50
    960.64       58.25
   1013.60       76.00
   1012.63       60.25
   1006.17       28.25
    987.84       59.25
    987.46       61.25
    983.89       41.00
   1014.94       41.25
   1020.13       46.25
    970.12       57.25
    985.97       57.00
    975.93       42.75
   1003.90       60.50
    987.45       49.25
    969.79       40.75
    998.82       33.25
    989.95       61.50
    972.51       38.75
    972.10       54.75
   1003.62       35.50
   1006.98       37.00
    969.76       43.00
    995.15       30.75
    953.02       66.00
    976.29       60.00
    958.14       44.75
   1009.24       35.75
    977.52       56.00
   1011.37       65.50
    969.43       61.00
    956.15       50.75
    995.25       58.75
   1000.94       39.00
    970.26       50.25
    965.22       80.75
   1009.92       29.75
   1003.40       72.50
    974.94       66.75
    955.94       42.00
   1012.70       59.25
    960.76       72.25
    974.69       62.25
   1000.83       37.25
   1008.66       29.00
    974.75       59.00
   1004.30       48.75
    995.38       69.50
    949.46       53.00
    992.36       66.50
    948.25       46.75
    992.64       36.25
    996.48       46.25
   1008.87       77.25
    961.47       49.50
    979.32       53.25
   1007.78       72.00
   1009.76       34.25
   1004.55       56.00
    956.36       49.00
    975.20       46.50
    985.70       42.50
    951.07       45.25
   1004.50       44.00
    989.23       46.75
    973.79       65.25
   1003.62       62.25
    969.31       52.25
    942.88       43.25
   1010.09       38.25
    985.37       58.75
   1011.40       62.00
    992.15       58.75
    953.08       44.25
    996.03       43.00
   1000.45       38.50
    987.79       74.25
    975.85       55.75
    984.13       71.75
    958.85       53.00
    952.58       46.25
    977.20       64.00
    975.26       59.25
    995.43       69.00
    985.82       72.50
    954.06       46.00
   1001.81       62.00
    970.53       53.75
    968.45       46.25
    979.50       43.25
    982.15       69.75
    982.13       41.25
    999.38       67.50
    961.52       55.50
    978.80       42.00
    983.32       59.00
    979.78       53.25
    973.06       43.75
    956.05       73.50
    991.00       42.25
    996.42       45.75
    992.49       73.50
    966.39       59.75
    994.46       46.25
    944.00       48.00
    984.86       79.25
   1004.31       75.50
    977.42       45.25
   1005.78       49.75
    959.44       58.50
    980.43       72.25
    957.05       51.50
    946.63       55.75
    996.85       50.50
    956.53       53.50
   1010.22       34.75
    996.13       62.00
    997.13       41.00
    959.51       47.00
    990.20       80.75
    988.14       76.75
    956.62       38.50
   1000.83       28.75
   1009.41       35.00
    997.02       35.25
    979.42       67.50
   1002.10       67.75
   1010.69       53.00
    951.60       57.25
    975.16       60.50
   1003.55       28.50
    983.06       77.00
   1015.21       46.50
    990.43       45.00
    996.56       71.75
    998.93       33.50
   1015.06       62.25
    961.49       44.50
   1004.96       35.25
    967.93       65.75
    966.74       49.00
    989.96       35.25
    957.48       63.25
    977.77       54.00
   1016.59       48.50
    980.77       80.25
    981.13       44.00
    977.23       45.50
    954.96       61.50
    977.53       78.25
    980.38       38.75
    990.61       46.50
   1011.43       72.50
    954.47       50.25
    986.26       51.00
    969.06       78.25
    997.00       65.25
    977.13       62.00
    982.95       41.50
    993.39       37.50
    999.49       35.25
   1003.96       77.50
    971.41       59.00
    980.80       49.25
   1002.75       44.00
    984.67       66.00
    992.54       74.00
    983.88       36.25
    961.19       52.25
    993.92       45.50
    993.85       45.00
    982.05       58.25
    974.47       74.25
   1000.37       36.25
    965.89       42.75
    956.11       43.50
    971.56       55.25
    958.39       60.50
    990.96       63.25
    994.44       36.25
    972.29       64.50
    982.19       77.00
    999.98       41.25
   1000.50       36.25
    949.92       58.50
    956.41       42.50
    958.95       65.50
   1009.90       23.75
    973.53       49.00
   1001.58       35.50
   1006.54       27.25
    988.09       52.50
    981.20       36.75
    950.82       49.75
    981.60       80.25
    975.06       73.75
    970.09       52.75
    971.91       49.00
    988.19       49.00
    966.10       58.00
    975.73       46.75
   1002.01       64.75
   1004.83       31.25
    989.97       73.25
    978.15       55.25
    963.16       50.75
   1026.18       42.50
    998.72       35.75
    957.55       45.25
   1002.42       69.75
   1000.11       31.50
    982.71       58.25
   1005.36       48.75
    997.38       29.25
    988.82       68.50
    948.02       66.00
    967.71       70.50
    966.58       59.50
    992.15       34.75
    962.71       71.50
    965.73       62.00
   1007.88       33.25
   1010.00       29.00
    997.05       55.50
   1007.94       56.00
    994.25       56.50
    973.14       39.25
    958.69       55.00
    976.47       71.25
    978.01       45.50
    948.60       84.75
    995.93       38.25
    983.94       52.25
    960.80       59.75
   1010.19       39.75
    987.57       56.50
    997.85       44.00
    986.69       73.75
    971.18       71.75
    958.05       43.25
    975.14       67.00
    974.16       59.25
    966.94       56.00
   1011.01       44.25
   1004.79       69.25
   1002.32       50.25
    946.24       54.50
    991.55       71.75
   1001.41       38.00
    959.09       61.25
    998.11       48.25
    994.05       51.25
    980.15       41.25
    991.32       73.25
    980.46       69.75
    972.01       63.25
    978.63       54.00
    985.61       41.00
   1007.22       63.75
    980.10       67.00
   1011.20       28.75
    984.03       45.50
    993.90       74.25
    996.10       39.50
    956.97       54.50
    985.60       73.00
    981.72       53.00
   1003.02       50.75
    958.57       51.50
    994.03       38.75
    984.15       47.50
    976.81       68.00
    973.79       58.75
    988.60       49.50
    999.49       62.75
   1009.64       26.00
    980.48       62.50
    997.40       57.00
   1005.37       36.25
   1000.70       49.50
    975.45       63.50
    995.13       44.25
    980.03       54.25
   1001.37       49.00
    968.29       38.75
    988.45       40.25
   1022.45       74.75
    991.31       61.25
    969.21       63.50
    951.80       55.75
    993.81       60.75
   1003.09       69.25
    965.28       54.50
    999.63       42.50
    991.32       61.50
    985.13       76.75
    977.28       49.75
    952.76       62.50
    991.56       51.75
    953.99       41.75
    993.82       41.75
    986.45       51.50
    990.75       65.00
    965.11       41.75
    982.15       76.50
   1014.21       26.50
    984.29       48.75
    991.44       63.75
    987.31       44.00
   1003.91       64.50
    976.96       48.00
    999.61       72.75
    981.26       54.75
    997.34       59.00
   1004.01       70.25
   1003.47       51.00
   1005.95       60.50
    985.77       79.50
   1010.51       33.75
    984.89       77.75
    999.90       43.75
    952.43       53.25
    962.01       59.75
    950.00       50.25
    991.95       74.50
    991.68       53.75
    980.88       59.50
   1009.37       79.00
   1009.80       30.25
    985.86       65.25
    962.60       50.00
   1011.89       49.00
   1002.69       37.25
    986.92       45.75
    964.76       51.25
   1003.58       60.75
    999.51       74.75
   1009.78       30.25
   1006.46       75.75
    988.00       60.75
    983.76       70.50
    979.59       44.75
    992.48       61.50
    961.43       45.00
   1011.75       30.00
    959.85       72.25
    964.15       58.00
    962.79       47.75
    972.12       44.50
    997.90       36.00
   1005.40       53.00
    971.42       66.75
    981.86       63.50
    965.24       53.75
    975.95       63.00
    963.98       52.50
    967.51       49.50
    951.70       58.75
    989.45       66.00
    960.85       49.50
   1010.79       27.75
    967.61       69.25
    984.65       52.00
    980.41       50.25
   1001.63       27.00
    987.29       58.50
    954.40       56.00
    986.97       65.25
    947.14       44.25
    966.83       73.50
    956.50       74.75
   1010.21       47.50
    989.74       38.75
   1003.39       53.25
    984.26       51.25
   1003.97       30.50
    978.54       75.25
   1006.59       26.50
    981.95       63.75
    986.40       36.50
    964.78       57.75
    970.27       60.50
    976.34       40.00
    957.32       72.50
   1002.43       66.50
    987.05       77.50
    962.86       68.25
    970.61       43.50
    966.44       57.50
   1015.72       57.75
    961.43       49.00
    951.88       51.75
    981.73       54.75
    994.61       47.25
    989.04       78.50
    962.75       51.25
    996.11       58.75
   1010.18       30.00
    970.09       63.00
   1002.50       27.00
    965.86       71.50
    971.11       62.00
    960.52       45.00
    978.44       73.50
   1021.74       35.75
    984.93       50.25
    999.09       38.00
    943.62       60.25
    956.05       41.25
    963.99       45.00
    962.43       62.25
    999.80       80.00
   1008.64       49.50
    990.11       54.50
   1007.27       44.00
    946.42       67.00
    977.52       73.00
   1003.48       27.75
    983.05       61.50
    939.51       65.75
    973.76       59.75
   1020.26       33.25
   1011.98       33.50
    974.43       55.25
    959.45       40.25
    971.17       64.00
    968.49       41.75
    991.52       68.50
    989.39       78.25
    998.33       52.00
    970.19       60.25
    987.81       46.50
    994.49       49.25
    999.51       62.00
   1009.52       74.00
    992.83       82.50
    965.48       60.50
    971.11       52.25
    968.45       45.00
    995.56       64.50
    981.14       63.25
    979.89       58.75
    981.35       56.00
    993.07       46.50
    991.98       42.75
    992.99       62.50
    977.07       51.00
    996.11       78.25
    986.87       56.25
    963.29       43.00
    943.34       57.50
    941.01       66.25
    948.85       47.50
    948.94       66.75
    991.75       43.50
   1005.84       39.00
    998.76       53.50
    988.86       56.50
    975.00       46.50
    958.74       50.50
    945.62       68.00
    986.83       68.50
    975.51       50.75
   1018.75       67.00
    964.89       51.00
    999.43       66.25
    994.51       54.00
   1011.23       39.50
    966.56       53.50
    946.10       55.50
    979.52       77.75
    995.84       35.75
   1010.64       30.75
    985.15       67.00
    999.88       68.50
    982.96       73.00
    970.48       55.50
    962.41       51.75
    953.81       49.00
   1002.95       61.50
    947.53       76.50
    973.51       62.25
   1016.48       49.00
    988.72       54.00
    957.33       41.00
    990.25       37.25
    963.91       67.75
    982.71       51.25
    979.66       37.25
   1001.03       35.25
    976.63       79.00
    979.13       48.25
    982.41       60.75
    992.87       66.75
    981.86       44.75
    961.49       54.00
    978.75       59.75
    942.03       53.75
    977.43       59.25
    984.20       56.50
    957.05       69.50
    993.58       39.25
    996.53       52.50
    966.35       56.00
    959.14       49.50
    995.58       78.25
    977.51       56.25
    952.97       63.50
    985.92       46.75
    996.65       41.50
    986.63       59.50
    995.00       74.75
    985.91       63.50
    951.06       46.75
   1006.15       53.75
    975.58       51.25
    999.55       65.75
    996.82       76.00
    970.59       70.00
   1000.53       52.00
    968.38       52.25
    982.28       58.75
    996.16       47.25
   1017.32       40.75
    970.52       56.00
    992.08       63.25
    975.46       60.75
   1000.91       39.00
    980.61       43.00
    999.36       55.25
    958.80       54.00
    994.88       57.75
   1008.10       77.50
    995.90       83.50
    957.06       43.25
    977.93       78.25
    998.38       68.00
    983.66       38.50
    934.08       62.25
    946.06       56.25
   1010.22       41.50
   1004.11       67.00
   1003.77       36.25
    988.54       43.00
    964.22       52.00
   1010.02       37.75
    936.03       60.25
    978.46       78.25
    988.15       33.75
    985.41       83.25
    958.87       55.00
    959.81       51.75
    981.35       54.25
    987.93       52.25
   1009.97       34.25
   1005.18       29.75
    996.04       82.75
    990.90       74.25
    955.88       49.75
   1005.10       82.25
   1011.39       72.25
    960.70       41.00
   1005.23       39.50
   1000.63       62.00
    994.60       38.25
    969.21       44.75
    967.97       58.75
    955.78       43.50
   1000.37       34.25
   1002.91       67.75
    982.07       48.00
    996.23       29.25
    998.20       61.75
    979.40       52.75
    965.19       45.50
   1014.75       82.50
   1004.17       44.75
    974.92       50.75
    961.77       45.75
   1011.24       31.75
   1016.02       69.25
   1030.99       51.75
   1009.34       30.75
    974.56       59.50
    957.35       64.25
   1010.31       59.75
   1004.15       63.00
   1015.84       43.75
   1003.30       49.25
   1011.01       45.00
    985.69       80.00
    960.03       54.25
    984.19       48.75
    992.05       66.25
    992.48       41.25
    990.98       41.25
    966.34       50.50
    996.38       38.75
    960.24       48.25
   1015.19       59.75
    967.21       78.00
    979.85       37.75
    956.41       44.50
   1020.10       41.00
    987.74       37.50
    961.79       56.75
    989.46       67.75
    978.54       38.50
    974.92       66.75
   1000.97       35.75
    999.53       30.25
    957.28       43.00
   1013.64       43.25
    973.64       63.25
    961.40       52.25
    979.74       65.50
    959.15       48.00
    985.24       59.75
    980.74       60.00
   1011.67       27.50
   1004.81       43.00
    984.21       57.00
    960.12       62.50
    991.40       81.25
   1001.00       39.25
    972.02       38.25
    983.79       33.25
    959.80       47.00
   1004.79       31.00
    968.88       67.00
    973.31       46.75
   1009.91       75.50
    996.55       39.50
    982.23       64.50
    990.76       36.00
    963.25       42.00
   1009.88       65.25
    958.45       40.25
    978.50       37.75
    992.93       76.25
    996.43       49.00
   1011.04       57.00
    967.92       46.50
   1010.14       28.25
    960.18       45.75
   1000.83       64.25
   1004.22       47.50
    965.04       60.75
    969.01       44.75
    959.40       71.75
    994.86       85.25
    984.46       64.25
    968.51       71.25
    973.00       42.50
    998.77       59.75
    975.58       55.00
   1000.99       43.25
    982.06       66.25
    998.89       28.25
    960.22       49.50
    972.17       71.25
    992.16       38.00
    958.40       68.50
    976.21       48.75
   1019.08       46.25
    979.04       68.00
    988.78       71.50
    970.38       48.25
   1011.88       26.75
    949.94       42.25
    933.45       51.25
    970.93       60.75
    978.84       47.25
    982.72       39.00
    957.55       43.00
   1005.03       29.75
   1007.81       38.75
    974.34       59.25
    993.84       52.00
    970.61       64.00
    983.75       54.75
    985.04       47.75
    984.79       44.75
   1003.29       36.00
    987.98       58.50
    980.61       44.25
    976.87       63.25
    994.84       64.00
   1001.41       52.75
    977.88       43.00
    951.94       71.00
   1001.88       70.25
    965.40       72.25
    991.99       64.50
   1002.66       35.75
    996.11       60.75
    985.50       58.75
    957.61       64.25
    995.48       61.75
   1022.12       42.75
   1007.37       54.25
    983.45       62.50
    960.54       47.25
    953.60       51.00
    992.80       58.75
   1019.27       37.25
    990.65       55.50
    983.23       56.75
    951.73       50.75
    967.59       54.00
   1004.45       41.25
    996.05       76.00
    987.85       63.50
    983.20       82.25
    973.87       76.50
    959.39       45.75
    996.80       64.25
    952.77       61.25
    984.59       76.50
    953.14       57.25
    984.51       76.50
   1006.17       34.50
    966.69       79.00
    985.89       62.25
   1009.80       47.25
    988.18       46.75
    988.02       66.25
    986.59       46.25
    995.39       55.00
    987.42       53.00
    972.48       63.00
   1002.03       34.75
    948.64       52.25
    985.60       54.25
    972.79       40.50
    962.10       50.50
    999.88       44.00
    968.67       56.75
    984.41       64.25
    986.97       74.00
    996.03       79.75
    965.73       69.75
    968.56       61.50
   1002.96       39.00
    989.42       54.00
   1005.88       44.75
    974.94       45.00
    976.01       59.25
   1005.54       50.25
    945.84       55.25
    988.08       78.75
    984.89       64.25
    974.60       59.25
    984.77       47.75
   1013.05       26.25
   1014.10       32.50
    995.88       39.75
    967.70       67.00
    959.89       42.50
    982.43       78.25
    947.11       56.25
    983.46       49.00
    995.57       61.00
    956.23       60.50
    982.93       58.50
    954.71       59.50
    987.66       61.75
    974.54       50.75
    990.36       79.75
    959.43       40.00
   1013.11       25.25
    987.27       59.75
    954.59       57.00
    984.49       51.00
   1005.41       35.25
    955.24       55.00
    994.47       59.00
    999.19       73.50
   1000.02       37.75
    955.11       55.25
    986.19       68.25
    959.96       51.50
    985.52       51.50
   1014.15       29.00
    990.61       46.00
    982.05       58.50
    988.17       73.00
    991.05       45.75
   1006.76       50.75
    955.90       41.25
    958.35       64.00
   1014.10       39.50
   1006.59       28.50
    971.31       57.75
    974.02       56.50
    945.03       52.50
    982.92       74.50
   1011.45       36.50
    990.02       67.25
    994.59       78.25
    963.99       63.25
    986.78       57.25
    952.84       50.75
    975.39       58.50
   1003.38       37.50
   1002.03       74.50
   1001.91       51.50
    990.15       76.75
    998.53       38.50
    962.27       59.75
    990.34       61.25
    974.21       46.25
    991.29       53.50
    922.21       62.50
    964.12       44.00
    981.68       46.75
    999.72       58.75
   1017.01       60.00
    988.94       83.00
    964.36       64.25
    970.20       60.00
    976.95       61.25
    976.93       42.75
    976.09       53.50
   1010.99       48.75
   1007.75       41.75
    983.41       50.00
   1006.68       60.00
    956.71       53.75
    997.22       82.75
    993.10       60.75
    972.78       57.50
    998.89       59.00
    998.29       78.75
    987.93       55.00
    985.63       55.25
    996.24       58.00
    996.37       47.50
    967.13       56.25
    981.75       83.25
    983.17       59.00
   1005.79       45.00
   1006.10       59.25
    977.65       54.00
   1001.05       62.25
    974.30       58.50
    962.07       62.25
    987.93       58.50
    980.56       83.00
    999.08       42.25
    998.55       74.00
   1004.99       66.25
    999.05       59.25
   1010.94       39.75
    958.21       77.25
    956.83       50.75
    990.42       54.25
   1005.01       38.75
    978.92       49.00
   1014.92       86.00
    975.83       49.50
    982.78       55.50
    976.37       53.75
   1013.93       34.50
    975.21       58.50
    983.64       65.25
    980.75       47.75
   1000.52       75.75
    994.53       35.75
   1001.15       30.00
    980.98       38.75
    949.29       61.50
    976.79       55.00
    954.40       50.75
    952.77       59.25
    998.33       37.50
    988.98       54.50
    978.21       63.00
   1012.15       32.00
    984.14       76.75
    981.76       52.50
    990.56       42.00
    995.82       74.75
    992.72       41.75
    993.90       44.00
   1000.24       68.50
    982.15       74.25
    972.16       43.25
    947.43       52.50
    999.79       73.25
    977.03       44.00
    991.23       55.50
    971.87       50.75
    980.28       73.25
    985.71       49.25
    986.18       75.25
   1010.39       35.25
    995.57       82.00
    999.51       38.75
    938.38       67.75
    949.58       66.50
    987.16       35.00
    962.50       44.25
   1003.79       43.25
    996.40       47.00
    977.60       50.25
    999.33       63.50
   1008.45       28.50
    983.23       44.00
    976.49       57.00
    985.95       79.25
    956.26       55.75
    977.68       54.25
    973.74       45.25
    993.69       78.25
   1006.02       65.00
    995.60       67.75
    967.55       53.75
    995.84       50.50
    986.83       75.50
    964.08       44.75
    972.99       56.75
    971.04       45.25
   1008.24       28.75
    957.34       43.25
    989.73       47.50
    953.83       61.25
    994.57       75.50
    983.67       56.75
   1002.80       58.50
    956.20       49.50
   1008.19       36.25
    984.02       43.25
    987.82       59.75
   1007.63       75.00
   1014.76       66.25
    990.17       39.50
    976.35       56.75
    980.69       64.50
    993.10       65.25
   1013.62       30.25
    985.15       68.00
    991.00       51.75
    957.96       60.75
    975.37       51.75
    959.77       47.50
   1012.65       27.00
   1006.18       43.50
    983.44       61.75
    996.16       78.25
    964.25       56.75
   1004.55       50.25
    977.09       63.00
    964.99       52.00
    996.52       52.00
   1003.55       62.25
    990.31       56.50
    973.79       40.50
   1002.83       40.25
    993.40       64.25
    971.72       58.25
    975.94       70.50
   1002.92       71.25
    973.32       61.50
   1005.69       64.75
    983.57       55.75
    999.72       43.50
    989.38       53.25
    969.74       76.25
    978.82       61.00
    995.69       41.75
    969.11       40.50
    971.05       75.50
   1011.42       43.50
   1006.27       36.25
    959.57       41.25
    961.26       60.75
    995.48       65.50
    990.33       61.25
    963.27       44.25
   1008.45       29.75
   1005.85       59.00
   1005.32       36.25
    998.17       49.75
    955.06       67.25
   1007.89       27.00
    975.40       74.25
    968.83       64.50
    973.52       69.00
    957.77       59.25
    974.66       47.00
    961.41       47.50
    939.75       57.75
    971.28       47.75
   1022.13       37.75
    968.01       61.25
    965.04       47.25
   1005.29       44.75
    979.03       62.50
    925.57       62.75
    958.26       60.25
    990.02       81.25
   1020.45       80.25
    995.61       59.50
    956.56       64.75
    979.90       51.25
   1003.16       40.25
   1002.84       35.00
    977.45       48.25
   1010.95       44.75
    960.55       76.25
    968.26       43.75
    958.33       61.00
    971.68       61.25
   1015.79       53.25
    983.94       53.50
    968.59       69.00
    965.92       51.25
   1000.08       83.00
   1002.03       35.50
    949.28       59.00
    995.25       81.25
    978.17       50.50
    990.76       49.75
    975.00       56.25
    950.83       58.25
    985.75       78.25
   1012.36       37.75
   1015.72       46.25
   1007.86       30.50
    999.65       56.75
    971.49       58.50
    976.45       51.00
   1007.34       32.75
    982.08       73.75
    991.32       77.50
   1007.48       28.25
    998.99       69.25
    988.92       48.75
    975.32       68.75
    977.78       46.75
    978.40       55.50
    993.56       62.25
    981.56       78.00
    973.36       61.50
   1001.19       40.50
    987.38       44.50
    992.99       37.25
   1005.72       30.00
    992.17       35.00
   1014.95       33.75
    972.72       63.50
   1001.60       51.00
    964.32       43.00
    951.54       53.00
   1005.34       40.50
    981.97       53.00
   1020.05       61.25
    975.11       61.00
    948.18       43.25
    999.54       36.50
    998.57       35.75
   1003.73       47.00
    967.43       52.50
    993.55       52.75
   1000.33       44.00
    990.51       46.25
    990.40       81.50
   1004.41       36.75
   1012.97       32.25
    968.28       70.25
    954.64       53.50
    999.75       59.00
    973.97       40.25
    978.33       36.75
    981.53       69.75
   1003.47       30.00
   1014.34       42.25
    960.00       73.75
   1007.15       32.00
    985.89       58.00
    988.68       48.75
    987.31       68.00
    943.10       61.50
    950.32       60.00
    961.86       42.00
    972.35       53.00
    936.35       52.75
    973.37       58.75
    980.22       75.50
    970.13       63.75
   1009.58       61.00
    972.58       58.25
    978.96       46.50
   1009.90       32.50
   1006.65       39.75
    976.52       76.00
    971.20       42.25
    998.56       37.00
    964.10       53.75
    980.48       59.00
   1006.05       28.50
    969.31       67.50
    950.59       41.25
    958.86       54.25
    957.91       43.75
    964.87       63.00
    981.65       43.25
    999.93       30.75
    954.68       64.75
   1000.40       33.25
    958.24       71.25
   1005.53       59.75
    952.41       62.50
    950.04       59.75
    947.80       43.50
    991.29       43.75
    997.55       37.75
    965.20       60.50
    983.40       74.50
   1012.10       55.75
    952.64       68.50
   1006.53       38.00
    991.36       38.25
    994.34       54.00
   1007.42       26.75
    995.06       47.25
   1009.62       64.00
   1005.85       34.50
    970.96       44.50
    954.43       64.00
    988.44       45.75
   1008.79       35.00
    990.55       61.50
    940.68       44.25
    985.15       40.25
    975.55       58.25
    996.12       83.75
    952.86       55.75
    957.38       58.00
    984.98       36.75
    999.59       78.25
    997.42       39.50
    950.67       56.25
    996.41       40.75
   1014.36       59.00
    938.79       44.25
    994.24       59.50
    997.21       37.75
    992.71       35.00
   1002.58       45.25
    979.74       65.50
    971.40       49.00
    976.22       60.75
    953.19       63.00
   1019.98       65.00
    993.61       79.00
   1020.41       30.25
    999.11       57.75
    953.45       49.25
   1009.43       62.75
    999.84       82.75
   1004.54       33.50
    991.76       45.25
    950.40       52.00
   1001.35       46.00
    998.06       63.50
   1016.42       71.50
    988.11       42.00
    959.72       46.75
    949.13       51.25
    987.14       43.75
    947.03       66.75
   1021.70       36.25
   1004.37       81.50
   1005.45       58.50
   1000.32       31.00
    978.91       64.00
    996.27       81.00
    966.58       72.50
   1000.93       41.75
    967.97       51.00
    991.41       57.25
   1013.01       28.75
    997.25       69.25
   1007.08       41.50
   1012.85       26.75
    990.06       63.00
    994.08       65.75
    969.52       58.25
    999.66       43.25
    983.82       42.00
    963.51       80.50
   1009.05       39.75
   1013.88       54.25
    972.18       48.50
    967.53       54.25
    997.66       67.50
    996.12       40.75
    997.67       63.75
    959.35       52.00
    943.70       51.75
   1012.74       76.00
    951.30       56.25
    983.01       38.00
    954.45       52.75
   1004.51       60.75
    977.90       64.75
   1005.25       30.75
    985.27       42.50
    965.00       56.75
    999.25       70.75
   1011.11       69.75
    969.01       52.75
   1006.76       71.25
    958.82       60.00
    970.11       58.50
    990.05       77.75
    999.40       53.75
    981.77       71.75
    963.53       50.50
    962.23       57.25
   1011.12       68.25
    990.99       52.75
    966.60       49.50
    998.32       79.25
    968.36       46.50
   1008.11       35.25
    995.61       44.75
    972.62       51.00
    966.91       43.25
   1008.01       55.50
    966.81       45.00
    962.23       52.00
    975.53       44.00
   1011.13       24.00
    988.89       73.00
    945.88       49.50
    975.57       55.00
    997.77       66.00
   1000.38       70.50
    981.83       43.25
    983.39       47.75
    989.02       86.25
    990.74       60.00
    964.21       52.75
    988.42       55.25
    979.75       45.50
    992.53       36.75
    997.17       32.75
   1011.64       41.50
    976.42       69.25
   1006.99       59.75
   1004.49       53.75
    995.76       71.00
    983.81       44.25
    976.90       50.00
   1016.07       70.50
    988.35       38.75
    974.50       56.00
    989.57       45.25
    969.14       41.75
    978.95       70.75
   1009.06       27.75
    991.55       45.75
   1003.85       43.50
    996.07       45.50
   1011.95       51.00
    958.51       53.25
   1032.33       70.75
    984.02       44.75
    967.83       51.25
    995.68       50.50
   1014.73       59.00
    978.11       76.25
    950.03       57.75
    968.97       59.75
    987.02       45.50
    986.60       73.75
   1038.99       61.00
    994.62       58.50
    947.72       41.00
    976.86       59.75
    966.91       44.75
    959.85       58.75
    997.86       50.75
   1000.92       73.00
   1008.79       50.25
    992.24       53.75
   1015.18       60.25
    989.49       58.75
    982.46       40.25
    964.99       47.25
    981.00       65.50
    993.39       73.25
    983.47       49.75
    972.60       47.50
    966.47       80.00
    948.46       42.00
    965.68       45.25
   1007.08       24.75
    998.89       63.50
    995.49       38.25
   1012.97       47.00
    984.54       52.50
    971.13       47.25
    977.21       70.00
    944.90       58.75
    967.30       57.25
    973.55       71.00
    967.98       46.50
    969.18       68.25
   1009.26       44.75
   1000.13       61.25
    971.24       62.00
    947.38       49.25
    957.99       53.75
    998.78       35.50
    983.88       77.50
    988.08       67.00
    954.11       56.00
    985.38       45.50
    992.15       70.25
   1007.06       57.00
    987.29       42.75
   1009.95       30.75
    985.36       46.50
    961.54       55.25
    997.03       53.75
    981.97       62.75
    974.43       52.50
    983.35       80.25
    968.05       60.50
    985.63       60.00
    961.44       50.75
    986.67       46.00
    974.02       60.25
    990.53       56.00
    968.60       54.50
   1004.56       63.25
    974.10       49.75
    997.70       63.00
    983.01       47.00
   1005.74       59.50
   1011.84       25.00
    961.88       61.25
    988.83       41.75
   1002.09       54.25
    952.57       58.00
    980.15       66.50
    988.39       65.75
    986.66       79.50
   1006.41       42.25
    960.93       53.25
    986.67       74.25
    956.87       57.50
    980.34       45.50
    995.87       64.00
    994.69       81.00
    965.45       58.00
   1002.53       50.75
    994.15       48.75
    953.72       51.50
   1005.74       28.25
    967.83       56.50
    969.01       54.25
    996.49       32.75
    990.49       67.75
   1006.92       35.00
    994.02       46.00
    960.06       57.75
    988.40       85.75
   1013.21       50.50
    994.60       61.75
    964.86       68.75
   1007.75       45.00
    964.25       50.75
   1005.92       53.25
    990.68       79.75
    973.62       70.50
   1005.86       56.00
    954.78       50.00
    973.92       86.25
    992.22       41.75
    990.48       60.75
    970.65       45.00
    958.59       54.50
    982.16       61.25
    984.61       38.50
   1001.26       43.75
   1000.49       75.25
   1005.64       53.50
   1002.78       74.00
    992.41       36.25
    970.87       55.00
    960.31       48.50
   1005.35       34.75
   1008.66       51.25
    975.02       53.25
    946.09       54.25
    988.38       48.00
   1016.19       72.00
    981.04       44.75
    978.87       61.25
    999.85       34.25
    997.99       63.25
    985.63       49.50
    982.72       44.75
   1008.59       76.25
    994.52       56.00
    978.40       42.50
    966.61       54.00
    984.95       53.25
    956.59       53.00
    999.78       65.25
    971.14       51.75
    982.32       70.75
    973.18       51.50
    975.92       66.00
   1002.48       78.00
    991.37       77.00
   1014.51       33.75
    999.07       82.75
    976.68       73.50
   1013.70       62.50
    989.61       39.75
    955.77       49.75
    972.14       67.00
   1005.64       33.00
   1001.56       39.50
    989.00       65.75
    991.26       33.50
    980.06       51.25
    997.93       55.00
    981.47       64.00
    957.60       49.75
    971.40       53.25
    974.54       54.25
   1006.55       35.00
   1017.97       26.75
    993.63       81.75
    995.78       38.75
   1008.47       81.25
   1008.63       26.25
    970.62       43.00
    970.69       52.00
    967.52       47.00
    985.30       61.00
   1003.51       84.25
   1004.03       36.50
   1016.42       31.50
    982.33       56.25
    977.36       54.00
    968.21       49.25
    985.80       77.25
    994.00       53.00
    983.71       52.75
   1014.27       61.75
    970.08       74.75
    966.25       44.00
    977.94       55.75
    985.42       48.50
   1017.88       29.25
    998.87       39.50
    963.58       70.75
    976.09       52.75
    953.14       43.00
    987.28       40.25
    977.88       58.00
    947.62       53.00
    994.08       35.75
    981.34       46.00
    937.47       51.00
    987.23       69.00
    972.20       56.75
    982.28       42.50
    993.95       50.75
    986.17       70.50
    962.41       42.50
    964.07       56.75
    998.92       38.75
    979.60       58.75
    984.37       42.25
    985.20       33.50
    964.94       79.00
    982.04       39.00
    962.72       59.00
    990.53       56.25
    978.62       54.00
    964.27       54.00
    972.74       56.50
   1000.91       42.50
   1002.11       68.00
    974.86       45.25
    966.62       44.50
    990.48       64.50
    955.54       41.75
    995.69       43.75
    964.28       60.75
    989.11       66.50
    981.51       44.75
    988.10       58.50
    957.01       56.75
    955.24       53.75
    981.49       74.25
    937.62       80.00
    992.82       69.00
    981.40       75.25
    988.86       60.75
    966.18       78.75
    954.46       64.50
    954.20       45.25
   1002.25       59.50
    936.68       59.75
    949.51       50.00
    958.28       45.25
   1014.29       26.00
   1011.63       42.00
   1019.53       45.25
   1008.78       67.75
    971.80       50.75
    964.59       61.00
    961.60       44.25
    992.55       58.50
    957.69       58.00
    959.44       76.25
    971.72       70.25
    963.89       50.25
   1007.36       29.00
    982.97       64.75
    992.22       60.00
    964.66       61.25
    957.39       43.75
    973.82       76.75
    998.49       52.25
    995.32       48.50
   1003.26       35.00
    998.01       76.75
    974.78       47.25
    979.74       55.00
   1001.67       27.50
    994.57       76.50
    993.34       51.75
    972.88       55.50
   1012.79       47.50
    955.81       48.50
    958.69       45.75
    991.60       66.50
    980.69       74.00
    987.06       55.50
    960.54       55.75
   1001.50       72.00
   1007.77       36.00
   1005.82       41.25
    994.55       43.75
    993.47       65.25
    992.52       58.25
   1016.82       46.50
    953.19       56.00
    963.91       54.75
    981.82       75.75
    974.98       54.00
    978.60       52.75
   1004.70       62.25
    995.41       77.50
   1007.58       71.50
    956.91       57.00
    928.64       58.50
   1011.79       40.25
    985.27       60.25
    967.99       50.75
    995.31       79.50
    998.90       71.75
    983.83       41.50
    966.70       48.50
   1006.34       36.50
   1004.78       47.00
    967.44       54.50
   1003.43       65.75
   1009.71       29.50
    983.34       65.25
    941.78       51.25
    997.49       67.50
    962.01       42.00
    994.61       40.50
    994.13       83.25
    997.87       33.75
    968.35       54.00
    964.97       51.00
    995.48       54.25
   1000.49       61.25
   1012.26       30.75
    971.57       47.25
    967.87       63.50
    959.65       55.00
    971.40       63.00
    978.77       79.00
    966.38       59.50
    961.37       58.00
    975.53       43.00
    998.76       55.50
   1002.52       39.50
    975.78       77.75
    973.82       64.75
   1008.01       32.50
   1010.33       28.75
    966.83       64.75
    977.09       61.25
    975.85       48.25
    990.55       73.25
    988.34       56.75
    963.22       75.75
    977.21       57.00
    960.45       57.00
   1006.74       32.75
    985.10       49.00
    980.76       46.75
    963.94       49.00
    962.23       61.75
   1000.27       58.50
   1013.45       38.50
    994.14       44.00
    973.17       54.50
    988.32       51.25
    991.83       54.00
    958.49       71.00
    991.81       63.25
   1001.98       69.25
    996.88       40.00
    973.66       61.00
    966.07       55.50
    964.52       56.00
    994.87       76.00
   1002.82       27.50
   1000.63       37.00
    961.37       62.75
   1009.97       47.25
    998.80       75.25
   1003.51       61.00
    997.27       36.00
    945.89       59.50
    973.09       50.50
    997.38       39.00
    968.75       52.00
   1020.98       52.75
    976.31       46.75
    973.76       64.25
    959.80       48.50
    990.61       65.00
   1011.57       48.75
    979.72       52.50
   1004.76       28.50
   1017.11       32.00
    992.11       72.75
    970.06       81.50
    965.25       57.50
    979.76       42.50
    972.52       62.50
   1006.46       38.00
    996.76       42.00
    952.31       49.75
    976.88       44.00
    991.63       48.25
    985.17       63.75
    978.24       79.50
    994.05       64.75
    956.04       48.25
   1004.46       33.25
   1006.86       44.50
   1015.40       36.50
    946.57       53.25
    968.24       68.00
    982.76       71.00
    972.67       41.50
    961.24       61.50
    985.18       56.25
    978.88       71.50
    985.10       52.50
    956.30       74.25
   1011.32       35.25
    972.81       52.50
    959.87       55.50
    963.21       55.00
    977.11       44.25
    982.96       54.25
    995.84       36.25
   1012.42       28.00
   1002.78       73.00
    983.78       46.25
    977.73       62.25
   1003.54       37.00
   1018.01       37.00
    976.52       64.50
   1000.73       41.75
   1004.19       38.75
    994.18       68.75
    977.95       52.00
    938.16       53.50
    980.80       43.75
    990.29       70.75
    950.66       49.75
    992.39       75.25
    982.61       43.50
   1011.88       36.25
    998.90       55.25
    970.75       43.25
   1005.75       67.25
    987.12       64.00
    961.22       50.00
    999.44       78.25
   1011.57       50.00
    945.36       50.25
    991.74       43.50
    976.11       59.75
   1006.58       65.00
    988.65       75.25
   1014.97       77.75
   1019.72       51.25
    952.13       52.25
    958.15       56.00
    998.12       68.25
    999.05       40.25
    974.75       46.75
    964.55       49.75
    991.93       42.00
    992.67       73.75
    985.16       63.75
    990.93       41.50
    947.97       39.00
    986.70       67.25
    991.16       69.00
    964.32       61.25
    954.73       56.00
    982.13       79.00
    989.91       41.00
    968.77       80.75
    954.59       47.75
    996.90       30.50
   1009.74       29.75
    969.03       50.25
    979.17       59.00
    954.81       50.00
    961.24       53.50
    978.10       54.50
    997.59       48.75
   1005.90       32.75
   1000.10       41.50
    977.17       47.75
    981.15       65.25
    973.76       50.25
    988.11       53.25
    990.57       75.00
    965.28       56.00
    986.26       53.50
    951.67       63.25
    959.29       43.75
    992.41       60.50
    966.56       63.75
    952.43       58.50
    970.60       64.50
   1008.72       38.75
    982.98       76.50
   1012.35       45.00
    962.58       48.75
    987.52       66.75
    964.22       68.00
    965.08       51.25
    979.43       53.50
    978.82       37.25
    986.20       59.00
    951.52       53.25
   1017.25       34.00
    964.12       40.00
    983.06       64.75
   1011.20       37.25
    965.86       53.50
    956.98       42.50
    990.50       52.50
    958.92       61.75
    983.13       74.50
   1010.29       26.25
    970.01       65.25
    996.09       71.25
    973.27       62.75
    950.01       44.25
    969.26       48.25
   1024.09       40.25
   1019.33       25.75
    969.40       51.50
    996.51       62.25
    987.17       48.75
   1001.58       83.00
   1005.01       36.75
    977.01       56.75
    999.88       39.25
    964.11       48.00
    970.36       35.75
    966.53       61.25
    992.29       45.75
    958.74       65.75
    995.54       66.00
    970.91       52.00
    958.18       43.75
   1006.12       51.00
    972.23       53.25
   1001.74       44.25
    954.61       58.50
    983.20       41.25
   1016.88       50.25
   1009.80       66.50
    982.23       59.75
    958.63       42.00
    947.48       47.25
   1014.48       76.25
    995.40       35.75
   1000.39       35.00
    952.94       72.75
    996.41       59.75
    973.86       71.50
    984.70       62.50
    973.90       52.00
   1002.17       34.25
    999.90       56.00
    988.21       80.50
   1013.91       45.25
    967.80       52.00
   1013.17       36.25
    993.50       67.25
    963.66       45.75
    944.80       46.50
    961.16       51.00
    990.85       78.25
    996.15       35.75
    981.27       48.25
    979.84       77.00
    997.67       28.75
   1004.12       71.75
    959.51       60.25
    993.54       35.50
    985.88       57.00
   1003.53       51.50
    983.44       41.75
    974.50       79.25
    989.87       42.75
    997.43       57.25
    955.00       42.50
    995.45       79.25
    974.44       78.50
    996.71       51.25
    971.68       77.75
    981.81       63.75
    963.18       50.25
    997.26       79.75
    971.58       55.25
    988.32       46.25
    963.55       41.00
    996.58       74.75
    987.59       58.25
    999.56       46.75
    988.82       75.75
    962.23       43.25
   1004.07       52.50
    964.64       72.00
    994.01       52.50
   1015.62       54.00
    981.03       39.00
   1012.62       42.50
    966.17       38.00
    993.55       51.75
    978.81       58.00
    976.41       75.75
   1005.50       69.00
    965.73       78.00
    986.60       41.75
    974.53       67.75
    970.11       53.25
    980.11       77.00
    952.99       53.75
   1012.35       52.75
    965.42       71.75
    963.74       52.50
    971.29       72.50
    994.91       58.50
    977.22       78.75
    995.78       37.50
   1006.32       36.75
    992.72       54.75
    978.57       44.00
   1009.54       43.00
    973.51       61.00
   1006.66       68.50
    951.70       71.00
    962.23       43.50
    941.41       51.50
   1013.65       36.00
    967.25       57.50
    978.62       73.25
    976.25       49.25
    976.02       66.25
    967.14       61.75
    974.49       74.75
    971.20       38.00
    984.86       63.75
    943.08       53.25
    981.39       59.25
   1003.68       43.00
    957.96       56.25
    993.59       37.00
    998.79       68.75
    993.86       40.25
    999.31       38.75
    986.77       66.50
   1013.27       27.50
    968.39       48.25
    961.40       42.50
    979.54       60.00
    969.33       55.00
    973.35       75.25
    998.87       57.25
    995.73       45.25
    987.61       62.75
    961.63       52.75
    961.58       64.00
    996.67       40.25
    997.23       38.50
    959.19       49.00
    994.53       43.00
    981.14       68.75
    957.95       68.50
    960.05       60.75
    998.77       35.00
    957.79       58.75
    993.69       55.50
    960.17       49.25
    963.63       53.25
    980.30       47.75
   1002.20       43.25
    973.46       54.75
    995.65       76.25
    974.28       68.50
    991.90       48.25
    990.43       36.00
    969.46       65.75
    986.51       41.50
    977.60       59.50
    965.54       65.00
    984.96       41.50
   1000.60       79.00
    984.98       48.00
    988.52       41.50
    997.78       63.75
    950.41       59.00
   1006.47       58.50
   1021.11       48.75
   1007.51       32.25
   1009.26       28.25
    997.95       65.25
    985.28       48.00
    982.49       62.25
    975.68       53.25
    997.51       82.75
    963.45       39.00
    986.80       45.25
    987.04       69.50
   1001.13       44.25
    977.22       38.00
    964.08       52.50
    978.91       59.75
   1009.26       36.75
    982.64       43.75
   1000.77       57.75
    966.66       42.75
    992.77       36.25
   1011.57       26.75
    967.84       54.50
    960.27       43.25
    976.10       54.00
    964.75       66.00
    974.38       44.00
    996.45       46.50
    998.74       78.25
    988.93       61.25
   1000.72       61.00
   1004.84       31.25
    981.10       70.00
    944.18       49.25
    989.45       44.75
    963.37       62.00
    987.64       58.75
    985.57       76.50
   1002.32       34.00
    997.67       53.25
    960.26       45.25
    973.68       42.25
    967.57       58.25
    997.60       42.00
    987.89       78.25
    976.21       36.50
   1017.84       68.00
    984.99       59.50
   1008.08       28.00
    978.71       44.50
    990.96       50.50
    997.58       44.25
   1016.68       66.50
    981.39       47.75
    991.20       39.00
    968.47       54.50
    967.94       52.75
   1001.49       69.25
    984.71       58.00
    978.01       49.25
   1001.22       34.25
   1010.51       82.50
   1004.85       43.25
    959.80       48.25
    980.64       52.75
   1009.28       75.25
   1006.56       70.75
    955.04       51.75
    976.80       61.50
    995.14       46.50
   1015.55       76.25
    964.95       50.50
   1002.60       26.75
    957.10       47.50
    976.00       53.75
    963.64       50.00
   1011.14       61.50
   1006.25       65.00
    959.95       56.75
    988.14       53.75
   1013.59       54.50
   1008.95       50.25
   1007.38       32.25
   1009.08       79.75
   1010.09       38.75
    979.14       64.50
   1003.07       45.00
   1000.83       45.25
    982.13       42.25
    954.74       53.50
    997.92       66.00
   1011.62       42.50
    961.41       48.00
   1007.02       67.75
    978.76       53.25
    972.08       49.50
    985.38       77.75
    960.67       51.75
    965.89       57.00
   1013.67       40.75
   1001.62       58.00
    966.57       54.00
    994.37       46.25
   1003.36       61.25
    961.58       61.00
    979.32       59.00
    995.31       36.75
    992.60       58.50
    950.08       46.75
    989.09       72.25
    988.92       63.50
   1000.75       64.50
    987.39       49.25
    994.75       65.75
   1007.24       33.75
    957.99       48.25
   1006.32       86.50
    998.91       45.75
    975.52       59.25
    987.08       48.25
   1012.60       81.25
   1007.92       81.50
    970.10       57.00
    988.66       43.75
    996.93       40.75
   1005.14       59.25
    988.64       39.00
    959.29       42.25
    998.33       55.75
    963.89       79.00
    968.03       50.00
    958.91       62.00
   1005.85       30.50
    973.86       43.00
    966.61       48.75
    952.88       44.25
    977.10       69.75
    983.52       54.25
    976.86       41.25
    997.19       45.00
   1007.75       62.75
    989.11       74.50
    963.61       57.50
   1008.14       76.00
    971.17       64.75
   1010.62       35.00
    988.29       64.25
    958.31       48.75
   1009.51       51.25
    991.65       41.75
    997.87       45.25
    976.77       49.00
    991.54       48.50
   1009.69       68.25
    973.82       61.00
   1002.23       47.75
   1000.37       32.75
    985.49       61.50
    997.16       32.75
   1004.91       44.25
   1012.26       30.50
   1000.15       55.50
   1011.28       42.75
    980.18       61.00
    953.22       59.00
    961.70       53.00
    990.10       84.75
   1005.96       80.75
    990.74       59.75
    978.80       54.00
   1006.14       37.75
   1011.30       66.25
    967.54       53.75
    996.08       52.50
    995.58       81.25
    988.99       43.75
    960.78       78.00
    991.08       62.75
    978.78       50.25
    956.43       76.00
    983.03       70.00
    958.72       55.75
    949.74       43.75
    995.38       35.75
    998.76       59.25
    960.19       59.50
    963.59       64.00
   1001.27       49.75
   1022.33       73.50
    993.62       72.00
    958.66       42.25
    987.94       61.25
    993.07       53.75
    991.47       52.25
    993.90       39.75
    968.20       55.25
    978.63       57.50
   1011.34       30.25
   1013.12       27.00
   1009.91       48.00
    992.81       60.25
    990.88       58.50
    982.19       56.25
    959.27       73.25
   1016.92       55.50
    969.79       70.00
    962.37       58.00
    977.46       77.50
    974.11       79.25
    981.72       58.25
    983.80       58.75
   1013.89       28.00
    975.11       54.25
   1011.45       48.00
    940.24       73.25
    988.58       39.50
    969.90       60.25
    958.89       65.00
   1008.89       29.00
    960.18       62.25
    991.08       78.75
   1001.67       28.50
    980.20       58.75
    970.29       77.75
    985.46       60.25
    978.38       56.25
    986.42       61.50
    952.43       74.75
    945.78       46.75
   1002.04       38.50
   1009.10       44.75
    954.83       68.00
   1004.56       64.00
    998.22       59.50
    951.00       52.00
    984.17       56.75
    992.02       75.50
    969.76       60.00
    984.40       38.50
    980.34       76.75
    992.91       52.00
   1004.04       33.25
   1007.87       31.00
   1028.55       36.75
   1004.16       40.00
    948.43       65.50
    998.12       68.00
    966.08       60.50
    983.07       61.25
   1006.32       27.50
    980.73       46.25
    954.06       44.25
    983.38       59.25
    956.48       68.00
    993.08       47.00
    985.42       81.00
   1018.49       59.75
    989.75       58.75
   1005.38       30.75
   1003.62       30.75
    994.66       52.75
    943.07       58.75
    960.54       59.75
   1003.82       35.00
    991.63       35.25
    965.11       55.25
    978.61       54.25
    991.27       57.25
    996.50       55.25
    973.88       58.00
    986.97       42.00
    991.46       80.25
   1006.82       75.75
   1014.30       81.00
    998.56       35.00
   1007.45       60.50
    985.53       83.25
    942.78       63.00
    961.48       44.00
    961.92       60.50
    978.49       78.25
    948.08       47.00
    976.42       62.00
    995.65       83.50
    991.82       40.25
    989.03       40.75
    970.01       74.25
    961.00       52.75
    997.49       63.25
    976.84       46.00
    968.96       57.75
   1010.71       30.00
   1004.70       30.25
    991.88       58.50
    997.40       36.50
    964.85       43.75
    970.21       50.75
    982.24       40.75
   1013.58       62.50
    954.26       46.25
    994.04       59.75
    970.41       76.00
    973.06       60.50
    991.22       62.00
    991.22       31.00
    999.20       28.50
    992.47       38.00
   1021.23       60.00
    976.34       84.50
   1014.65       67.25
    996.60       40.75
    947.15       45.75
    960.65       70.25
    994.16       50.50
    983.60       64.00
   1002.80       47.75
    968.30       58.50
   1006.33       56.75
   1004.54       27.25
   1025.26       53.00
    996.91       58.50
   1021.57       36.00
    996.20       37.50
    993.13       74.00
   1000.64       30.00
   1025.43       64.25
    988.50       59.25
    959.89       64.50
    948.11       44.50
    981.30       75.25
    994.34       34.00
   1001.74       29.50
    992.56       59.50
   1000.39       66.25
    951.60       64.00
   1009.43       34.75
   1020.40       52.00
    998.16       67.50
   1007.01       25.00
    978.53       64.75
    949.01       50.50
    956.87       57.50
    979.82       50.75
    962.24       63.75
    961.58       55.75
    997.09       61.75
   1004.84       84.75
    999.73       34.75
    961.01       41.50
    976.88       54.50
   1002.84       79.00
    960.59       72.25
    989.62       60.50
    969.61       55.50
    988.51       79.50
    983.20       39.50
    959.51       46.25
    974.28       73.25
   1002.84       30.25
    985.80       63.50
    960.77       50.75
    994.33       39.75
   1022.93       62.00
    988.80       63.00
   1004.75       54.25
    998.69       53.75
    992.02       45.00
    985.79       79.50
    997.94       34.50
    995.47       42.25
    996.81       44.25
    997.66       39.75
    980.01       47.00
    985.36       56.25
   1006.26       49.00
    984.87       43.50
    976.91       45.75
    978.36       42.50
    976.17       58.25
    962.04       44.00
    972.88       69.25
    989.16       81.50
    966.27       51.25
   1014.59       80.25
   1002.05       62.00
    976.10       44.50
   1003.95       43.00
    984.14       54.00
    997.07       51.75
    953.93       50.00
    997.40       64.25
    998.74       58.50
   1007.08       69.50
    972.03       38.00
   1005.82       37.50
   1003.52       69.00
    997.54       36.50
    970.40       45.50
   1001.28       43.25
    947.06       53.25
    961.85       55.75
   1011.47       70.25
   1024.93       52.00
    945.58       58.00
    993.95       45.75
   1002.41       33.75
    981.14       61.25
    968.48       69.00
    978.48       42.50
   1005.92       34.50
   1014.56       64.00
    999.50       53.50
    966.68       52.00
    963.11       51.75
    987.21       61.50
    958.95       47.75
    986.33       54.50
    987.80       76.50
    970.77       42.50
    971.19       44.50
    971.46       65.00
    990.24       35.25
    997.63       51.00
    970.98       69.25
   1013.42       36.75
    961.06       49.50
    974.95       58.50
    969.43       55.75
   1010.33       31.00
    994.39       68.00
    964.13       52.75
    970.66       51.75
    992.77       63.75
    974.73       61.00
    996.76       43.25
    965.71       43.50
    971.48       60.75
    977.11       42.50
   1010.22       61.00
    993.38       39.75
    969.40       45.50
   1013.88       25.50
    936.51       47.00
    997.52       57.00
    985.55       81.75
    974.28       65.25
   1015.94       29.50
    961.68       44.50
    974.91       65.00
    982.56       59.25
    964.91       64.00
    955.33       46.00
   1002.74       39.00
    970.28       58.00
   1007.34       35.25
   1007.95       75.25
    988.17       59.75
   1003.38       42.50
    964.84       62.50
    969.02       43.25
    975.01       81.25
    954.01       55.75
   1013.48       29.00
    988.01       38.50
    999.21       78.00
    973.45       79.50
    994.77       55.75
    975.73       69.75
    983.44       67.50
   1013.83       26.25
   1011.95       46.00
    985.45       69.50
   1014.95       62.25
    992.92       49.75
   1011.03       46.25
    987.71       40.25
    951.49       45.75
    953.37       36.25
    967.08       52.25
    998.86       45.00
   1011.46       27.50
    988.93       77.00
    998.08       33.00
   1001.73       44.25
    958.45       75.75
   1006.94       74.50
   1001.67       47.25
    965.47       39.50
    988.19       84.25
   1009.47       63.50
    950.46       69.25
    998.04       73.00
   1016.77       48.25
    944.58       64.75
    974.52       83.75
    974.57       49.75
    973.68       51.00
    956.91       49.50
   1008.59       42.00
    961.84       61.00
    973.26       83.75
    959.44       43.50
   1005.07       37.00
   1015.53       27.25
    981.34       50.00
    994.07       44.50
   1015.03       59.50
    968.56       67.25
    967.63       39.50
   1007.88       28.00
    950.55       46.75
    959.74       59.25
    992.86       48.50
    993.00       61.25
    989.16       62.75
   1002.30       40.25
   1000.68       78.75
   1000.10       35.50
    982.68       48.00
   1006.53       35.00
    956.52       53.75
    974.00       79.00
    996.58       41.75
    972.61       64.75
   1000.60       53.00
   1022.06       65.75
    960.24       58.25
   1003.82       65.25
    982.24       51.25
    981.75       67.25
    998.77       40.50
   1010.64       44.50
    994.88       77.00
    989.83       81.75
    978.90       49.25
    968.87       45.00
    991.22       56.75
   1000.16       80.75
    955.84       44.25
    982.25       60.25
    976.00       61.00
   1003.64       52.25
    966.16       47.00
    976.94       76.25
    985.71       70.00
    990.69       43.75
    991.58       32.75
    986.73       55.25
   1003.95       64.25
    965.96       50.00
    986.60       74.75
    988.94       52.50
    988.38       79.00
    967.49       42.75
    987.52       46.75
    966.75       47.25
    978.84       46.00
   1028.84       57.75
    985.61       68.25
    986.92       83.25
    980.91       46.50
    959.32       53.75
   1000.36       64.00
    976.82       71.25
   1004.56       52.00
    956.84       48.50
    958.76       55.50
    973.17       55.00
   1001.89       35.50
   1011.85       27.50
    999.69       78.25
    985.63       52.75
    982.17       56.50
    978.16       57.50
    976.75       70.50
    987.45       64.75
    977.30       50.00
    988.43       62.50
    997.12       43.25
    962.99       53.75
    954.13       51.00
    974.66       65.50
    982.25       77.75
   1003.45       37.00
    952.29       46.50
    996.80       47.50
   1013.98       37.75
    970.36       66.75
    985.24       50.75
   1015.94       29.75
    986.83       58.75
   1001.47       46.25
    993.65       57.50
    982.48       49.50
    997.57       75.75
   1012.75       40.75
    992.69       52.50
    953.08       56.00
    992.75       79.50
    985.54       44.75
    994.04       47.75
    995.01       71.00
   1010.58       66.75
   1015.66       37.75
    977.15       53.50
    996.80       73.75
   1011.02       30.75
    957.64       54.50
   1008.66       31.25
    992.93       64.75
    986.87       35.50
    958.18       78.25
    956.01       46.75
    973.04       56.25
    979.85       52.75
    982.03       57.00
    979.87       39.00
    975.50       68.75
   1001.13       65.00
    994.08       38.00
    975.78       58.50
    987.38       57.25
    974.41       51.50
    984.30       55.75
    957.21       49.00
   1017.20       36.50
    950.08       59.00
   1008.55       27.50
   1016.18       42.25
    987.60       62.00
   1011.98       29.50
   1012.57       27.00
    997.64       67.00
    951.19       52.75
    986.77       57.00
    978.91       48.00
    971.13       45.75
   1010.19       28.00
    973.96       45.50
    992.67       38.50
    988.05       68.75
    960.93       48.75
    977.07       58.00
    999.91       43.25
   1006.19       29.00
    977.77       63.00
    990.19       68.25
    966.93       57.75
    953.16       62.75
    977.20       73.25
    980.21       66.75
    975.09       46.75
   1001.56       77.00
    970.29       70.50
    997.97       44.00
    975.95       76.25
   1012.66       27.25
    998.70       33.00
    961.22       50.00
    982.59       58.75
    973.79       53.00
    955.11       57.00
   1000.25       56.00
    967.98       63.50
    959.15       59.50
    995.09       60.00
    983.91       79.00
   1021.30       44.50
    941.62       53.00
    949.27       65.00
    999.31       61.00
    945.53       49.25
    968.90       59.75
    967.05       69.00
   1018.23       38.75
    959.52       64.00
    961.65       56.25
   1005.17       35.75
    996.48       54.25
   1009.84       28.00
    956.96       73.75
    982.88       62.00
    938.47       53.00
   1012.97       36.00
    982.36       60.25
    984.88       56.75
   1007.07       50.00
    989.85       80.25
    953.55       45.25
   1004.93       47.00
    963.10       83.25
   1002.66       33.00
    992.97       60.50
    966.18       72.50
    970.01       55.00
    978.80       40.50
    980.35       59.75
    969.80       57.50
    965.23       77.00
    958.26       70.25
    992.24       54.50
    963.88       45.00
    977.05       67.00
    976.90       52.75
    980.96       78.75
   1018.67       27.75
    997.58       43.50
    965.18       54.25
    958.75       51.25
    943.91       47.00
    970.88       60.25
    978.14       54.75
   1006.91       32.75
   1014.03       29.00
    993.83       58.25
    992.03       50.00
   1014.85       40.00
    973.92       61.00
    956.85       77.75
    985.70       61.00
   1009.82       45.25
    946.59       59.50
    969.43       67.00
   1008.31       52.00
   1019.47       38.75
   1004.13       52.50
    956.08       59.25
    965.07       62.50
    964.51       60.50
    982.55       62.00
   1009.39       30.00
    965.71       69.00
    960.22       54.25
    964.94       59.25
    970.86       51.00
   1008.59       29.50
    984.50       47.75
    984.63       58.25
    968.76       65.00
    987.83       53.00
   1003.07       76.50
   1021.71       39.50
   1015.90       34.50
    994.68       79.50
   1006.80       27.75
    996.32       63.00
    982.20       58.00
    961.42       55.50
    963.16       48.75
    978.42       53.00
    993.98       82.25
    992.74       71.00
   1019.65       47.00
    998.23       56.00
    987.02       40.50
   1001.97       33.50
    965.04       59.50
    999.61       43.50
    996.95       46.00
    973.27       47.00
    952.44       47.25
    971.88       56.00
    989.97       45.25
    977.85       71.00
    991.35       44.75
    964.05       43.50
    995.76       51.75
    994.90       63.50
    957.08       52.75
   1001.71       43.00
    957.35       56.75
    952.41       74.25
    951.82       46.25
    998.91       34.75
    993.53       59.50
    985.03       62.25
   1006.26       57.75
    988.79       53.75
    994.15       28.75
    953.20       44.50
   1000.49       34.50
    966.07       63.25
    949.33       49.75
    971.23       62.25
    975.48       79.25
    951.35       56.75
   1008.37       32.75
    968.93       73.50
   1011.28       33.25
    978.44       56.25
    964.77       48.00
    989.47       82.75
    986.27       56.25
    985.90       69.00
    992.48       79.50
    948.17       49.50
    999.94       32.75
    977.05       39.75
    993.61       58.00
   1007.41       28.50
    983.57       75.25
    986.72       56.00
    975.97       51.75
   1000.20       34.75
    993.24       74.50
    997.90       39.25
    989.78       47.25
    946.80       55.75
    971.47       45.50
    982.05       76.75
    990.05       75.75
    999.86       68.50
    962.02       49.50
    975.40       55.50
    998.07       53.00
    999.37       39.00
   1002.70       59.50
    985.22       52.75
    997.03       65.25
    954.73       57.25
    980.60       43.75
   1002.20       68.50
    965.47       54.75
    971.35       54.00
    995.88       67.50
    993.25       42.50
    994.19       46.00
    994.65       72.75
   1004.02       55.00
    988.41       51.25
    950.26       61.75
    959.88       54.00
   1006.12       79.75
    966.70       53.75
    951.68       50.25
    998.58       53.50
   1004.30       66.25
    994.30       43.75
    990.59       64.25
    985.28       50.50
   1003.13       72.75
    966.18       56.50
    975.76       54.00
    991.04       57.50
    986.71       34.00
   1005.01       83.50
    982.04       49.25
    986.34       56.25
   1003.35       72.00
    966.74       53.00
    985.38       37.00
    999.91       69.75
    990.81       70.00
   1015.64       73.75
   1014.83       74.50
    987.21       37.50
    986.22       51.50
   1016.52       28.75
    996.73       76.75
    989.78       50.00
    960.00       58.00
   1003.90       42.75
    986.51       51.75
    999.61       53.50
    974.13       37.25
    980.29       82.50
   1002.37       29.50
    993.23       52.25
    979.05       43.50
    953.95       61.00
    986.04       55.25
    976.12       59.00
    950.84       52.25
    972.61       44.00
   1000.51       43.75
    983.04       47.00
    997.96       44.00
    964.74       56.00
    983.26       74.25
    985.67       55.25
    970.10       58.00
    949.80       61.50
    975.39       71.50
    977.45       57.75
    968.44       43.00
    998.39       42.50
    975.18       54.25
    963.13       65.50
    940.49       55.75
    970.34       45.00
    979.23       77.00
   1008.21       39.75
    984.73       79.50
    977.58       53.50
   1001.92       65.50
    986.97       71.50
   1008.79       29.25
    958.08       63.50
   1010.52       57.50
    999.63       70.50
   1007.96       77.00
    972.86       52.75
    965.47       48.50
   1009.68       44.00
    973.90       80.50
   1006.84       31.00
   1008.11       32.25
    991.86       36.25
    972.10       75.25
    994.97       47.50
    963.40       66.50
    961.02       51.50
    987.04       66.50
    975.87       69.00
   1008.55       31.50
    960.39       48.25
    963.26       50.00
    982.14       57.75
    970.03       53.25
    988.80       60.50
   1002.21       29.50
    987.76       63.75
    986.57       52.00
    943.58       79.50
    966.29       65.00
   1002.50       32.25
   1010.64       27.25
   1017.74       42.00
   1012.44       36.00
    953.15       66.00
   1025.64       43.00
    978.21       55.75
    982.37       48.00
    984.13       72.50
    970.38       55.00
    989.42       51.00
    987.38       79.25
    960.59       52.75
    977.04       71.00
   1002.93       63.50
   1012.62       56.75
   1015.51       26.00
    977.47       46.00
    961.64       56.50
    999.81       75.00
    958.64       46.50
   1020.38       59.00
    989.77       56.50
   1003.54       54.25
    987.60       54.75
    967.40       76.75
    974.30       55.75
    996.43       38.75
   1008.98       40.50
    970.11       43.00
    992.82       78.50
    958.43       44.00
    967.21       59.75
    973.06       55.50
    992.33       72.00
    968.49       61.00
    976.53       54.50
    977.01       54.50
    994.98       56.00
    997.25       73.00
    972.47       61.75
    979.64       53.00
    995.63       76.25
    978.80       40.25
   1000.03       26.50
   1007.51       83.00
    970.90       60.50
    974.82       52.25
    971.78       54.25
   1005.16       70.25
   1002.61       34.25
   1005.61       42.00
    952.88       54.75
    946.28       58.75
    999.32       78.00
    963.76       52.25
    969.37       54.75
    977.32       65.00
    961.32       76.75
    958.43       50.00
    998.59       55.50
   1017.69       62.75
    973.32       64.00
    964.58       42.00
    968.14       60.25
   1003.58       27.00
   1001.72       50.75
    975.24       68.00
    964.39       55.50
    988.01       51.75
    962.74       50.50
    993.20       75.25
   1005.67       37.00
    989.66       38.50
    981.97       63.50
    983.37       67.25
   1006.03       63.00
    960.32       62.50
   1019.48       41.25
    984.30       78.00
    987.75       68.25
   1011.09       29.75
    980.92       57.25
    987.48       38.75
    966.07       45.75
    985.14       49.50
    977.81       68.25
    949.21       59.75
   1002.10       66.25
    976.79       51.75
    997.48       34.75
    982.30       55.25
    976.80       57.50
    991.84       64.00
    970.46       47.00
    983.32       50.00
    996.88       56.00
    980.32       49.25
    979.27       53.25
    965.51       57.50
    954.58       37.50
   1010.87       30.00
    978.59       52.00
    984.21       70.50
    930.41       63.75
    994.86       53.50
    966.20       72.75
    974.10       53.25
    951.46       45.25
   1002.65       31.25
    976.52       43.00
   1009.73       30.75
    995.82       57.50
    994.28       83.00
   1011.82       69.25
   1008.61       67.00
    939.39       40.50
    988.69       48.25
    968.22       48.50
    959.53       47.75
   1009.37       68.25
   1016.18       65.75
    993.05       76.75
   1027.29       60.00
   1022.33       37.75
    965.52       53.00
    978.08       49.25
    994.01       37.50
    974.28       70.50
    992.71       64.75
    960.37       57.75
    961.38       43.25
    964.16       78.00
    989.53       57.00
    969.50       71.50
   1002.83       51.50
    992.92       64.75
    986.50       66.00
    994.51       59.75
    975.69       44.50
    962.28       55.25
    998.72       58.50
    960.99       59.00
    959.28       44.50
    960.03       64.00
   1007.28       34.75
    971.33       52.25
   1016.00       39.00
    971.78       75.25
    959.26       48.50
    946.00       69.00
    993.06       42.75
   1005.59       29.00
    965.76       37.00
    963.08       63.00
    973.43       52.00
   1003.04       32.00
    947.89       47.75
    998.66       43.00
    985.15       60.75
    959.81       60.25
    977.26       59.75
    979.68       48.00
   1005.16       86.25
    993.18       43.50
   1000.11       31.75
    982.13       56.00
    970.93       50.75
    981.81       60.25
    999.10       36.50
    972.64       52.00
    999.16       68.00
    994.11       75.75
    989.88       37.50
    993.96       48.25
    990.61       47.75
    962.58       58.00
    973.71       56.75
   1019.09       42.50
    963.15       69.50
   1014.05       33.00
    991.61       58.75
    991.35       79.75
    959.19       56.25
    984.98       66.00
    956.47       52.75
   1003.06       57.50
    981.26       77.50
    987.81       53.50
    999.48       49.25
   1007.35       31.75
   1013.38       37.75
    962.77       75.75
   1010.06       37.00
    989.05       45.00
    978.71       57.00
    942.05       63.25
   1000.27       57.75
    971.52       81.25
   1013.14       44.75
   1006.91       33.25
    979.65       76.50
    985.31       74.00
    983.30       48.50
    954.33       55.50
   1006.21       75.75
   1004.17       43.75
    979.98       53.00
    986.98       78.50
   1009.21       48.25
    991.34       41.25
    997.95       72.00
   1011.77       28.75
    990.43       57.75
   1007.34       28.75
    987.29       52.50
    967.27       59.00
    999.91       49.00
    993.12       76.25
    973.23       49.00
    994.48       75.50
    969.83       79.00
    986.59       54.00
    954.76       63.75
    989.23       75.75
    960.90       57.00
    942.35       58.50
    999.70       48.50
    982.06       74.00
    986.84       64.50
   1000.48       48.50
    965.81       59.25
   1006.55       32.00
    959.65       56.75
    979.96       83.50
    961.34       48.25
    978.02       54.75
    963.10       40.25
    997.47       43.75
   1004.14       44.75
    990.71       44.25
    964.79       74.00
    981.63       44.25
   1012.40       39.75
    957.50       45.25
    963.38       70.50
   1014.17       26.25
   1002.40       34.75
   1016.29       47.00
    966.24       45.50
    991.45       59.00
   1008.23       76.00
    977.67       72.25
    962.73       45.00
    989.92       44.00
   1024.53       46.00
    995.68       51.50
   1007.82       39.75
    990.83       67.00
   1012.45       66.75
   1002.34       55.75
    984.72       47.75
   1003.38       36.75
   1011.69       29.00
   1003.43       78.75
    963.76       54.00
   1004.53       55.00
    971.09       71.25
   1007.63       27.00
    976.01       59.75
    940.49       78.50
   1025.51       48.50
    973.44       41.75
    995.95       51.00
   1000.30       79.00
    957.20       44.00
   1007.29       30.50
   1015.23       23.00
    989.47       63.75
    963.62       50.00
    990.26       61.25
    964.47       53.00
    985.34       37.25
    994.28       37.25
   1016.66       35.00
   1015.16       63.75
    943.39       61.00
    944.32       56.00
    976.77       77.25
    966.77       43.00
   1009.66       59.75
    947.56       55.50
   1007.82       54.75
   1016.38       29.25
    997.73       70.00
    964.91       45.50
    983.77       73.00
    985.76       80.50
    977.07       44.00
    984.44       53.50
   1008.04       50.25
    977.97       68.75
    999.47       35.50
    982.20       55.00
    959.33       58.50
    935.63       60.75
    958.36       51.75
    982.04       54.00
   1008.03       28.75
    973.72       46.75
    990.36       38.75
   1017.38       43.50
    985.37       77.00
    990.58       62.25
    952.73       58.25
    982.83       57.50
    962.37       51.75
   1014.15       72.75
    974.64       57.00
   1009.36       39.50
   1005.64       40.75
   1000.13       69.50
    992.82       55.75
   1001.25       60.25
   1004.99       45.75
    973.61       46.00
    977.75       49.50
   1016.73       63.00
    999.09       54.75
    980.11       64.25
    970.02       55.00
    990.50       84.00
    949.36       50.75
   1011.17       57.50
    959.23       51.75
    999.85       38.50
   1010.60       45.50
    985.15       52.75
    962.19       48.00
    984.29       51.25
   1009.72       41.00
    982.40       59.25
    964.17       59.75
    991.67       63.50
    980.89       43.25
    981.51       43.00
    974.27       47.25
    981.64       56.75
    998.04       57.75
   1001.15       80.25
    974.70       44.25
   1004.00       50.75
    975.60       53.25
    978.36       69.50
    976.16       50.00
    963.68       53.50
    995.99       63.50
    973.52       44.00
   1020.44       68.00
    983.07       49.50
    970.11       41.25
    991.94       39.50
   1005.70       68.50
    976.75       43.25
    991.29       64.50
   1011.81       55.00
    999.48       65.50
    996.81       37.00
   1015.80       50.00
    966.96       52.00
    973.66       62.50
   1010.71       64.75
    961.59       36.75
   1004.17       46.25
    987.80       65.75
   1003.34       40.00
   1000.94       74.25
   1006.71       38.50
    985.84       47.00
   1017.76       32.00
    957.40       43.75
    969.68       41.50
    981.45       54.25
   1007.96       27.25
    993.83       63.75
    978.88       78.25
    995.57       44.75
    983.88       48.25
   1007.68       35.25
   1018.48       33.50
    998.58       40.25
   1010.69       29.00
   1006.28       35.25
    998.41       25.75
    980.78       72.00
    996.04       28.50
    975.14       77.50
   1007.47       34.25
    968.83       45.50
    996.76       63.75
    976.28       59.00
    979.82       59.25
    963.13       62.75
   1006.91       65.50
   1016.41       26.25
    993.72       52.25
    979.58       74.50
    995.28       42.50
    971.47       42.00
   1006.35       66.75
    974.76       69.25
    953.05       56.00
    992.72       56.75
   1008.99       34.25
    979.04       47.75
    990.19       70.50
    987.92       77.75
    989.80       34.75
    945.52       55.50
    970.55       50.75
    976.18       57.00
    975.62       43.00
    979.87       52.25
    986.33       51.75
   1022.21       68.75
    959.24       53.75
   1003.52       38.50
    977.25       60.75
    981.30       38.75
   1010.07       64.50
    991.49       51.50
    971.32       45.50
    974.37       51.75
   1002.34       38.00
   1003.23       67.00
    990.26       47.75
    949.20       49.75
    982.17       51.75
    991.88       34.25
    994.14       66.75
    981.60       39.25
   1000.25       81.50
    981.07       52.75
    953.98       59.50
    991.85       43.75
    984.86       76.75
    966.80       42.50
    978.28       41.00
   1002.49       42.00
    985.19       50.25
    992.66       67.50
    976.25       43.75
    975.26       57.50
   1015.20       65.00
    978.32       69.00
    983.05       56.75
    966.84       49.00
    958.76       45.00
    985.68       63.25
    972.82       45.25
   1017.08       59.25
   1000.12       72.50
    972.32       40.50
    977.60       56.25
    983.24       67.75
    981.62       46.25
    976.81       50.00
   1009.84       28.75
   1001.73       60.00
   1000.19       38.00
    981.29       62.50
    995.27       65.00
    975.35       40.00
    970.23       45.25
    974.64       51.50
    985.90       45.75
    957.26       51.75
    987.50       78.50
    967.11       43.25
    990.69       48.75
    966.65       51.50
   1018.67       65.50
   1012.17       27.25
    987.95       46.50
    992.39       69.75
    961.14       42.75
   1007.98       54.50
   1001.86       41.75
    992.79       43.25
    976.24       48.25
    958.78       46.00
    963.44       42.25
   1012.00       28.50
    996.42       50.00
    988.90       39.25
   1003.36       60.50
    968.06       55.00
    984.11       45.50
   1015.68       78.25
   1028.42       51.00
    980.54       76.00
    972.65       80.50
    952.63       46.50
    985.87       41.75
    956.60       59.50
    973.84       72.00
   1013.43       25.25
   1004.71       57.50
    963.09       52.25
    999.90       60.75
    980.21       41.25
    994.76       38.75
    954.86       55.75
   1008.37       45.50
   1004.45       29.00
    997.79       61.00
    991.91       44.75
    960.45       59.00
   1007.97       59.75
   1001.33       34.75
    954.82       63.75
    962.88       58.50
    968.54       44.00
   1000.04       51.50
    967.45       41.75
    960.45       42.25
    969.94       81.25
   1021.68       63.50
    982.05       62.50
    957.19       60.25
    980.11       35.25
    980.19       45.75
   1021.18       44.75
    966.83       76.50
    977.62       33.50
   1001.02       36.25
    975.03       60.75
   1002.62       36.25
    961.91       40.75
    972.79       74.50
    998.13       72.00
    981.34       48.50
   1030.49       53.50
   1014.18       44.75
    969.12       52.25
   1004.17       36.00
    949.37       57.00
    984.66       84.00
    967.88       72.00
    992.37       31.25
    971.52       75.50
   1004.60       39.75
    988.39       45.50
   1004.55       30.50
   1004.22       33.50
    959.00       61.00
   1003.34       40.50
    965.21       44.00
    984.03       65.25
    975.67       56.00
    973.85       53.50
    975.41       47.25
    999.07       58.75
    996.85       34.25
    964.76       43.25
    985.57       43.50
    988.57       42.25
    997.13       74.00
    989.22       52.75
   1000.16       49.75
    997.58       38.00
   1034.79       63.25
    939.87       44.75
   1012.09       51.00
    964.59       51.50
    989.59       42.50
   1021.24       54.50
    979.52       49.00
    952.75       46.75
    999.25       39.00
    962.82       41.75
    976.52       57.75
    950.52       44.25
   1014.98       47.50
    999.51       74.75
    997.44       78.25
   1001.48       68.75
    981.79       45.75
    985.49       41.00
    993.54       58.50
    986.40       46.25
    972.29       44.50
    963.16       54.50
    974.02       41.00
   1011.21       69.50
    982.02       60.00
    988.41       72.00
    990.44       71.25
    971.18       45.00
    982.17       52.00
    978.37       41.25
    952.25       52.25
   1011.77       59.25
   1005.05       66.75
    985.94       38.75
   1016.34       37.50
    994.32       36.00
    981.03       32.00
    971.30       44.25
    979.77       47.25
   1006.29       73.50
   1001.86       45.75
    971.43       45.50
    980.41       40.50
    981.67       43.00
    961.49       47.25
   1000.88       66.75
    992.47       42.75
    988.07       58.50
    963.16       41.50
    990.22       48.75
   1014.16       70.00
    975.23       49.50
    999.32       33.25
    981.05       56.25
    995.27       28.00
    968.87       43.25
   1001.68       31.00
    987.09       52.00
    975.82       43.00
   1000.45       66.00
    983.30       61.25
    994.24       68.25
    997.04       43.25
    996.56       48.75
    954.16       53.00
    983.15       38.25
   1002.57       52.50
   1000.57       29.50
    966.17       54.00
    990.53       43.00
    998.90       36.25
    996.55       59.00
    961.30       72.75
    994.49       46.00
    966.35       44.50
   1004.05       41.75
    987.84       58.25
    963.01       47.25
    973.01       54.50
    998.40       55.25
    989.15       76.00
    992.85       45.50
    981.12       56.00
    989.75       48.75
    999.94       38.25
   1004.98       77.25
    989.78       56.50
    981.77       45.50
    990.36       49.75
   1002.88       28.75
    998.18       50.25
    967.22       50.00
    986.68       35.75
    985.01       66.25
    983.40       55.25
    994.09       70.50
    996.17       46.00
   1000.97       80.75
    953.69       56.25
   1001.89       69.25
    972.53       47.00
   1003.29       39.00
   1004.91       33.00
    989.45       33.50
    972.32       80.00
    992.25       38.75
    986.22       73.50
    983.01       71.25
    991.83       39.50
    982.71       60.75
    995.06       54.25
    988.06       44.75
    987.73       51.25
   1004.79       43.75
   1008.13       75.75
    983.12       49.75
    993.11       38.25
    978.21       50.75
    998.40       66.25
   1006.48       61.00
   1008.44       45.00
    979.60       47.75
    984.76       49.25
   1005.89       62.50
   1010.86       25.00
    962.59       42.50
    991.42       35.50
    994.34       51.00
    977.55       56.25
    996.03       70.75
    994.00       72.75
    965.18       65.50
    964.82       47.25
   1000.36       77.50
    958.15       63.50
    978.16       59.50
   1001.50       74.75
    998.87       64.50
    995.19       78.25
    976.49       72.50
    959.83       44.25
    986.61       62.25
    978.15       58.00
   1006.57       38.00
   1028.16       48.75
    968.44       45.75
    978.80       57.25
    969.58       46.75
    984.09       58.75
    969.51       47.50
    971.11       54.75
   1009.27       46.75
    959.99       48.00
    976.94       50.50
   1012.22       66.25
    970.81       66.25
    991.15       68.50
    994.01       67.75
   1020.82       42.25
    968.08       52.50
    997.69       76.25
    995.66       59.00
    963.73       44.25
   1001.23       40.25
   1002.96       38.00
    987.08       34.00
   1009.59       29.50
    973.25       40.25
   1004.79       31.75
    968.09       41.50
   1012.77       73.75
    986.48       47.75
   1014.21       45.00
   1007.99       28.50
    987.40       46.00
    985.60       69.50
    993.50       53.75
    931.54       45.75
   1014.47       37.75
    958.51       57.50
   1015.42       23.50
   1008.90       27.00
   1021.23       46.25
   1011.20       42.00
    996.41       62.00
    985.26       81.25
    998.11       45.50
    997.70       67.00
   1032.23       68.75
    984.46       51.75
    992.75       33.25
   1003.46       81.50
   1005.06       60.75
   1008.61       58.00
   1003.53       40.50
    982.57       39.50
    967.59       49.75
    974.93       44.25
    996.92       57.50
    954.05       51.00
    953.12       47.50
    950.70       54.75
    983.49       79.25
    985.42       85.25
    986.77       60.25
    952.92       60.50
   1005.63       37.50
   1007.16       46.00
   1007.71       30.75
    973.19       65.00
    979.86       55.75
    990.34       38.00
    963.54       60.25
    979.05       62.75
   1002.40       53.25
   1020.39       40.75
   1012.86       27.25
    967.98       69.75
    991.48       67.50
    996.60       36.00
    970.50       51.75
    973.52       42.00
    976.86       43.00
    956.24       63.25
    980.16       39.25
    988.96       36.50
    986.02       68.25
    970.87       44.75
    977.04       49.75
   1006.38       26.50
    999.99       35.50
    991.78       74.75
    995.12       62.75
    988.50       56.50
    988.88       74.50
    958.31       59.50
    976.35       58.25
    946.64       62.00
    980.64       49.75
   1004.66       29.00
    969.55       48.75
    975.53       57.00
    995.88       82.50
    995.82       53.50
    936.26       62.50
   1015.87       32.75
   1004.81       26.50
    970.36       48.25
    981.89       68.75
    986.89       74.50
    964.72       49.25
    980.29       51.25
    932.07       60.50
    953.19       49.25
    946.29       68.50
    964.99       56.00
    983.79       46.00
    956.84       51.25
    979.43       62.25
    995.50       62.75
    999.53       75.25
    959.45       51.25
    993.95       74.00
    984.24       72.25
   1012.60       29.25
   1004.86       68.75
    999.18       39.25
    978.72       51.00
    984.89       56.50
   1010.72       53.25
    999.82       70.00
    963.03       49.75
    979.26       46.00
    969.36       44.00
    996.12       57.75
    986.33       78.75
    999.96       35.25
    996.67       41.00
    990.39       50.25
    956.12       58.50
   1004.59       41.00
   1003.58       33.25
    989.85       56.75
    960.11       69.00
    996.17       58.75
   1021.31       52.50
    989.79       69.25
    948.65       79.50
    964.78       54.25
   1015.69       27.75
    948.53       55.50
   1028.03       42.75
   1007.18       35.25
    999.77       37.25
    980.84       50.50
    971.70       64.50
    987.24       50.75
    956.85       47.50
    974.47       71.25
    990.08       73.75
    973.99       77.75
    972.41       58.75
   1015.83       55.75
    960.34       58.00
   1014.69       58.00
    980.54       57.50
    962.50       45.50
   1014.30       41.00
   1008.58       45.25
   1006.26       33.75
    983.66       53.25
    965.69       65.75
    955.63       58.75
   1006.88       41.50
    995.71       38.75
    948.00       54.25
    957.67       58.75
    986.16       84.25
    965.47       57.00
   1019.96       38.50
   1021.84       49.75
   1010.44       63.00
   1004.91       58.00
   1009.61       43.50
    945.28       58.50
    950.17       51.50
   1009.47       43.75
    993.94       80.25
   1006.95       52.75
    991.81       69.75
    948.25       65.75
    994.25       44.25
    942.80       53.00
    965.91       67.50
    962.71       55.25
   1000.23       85.00
    967.06       49.00
    974.63       63.25
    964.84       51.25
    984.42       71.25
   1006.00       49.50
   1001.78       25.75
    993.71       80.75
    963.60       63.50
    978.84       44.75
   1012.07       70.50
    993.93       48.00
   1004.78       43.25
    989.78       83.25
   1011.34       28.50
    971.12       47.25
    979.64       59.50
    995.77       56.50
    969.76       48.50
   1001.82       49.75
    950.26       77.00
    969.18       61.00
   1017.80       61.00
    954.29       62.00
    966.19       52.25
   1006.03       60.00
   1004.11       51.25
    959.45       57.75
   1014.52       71.25
   1012.52       62.25
   1010.54       44.50
    974.19       63.75
    983.87       60.50
   1023.27       34.50
   1010.78       40.75
    965.22       50.75
    991.95       37.25
    970.56       58.75
   1000.19       78.50
   1012.43       29.75
    966.24       46.50
    982.38       49.50
    968.98       64.00
   1008.08       68.00
   1012.55       23.75
    985.26       44.00
   1003.66       35.50
    986.68       66.00
    967.22       58.00
    958.55       42.50
    950.91       60.75
   1012.32       24.25
   1000.74       34.75
    980.75       39.25
   1013.90       62.75
    984.62       59.50
    996.76       85.25
    980.30       65.75
    954.85       57.25
    965.42       56.00
    997.07       67.00
   1015.29       54.75
    983.06       48.50
   1001.49       41.50
    961.80       47.25
    967.64       65.00
    983.04       67.50
    965.48       47.00
    979.76       65.00
    953.21       61.75
    965.69       69.50
   1006.18       42.00
   1021.28       34.00
    987.39       78.00
   1010.35       37.50
    996.50       56.50
    980.48       52.00
   1007.43       43.50
   1000.02       60.00
   1007.15       34.00
   1006.85       35.75
   1009.53       65.50
    994.75       77.25
    960.56       70.00
    961.40       58.25
    954.43       53.50
    943.58       51.25
   1008.95       33.00
    993.40       59.00
    969.54       38.25
   1004.95       37.25
    970.19       78.25
   1000.06       38.00
    961.44       62.50
    994.66       46.25
    970.66       62.25
    980.07       69.75
   1002.60       73.75
    954.28       66.00
    959.33       40.50
    984.88       44.25
   1012.21       65.25
    976.89       58.25
    990.32       59.25
    990.90       59.25
    994.20       53.00
   1009.25       35.50
   1000.75       30.25
    998.77       68.50
   1006.08       50.00
    970.39       44.50
   1019.57       68.50
    999.64       37.00
   1000.60       35.00
    980.44       48.50
   1002.41       34.25
   1001.15       70.75
   1007.96       60.75
   1006.47       82.75
    980.42       60.50
    970.63       60.25
    984.19       40.75
   1001.42       72.75
   1013.79       30.75
    970.88       70.75
    962.70       58.25
    989.34       55.00
    989.39       55.50
   1003.96       27.25
    990.47       61.25
   1004.41       50.75
    977.18       65.25
    992.33       72.50
    956.64       49.75
    943.30       54.00
    978.65       58.00
    999.84       42.25
    992.57       50.25
    996.47       79.75
    984.91       43.50
    992.26       72.50
    979.63       71.00
    992.32       74.75
    967.47       55.50
    982.24       37.50
    959.36       53.00
    978.12       38.00
   1007.18       28.25
    972.96       62.00
   1006.83       36.75
    991.22       67.25
    984.56       79.00
    980.46       65.25
   1029.33       61.50
    960.81       49.75
    977.89       54.25
    992.99       55.00
   1015.89       72.50
    983.78       74.75
   1006.44       29.00
   1001.21       42.25
    947.07       45.00
    975.30       41.25
   1004.09       30.00
    968.66       81.50
    997.00       81.50
    964.43       43.25
    981.46       55.25
    944.56       46.00
    991.36       77.50
    993.52       70.25
   1003.56       28.00
   1010.69       45.75
   1003.90       36.50
    998.54       54.00
    970.61       68.00
    971.02       48.00
    974.29       75.00
    998.26       64.50
    968.19       72.50
    999.25       49.50
    979.94       62.25
   1017.82       51.00
    960.71       54.75
   1016.85       33.75
    986.75       51.00
    985.96       61.00
    997.48       28.50
    979.36       53.00
    982.45       47.75
    980.63       46.00
    958.02       73.25
   1006.68       29.00
    976.00       64.00
   1000.32       76.00
    994.99       49.25
    962.46       47.75
   1015.54       70.75
    993.04       35.75
   1008.74       38.00
    989.56       67.50
    995.55       65.25
    962.56       46.75
   1011.60       42.75
    976.92       75.75
   1006.47       52.50
    973.27       55.75
    976.82       40.50
   1019.51       37.00
    962.98       53.25
    982.66       53.25
    969.45       62.75
    991.40       63.75
   1006.30       40.50
   1000.58       49.00
    998.58       75.50
    966.27       58.00
    980.12       76.25
   1005.78       34.75
   1008.98       57.75
   1002.84       53.00
   1000.75       78.00
   1000.85       80.00
    985.42       56.50
    982.23       47.50
    989.58       62.00
   1006.99       55.75
    987.57       49.75
    992.37       37.25
    983.38       56.50
    989.08       62.50
    996.85       42.25
    951.90       54.25
    999.31       43.50
    983.40       59.00
    982.99       46.75
   1000.38       46.75
    983.89       54.25
    988.39       64.75
    969.88       42.75
    990.67       78.25
   1018.45       71.25
    964.34       58.75
    965.14       53.50
    974.07       73.75
   1013.97       79.75
   1008.72       34.50
    967.77       57.50
    998.78       43.75
    983.11       77.25
    972.19       46.25
    972.68       51.25
    986.04       61.75
    967.52       57.00
    987.51       59.00
    993.85       38.50
    973.68       60.00
    976.24       57.00
   1005.24       69.50
    999.06       36.00
   1003.71       41.25
    975.77       39.00
   1024.53       41.50
    998.19       63.50
    972.04       52.50
    984.82       75.50
    954.42       52.75
    961.37       73.75
   1001.37       48.00
    980.31       72.25
    971.91       49.50
   1005.05       36.00
    966.62       58.75
    982.92       56.50
    960.94       49.25
    976.59       57.50
    985.19       55.75
    963.33       48.00
   1004.83       40.75
    997.00       49.75
    980.55       70.00
    965.93       78.75
   1008.97       74.50
   1006.59       33.25
    970.76       61.00
   1000.83       71.00
   1000.76       55.00
    953.26       52.50
   1005.77       43.50
    989.19       56.75
    956.52       61.75
    975.33       60.25
    953.01       50.75
    992.60       81.75
    961.44       50.75
   1007.11       57.75
    970.12       74.00
    989.41       46.50
   1010.25       34.75
   1003.43       84.25
   1001.87       63.75
    963.60       51.00
    968.57       57.50
   1017.57       62.50
    964.10       59.25
   1012.36       26.50
    980.70       46.25
    990.60       68.75
    997.83       57.75
    972.41       77.75
   1003.34       55.75
    983.87       56.75
    984.27       79.75
    965.86       55.00
    967.52       57.25
    961.31       49.75
   1009.77       43.50
   1003.01       27.50
    980.98       81.50
    994.12       33.75
    989.30       49.00
    981.29       60.00
    950.24       58.25
    968.37       45.25
    991.37       55.00
    990.51       85.50
   1005.30       40.75
    998.59       37.00
    988.11       51.25
    994.53       45.75
    994.00       71.00
    983.19       62.50
    997.86       62.50
    976.20       46.75
    969.08       57.25
    973.25       60.75
    962.98       44.50
    991.47       41.75
   1009.53       81.25
   1011.12       27.00
    980.18       60.75
    978.94       70.50
    939.32       55.75
    995.97       64.00
    972.09       57.00
    957.82       63.75
    969.94       41.50
    999.91       51.50
   1015.74       26.25
   1003.73       42.00
    968.95       56.50
    930.84       56.25
    967.54       44.25
    963.29       43.25
    970.80       73.75
   1002.51       42.75
   1012.09       30.75
    986.46       53.50
   1008.86       79.50
    949.56       58.25
    989.46       61.25
    965.11       51.50
    971.75       50.00
   1006.01       77.75
    959.10       53.75
    986.46       56.00
   1005.09       41.25
    995.38       80.50
    990.70       60.50
    985.01       67.25
    954.86       59.00
    975.00       38.50
    986.60       42.00
   1002.54       33.25
    965.32       58.00
    982.79       59.25
    940.49       59.25
    973.19       52.75
    971.66       67.00
   1006.30       32.25
    954.79       63.50
    950.78       55.50
    982.16       46.25
    987.11       57.00
    987.29       68.75
   1010.95       30.25
   1007.80       30.75
    973.68       51.75
    986.09       81.75
    949.07       46.00
    996.98       62.25
    963.64       46.50
   1010.21       31.25
   1025.88       73.25
   1001.64       70.00
    972.90       45.75
    986.24       53.00
    989.32       57.25
   1014.43       58.50
    970.76       41.25
   1010.16       40.75
    998.83       48.25
   1011.21       63.75
    997.48       66.00
    968.49       62.75
   1017.00       57.75
    970.45       56.25
   1002.86       52.75
    983.43       46.75
    968.18       43.50
    987.19       63.25
    971.98       46.00
   1000.13       77.00
    973.91       60.50
   1009.98       33.50
   1011.07       49.50
   1001.78       71.25
    958.33       49.00
   1003.29       44.50
   1002.13       44.00
    996.16       73.75
   1011.82       36.75
    970.38       41.00
    966.94       51.00
   1011.89       64.50
    954.97       47.00
   1011.59       72.75
    957.29       57.25
   1003.98       53.75
   1006.45       39.00
    997.69       33.00
    975.39       55.75
   1017.52       46.00
   1008.77       64.75
    999.04       72.25
    973.67       53.75
    979.25       56.75
    957.14       71.75
   1007.73       31.00
    959.96       52.75
    971.65       52.75
    999.86       69.00
    972.56       45.50
    996.83       59.75
    984.91       41.00
    991.64       66.25
   1005.75       30.50
    967.26       66.75
   1003.27       59.75
   1007.42       35.50
    967.24       53.00
   1005.84       70.25
   1001.80       67.50
    978.99       66.25
    986.04       56.75
   1012.71       44.50
    989.88       79.50
    970.47       68.25
    988.51       56.75
    977.96       47.75
    990.23       51.50
    984.47       38.25
    988.16       59.75
    980.12       54.25
    997.85       64.50
    990.35       54.00
    982.59       52.50
   1007.26       36.00
    967.01       50.00
    971.81       52.50
   1002.88       44.75
    992.79       78.50
   1011.10       44.25
    986.65       59.00
    944.69       56.00
    956.21       73.00
    996.14       84.00
    943.21       58.50
    973.33       75.50
    971.97       62.00
    973.76       59.00
    944.95       65.50
    994.74       81.25
    950.43       40.50
    952.39       73.25
   1019.57       34.50
    986.53       41.25
    983.20       55.75
   1003.19       72.00
    951.99       57.25
   1013.39       35.50
    984.21       64.25
    941.60       64.00
   1012.69       28.75
    992.02       38.00
    998.50       55.50
    999.12       59.25
    988.33       83.75
    986.88       55.25
   1002.24       45.50
    986.41       57.00
    974.79       77.50
    928.87       58.25
   1009.56       51.00
    988.64       81.75
   1000.91       66.25
    978.53       64.00
    959.68       45.75
    981.40       49.00
    990.60       66.00
   1012.19       27.75
    971.30       52.25
   1004.74       41.50
   1001.56       55.75
    955.62       58.25
    980.54       52.50
    982.06       51.50
   1003.08       75.00
   1006.62       79.00
    995.90       66.25
    997.56       59.75
   1000.85       72.00
   1006.51       31.75
    986.51       60.50
    965.06       53.75
   1009.13       27.00
    958.53       54.75
    967.45       49.00
   1004.44       80.00
    949.08       56.00
   1017.49       52.75
    935.21       50.00
    989.74       60.50
   1003.75       62.25
    972.01       51.75
    998.81       34.00
    967.11       54.25
    977.24       46.00
    992.40       64.25
   1008.73       76.50
   1013.71       72.25
    989.92       50.75
    940.20       61.25
   1004.39       40.00
    995.67       73.00
    981.66       48.75
    997.17       51.75
    964.52       53.00
    996.68       47.00
    963.50       51.50
    982.80       62.00
    999.42       51.50
    976.35       75.25
   1004.09       27.75
    974.36       48.75
   1012.90       31.00
    989.52       43.00
    958.88       57.25
    964.68       56.25
    987.66       46.00
    992.56       51.50
    966.74       55.50
    980.02       54.75
    986.27       77.75
    949.93       59.75
    982.32       61.50
    986.00       57.00
    997.55       49.25
   1008.64       65.00
   1001.84       48.75
   1013.49       28.75
   1002.35       81.25
    999.57       52.75
    966.17       53.75
    997.56       55.75
    976.66       60.50
    997.12       47.75
    984.16       64.00
    984.10       35.75
    948.99       39.25
    972.38       55.00
    946.73       58.00
    989.91       38.00
   1002.66       74.75
    951.50       61.75
    975.99       38.25
    970.98       59.25
    995.48       52.25
    993.35       37.50
    952.24       60.00
    960.71       54.75
    964.04       57.25
   1010.66       30.25
    965.17       48.25
    979.16       47.25
   1015.57       63.25
    993.11       51.00
    943.52       52.00
    993.30       37.75
    999.03       66.25
    992.65       78.75
    959.95       54.75
   1002.81       48.00
    937.92       57.25
    983.37       34.50
    973.21       41.25
   1007.29       52.00
   1022.87       40.75
    993.24       79.25
    977.11       50.00
    948.25       50.75
    989.33       68.50
    957.85       50.50
    947.46       60.00
    957.70       60.75
    992.03       60.50
    996.28       42.75
    980.49       40.00
   1004.64       84.00
    991.93       41.00
   1002.54       29.00
    996.86       80.50
    991.29       53.25
    980.97       41.25
    976.95       74.50
    955.74       53.00
    998.25       41.00
   1003.25       49.50
    975.82       54.25
   1001.02       80.00
    995.56       44.50
   1007.61       26.25
    952.04       60.75
   1024.06       60.00
    988.66       75.25
    995.51       60.50
    996.02       55.50
    978.96       48.50
    957.89       47.25
    967.00       52.25
    990.42       74.00
    962.44       57.75
    976.18       45.25
    970.31       57.00
   1007.35       33.75
    989.99       63.25
   1000.75       30.00
    970.69       44.50
    996.07       65.75
   1008.92       43.50
   1021.39       60.00
   1002.18       41.00
   1006.13       29.50
    994.88       54.50
   1003.94       28.50
    985.53       53.75
    963.41       56.00
    973.44       48.25
    994.69       49.00
   1000.05       77.25
    994.74       40.75
    987.57       51.25
   1008.26       38.25
    963.58       52.50
    995.85       62.25
    974.02       68.00
   1011.89       27.50
    963.79       54.75
    953.10       55.75
    959.94       42.00
    997.19       67.50
    983.66       52.75
    998.82       68.50
    984.10       78.50
   1006.06       79.00
    972.18       58.75
    970.36       36.00
    976.64       61.00
    988.16       62.00
    986.77       50.50
   1012.06       40.50
   1001.01       62.50
    969.76       43.00
   1001.46       35.50
    988.53       82.50
    982.47       62.25
    943.16       62.25
    989.98       71.25
    988.24       70.00
    972.26       45.75
    956.70       47.25
    966.57       77.25
   1009.80       32.75
    958.82       48.50
    982.30       39.75
    973.32       41.50
   1011.01       28.75
    994.28       41.50
   1012.90       42.75
    997.08       63.75
    974.92       51.25
   1004.81       41.00
    980.90       75.00
    986.74       74.25
    975.84       64.25
   1010.55       63.50
    973.47       42.50
    970.41       76.50
    950.38       65.00
   1001.31       43.25
   1019.70       64.00
    963.66       56.25
    952.33       67.00
    984.37       45.75
    960.65       47.25
    949.47       42.50
    997.23       42.75
    988.86       47.75
    988.41       63.25
   1003.08       67.75
   1016.57       36.50
    953.65       52.75
   1001.71       65.25
   1008.76       32.00
    972.96       63.25
    959.63       62.00
   1008.72       44.50
    986.29       68.00
    990.07       69.25
    980.54       56.50
    955.87       54.50
   1005.58       36.00
    961.00       75.00
   1004.38       63.50
    985.59       41.00
    997.93       38.75
    982.26       55.50
    990.13       71.25
    958.53       54.25
   1012.27       45.25
    949.21       59.50
    981.22       77.00
    995.95       51.25
    983.36       61.75
    936.87       63.00
   1003.86       57.50
    987.80       74.50
   1005.14       30.75
    989.38       72.25
    946.79       48.50
    993.81       65.25
   1002.17       35.50
    959.80       62.75
    991.96       39.25
    960.42       55.50
    968.33       55.50
    991.30       57.25
    993.56       35.50
    984.71       80.00
    951.56       46.50
    967.66       41.00
    966.91       73.50
    992.87       52.25
    973.95       45.75
    966.04       45.00
    981.50       63.00
    963.83       58.50
   1004.32       58.75
    997.55       30.50
   1012.71       29.00
    983.79       65.00
    943.41       64.25
    951.53       63.75
    964.75       48.25
    984.45       56.50
    998.50       83.25
    990.31       60.75
    981.80       78.00
    948.10       60.75
    960.88       52.00
    998.41       69.50
    986.66       74.00
    958.82       55.25
    957.12       40.50
    992.90       83.00
    988.51       45.75
    944.06       57.75
    966.62       65.25
    995.69       40.25
    994.63       47.00
   1003.36       57.50
   1010.27       42.50
    971.20       64.75
    972.29       37.75
    974.88       65.25
    959.98       58.25
    981.84       64.25
    954.75       45.75
    999.59       33.25
   1014.44       53.75
    947.16       58.25
   1002.05       67.25
    953.50       70.25
    995.36       39.25
    987.52       64.50
    995.27       69.00
   1003.24       48.50
    976.18       54.50
   1026.81       42.75
    986.83       85.25
    975.93       41.00
   1006.78       35.75
    989.13       52.75
    991.32       77.50
   1006.67       42.25
    997.30       60.75
    978.45       79.25
    976.59       70.25
   1013.24       25.25
   1010.50       66.75
    975.57       40.25
    980.35       56.75
    956.54       63.00
    988.00       41.25
    981.96       66.75
    970.57       59.50
    994.88       74.75
    965.22       52.50
    993.70       67.75
    984.11       40.50
    966.11       41.50
    966.76       54.00
   1009.66       27.25
    982.46       50.75
    979.86       37.25
   1002.67       38.50
    993.46       49.25
    986.84       64.50
    998.53       70.25
    983.78       63.75
    961.68       76.50
   1006.55       53.25
    975.08       82.25
    982.07       83.75
    973.98       42.25
   1008.88       30.25
   1008.69       57.50
    986.17       40.50
    962.49       70.00
   1003.32       30.00
    979.05       59.75
    955.49       66.00
    985.79       35.75
    992.34       59.25
   1008.73       77.25
    953.93       70.50
   1003.52       52.00
   1000.68       43.00
    987.41       51.25
    965.95       44.00
   1008.83       27.00
    960.07       72.75
    984.79       45.50
    985.03       32.50
    973.49       53.00
    983.54       62.25
   1006.94       34.75
    958.27       46.00
    979.79       63.50
    996.46       48.00
    989.87       73.75
   1000.28       60.25
   1009.88       62.25
    981.78       34.00
    977.63       36.75
    967.77       53.75
   1005.06       61.75
    997.69       38.00
    964.77       64.50
   1006.83       29.75
    993.74       37.50
   1000.16       34.50
    959.85       59.75
   1008.97       54.25
    985.03       50.25
    974.60       71.75
   1001.71       79.00
   1008.50       59.00
    982.13       52.50
    971.17       55.25
   1005.12       28.50
    980.17       69.00
    984.55       66.00
    962.95       63.00
    983.43       57.75
    997.36       35.25
    970.86       81.75
   1009.47       72.25
    946.53       59.25
    989.51       54.00
    992.40       40.25
    987.19       86.00
   1010.65       59.75
    994.14       40.25
    974.61       44.00
    983.28       70.00
    962.68       70.00
    987.08       68.75
    999.89       46.00
    946.22       63.25
   1013.84       46.00
   1003.96       60.75
   1001.78       76.00
   1009.84       40.00
    995.86       77.25
   1017.16       30.75
   1007.14       45.50
    990.48       73.50
    974.26       59.25
    998.80       80.25
    952.42       68.00
    994.44       48.00
    981.86       61.50
    953.52       53.00
   1000.50       56.50
   1001.07       42.50
    994.54       75.00
    965.33       65.00
   1008.46       67.75
   1009.28       31.00
    956.65       48.50
   1004.27       30.50
    975.69       49.00
    981.89       60.50
    948.08       61.50
    961.18       58.50
    997.12       73.50
    997.48       52.75
    996.83       49.00
   1011.78       26.50
    971.46       75.00
    997.78       51.75
    962.58       53.50
    976.26       43.50
    927.89       53.75
    981.40       66.75
    999.05       82.25
    995.44       71.25
    961.97       58.75
    983.06       54.75
    984.62       59.50
    991.55       62.50
   1014.62       28.75
    959.40       58.00
    993.72       68.50
    997.82       52.75
   1009.40       31.00
   1002.13       71.25
   1000.82       42.50
    995.22       78.00
   1001.66       40.00
    980.87       75.50
    967.48       54.50
    988.87       49.75
    942.82       56.25
    980.89       45.50
    997.70       50.75
    955.55       76.25
   1017.21       32.50
    943.37       54.50
    970.87       53.50
    960.33       54.75
    986.25       63.00
    987.28       71.75
   1024.13       36.75
    958.58       74.00
    985.38       51.75
    976.19       64.25
    968.51       54.00
    994.45       55.00
    991.45       43.50
    958.97       60.50
    987.46       51.00
   1008.40       27.00
    969.03       80.25
   1022.21       31.00
   1003.37       35.50
    955.66       52.00
    965.38       52.75
    952.94       59.25
    930.89       64.75
   1002.55       51.75
    984.94       62.25
    970.93       76.25
    979.61       48.00
    978.54       45.50
    991.49       63.00
    958.80       43.50
    953.98       57.00
   1002.74       51.50
    955.59       54.50
   1002.60       36.00
    974.03       49.25
    986.50       39.75
    966.17       51.50
    988.57       45.75
    963.64       82.75
   1010.54       62.00
    952.20       60.75
    979.52       60.75
    981.76       42.75
    975.46       77.50
   1000.28       45.50
    982.17       38.25
   1000.09       67.50
   1004.33       40.00
    979.60       71.25
    988.09       78.50
    944.86       52.00
    998.27       36.25
   1016.53       64.50
   1012.54       27.25
   1004.33       37.75
    949.31       58.25
    991.62       36.75
    985.34       73.50
    970.43       54.25
   1008.27       67.75
   1010.01       80.75
   1006.56       77.25
    975.22       51.75
    990.08       45.25
   1012.52       77.50
    995.62       66.00
   1003.00       83.25
    974.14       51.25
    966.72       48.50
   1013.76       83.75
    994.88       52.50
    984.13       60.50
    980.15       58.25
    962.88       54.75
    981.01       64.75
   1011.79       67.50
    962.25       49.00
    967.48       57.75
   1008.37       38.00
   1003.87       43.75
   1005.77       69.25
    999.38       52.50
   1009.67       73.50
    958.60       45.00
    991.96       44.50
    975.91       58.25
    998.85       49.00
    968.45       44.25
    995.10       50.50
    965.16       65.00
    988.35       63.50
   1002.71       43.25
   1017.36       52.75
    950.88       61.75
   1001.72       56.00
   1007.46       26.50
    952.36       52.75
   1000.77       57.25
    947.36       62.50
    941.56       45.25
    999.41       51.75
    950.80       50.00
   1009.73       35.25
    993.01       41.25
    992.57       67.50
    974.19       49.00
   1021.51       39.75
    960.39       72.50
   1008.67       47.50
    972.32       57.50
    956.95       45.25
    963.41       58.25
    973.73       71.50
    972.45       77.75
    983.74       49.25
   1009.00       73.50
    947.36       58.00
    982.08       56.50
    958.85       55.75
    950.21       61.50
   1016.32       32.25
    966.38       69.50
    998.76       75.50
    973.26       45.00
    994.07       53.75
   1006.48       32.75
    970.20       60.50
    958.77       45.50
    990.12       51.00
   1003.47       37.25
    998.12       77.25
   1021.25       33.50
    970.83       49.50
    996.38       40.00
    953.51       54.50
    981.92       65.00
   1014.95       29.50
    992.20       59.75
    992.31       58.25
    964.81       74.50
   1003.05       42.00
    969.61       51.50
    972.76       44.50
    998.63       57.25
    976.49       57.50
    973.57       54.50
   1002.96       28.50
    986.31       48.50
    997.33       43.00
   1014.39       40.75
   1008.98       62.75
    981.99       51.75
    962.89       59.25
    991.38       44.75
    994.35       69.25
    960.31       60.75
   1008.66       75.50
    978.11       45.25
    991.50       74.25
    992.78       56.75
    982.97       54.50
    999.71       74.75
    961.61       63.00
    974.55       59.25
    959.35       63.25
    990.17       82.50
    955.93       66.75
   1002.67       56.50
    958.50       58.25
    997.99       48.00
    967.38       52.50
    980.35       58.00
    989.34       78.00
    959.84       51.75
    979.67       66.00
    962.48       47.00
    966.01       57.50
   1000.20       33.75
   1004.67       41.50
    961.49       49.00
    991.84       42.75
    982.03       57.00
    990.52       65.25
   1007.63       78.50
    979.68       68.50
   1016.97       22.50
    961.92       46.25
    976.42       72.75
    973.10       51.00
   1009.57       29.75
    971.74       53.75
    986.30       41.25
    958.70       47.25
    970.23       60.50
    962.17       44.75
    999.01       70.25
    966.92       58.00
    982.57       47.25
    986.19       74.75
    998.30       79.50
    996.44       72.25
    990.39       50.50
    990.07       49.25
    989.84       60.00
    986.42       52.00
    987.56       57.75
    977.54       60.50
    998.95       60.00
    968.62       50.25
    958.84       54.50
    962.28       56.00
   1002.21       32.75
    981.67       50.75
   1009.65       69.75
    979.56       42.25
    988.87       55.75
    992.87       47.75
    987.04       72.00
    979.18       77.00
    953.35       53.00
    971.56       70.75
    992.60       82.50
   1005.06       50.25
   1014.44       34.50
    955.34       54.25
   1002.00       30.50
   1006.58       28.25
   1002.75       45.50
    974.98       68.75
    959.45       52.00
    955.69       56.75
    992.30       49.75
    998.16       35.00
    967.23       56.25
    971.72       66.75
    948.26       53.25
   1004.48       60.25
   1004.06       56.75
   1004.38       41.75
    943.90       52.25
    950.92       55.50
   1003.59       38.25
    938.78       67.75
   1017.70       37.25
    983.45       74.50
   1000.17       59.00
   1021.50       27.75
    949.95       64.75
   1002.96       57.50
    965.05       54.00
    991.49       65.25
   1007.25       39.50
    974.52       52.50
    951.15       64.75
    945.43       64.50
    970.51       72.25
   1002.66       72.75
    984.96       50.25
   1027.03       36.50
    957.36       58.50
    933.95       60.00
   1012.96       46.50
    989.86       40.25
    967.77       56.75
    954.51       64.25
   1018.53       41.75
    957.16       60.75
    982.25       81.75
    988.38       43.50
   1019.46       25.25
    966.64       49.00
   1003.55       37.25
   1006.25       43.25
    999.77       35.25
    987.22       61.75
    978.16       63.25
    995.97       43.25
    986.78       66.50
   1001.39       36.75
    994.51       37.50
   1011.62       28.75
    978.31       51.00
    987.02       48.75
   1003.06       35.75
    985.16       59.00
    976.02       57.75
    984.55       50.50
    997.23       40.00
   1006.59       68.50
    954.72       60.25
    999.33       41.25
   1012.95       29.00
    974.53       80.00
    967.62       69.75
   1004.95       39.00
    962.51       37.50
   1009.23       58.50
    962.26       64.00
    970.55       52.00
   1005.16       74.50
    971.45       73.75
    964.02       51.50
   1000.40       49.25
    979.59       42.50
    983.56       82.25
    975.58       59.25
   1008.39       57.75
    980.37       50.75
   1002.59       29.00
    967.58       59.75
   1018.90       28.50
    964.01       61.75
    977.99       60.25
    992.85       48.50
    962.48       45.50
    990.01       81.25
    998.74       38.75
    988.00       67.50
    989.11       63.25
    973.02       47.50
    994.33       39.50
    973.61       46.25
    981.69       68.75
    956.51       78.50
    993.13       43.50
   1002.46       35.75
   1011.80       29.25
    971.32       56.25
    959.06       73.50
    980.02       38.75
    943.64       50.00
    980.38       66.75
    958.61       54.00
    979.88       82.50
    990.05       62.00
    996.07       51.75
    984.83       38.75
    987.54       47.50
   1002.97       67.00
    953.37       80.00
    992.05       65.75
    966.76       73.50
    979.12       48.75
    985.70       39.50
    953.65       56.25
    969.64       59.75
   1010.48       44.00
    970.35       70.75
    958.44       61.75
    958.98       59.00
    976.88       57.25
   1013.60       46.00
   1003.43       51.75
    982.91       50.75
    980.92       46.00
    955.09       44.75
    992.58       68.75
    995.52       60.00
    987.08       44.75
   1003.15       51.75
    953.90       43.50
   1001.34       71.25
    992.56       36.00
    972.38       48.75
    933.56       53.75
    988.64       47.00
    961.28       53.25
    984.18       39.50
    999.78       83.75
    974.45       57.50
    997.63       81.25
    981.13       43.75
    978.90       59.00
    967.75       42.75
    985.04       44.25
   1004.64       37.75
    969.88       48.00
    985.77       85.00
    981.98       74.50
    960.89       48.75
   1011.28       50.50
    962.95       61.75
    967.18       43.00
    974.33       75.00
    982.22       34.75
    982.08       63.25
   1002.70       29.25
    971.13       47.50
    991.63       47.25
    977.50       44.00
    965.25       49.50
    988.28       62.75
    998.82       33.00
    983.91       68.50
   1015.30       32.25
    965.75       74.50
    982.91       54.75
    947.00       53.50
    960.50       61.50
    979.85       64.75
   1003.30       40.75
    952.76       52.50
    996.82       39.25
    989.02       63.75
    973.61       78.25
    986.16       55.25
   1003.65       28.75
    977.58       50.50
    981.27       56.50
    984.95       45.50
    995.62       41.25
    967.96       51.75
    972.95       62.50
   1001.85       45.00
    975.46       74.50
    974.88       54.25
    995.54       50.50
   1011.00       34.75
   1010.67       31.25
    993.08       54.00
   1011.35       29.25
   1003.84       46.25
    951.01       60.75
    996.78       76.50
    983.04       35.50
   1005.08       52.50
    976.47       58.50
    958.91       53.75
    978.82       55.25
    991.06       78.50
    982.31       41.75
    988.92       65.00
   1007.85       25.25
   1017.84       32.50
   1002.20       63.00
    991.58       69.25
   1006.44       33.75
   1007.01       61.00
    969.46       51.75
    978.32       45.50
    996.10       45.25
    984.58       51.00
    995.44       57.25
    978.33       51.50
    978.33       61.50
    986.79       44.50
    958.16       61.50
    957.61       50.25
    981.15       57.25
   1006.90       61.75
    992.61       48.50
    964.05       54.00
    959.40       47.50
    961.72       46.50
    954.14       57.25
    986.59       71.50
    967.07       53.75
    983.51       40.50
    992.38       42.75
    974.81       54.25
    947.63       58.50
   1019.09       40.00
    954.74       55.25
    994.13       75.00
   1015.73       30.00
   1001.97       31.25
    973.37       51.00
    980.72       56.00
    991.01       51.00
    986.17       48.00
    952.78       77.50
   1017.11       40.50
    983.95       38.75
    985.07       71.50
    998.14       42.75
   1001.51       59.00
    965.96       60.75
    977.49       58.50
    947.42       49.00
    972.34       59.25
    985.24       64.25
    964.20       54.75
    960.45       54.00
    964.34       49.50
   1004.08       42.00
   1009.82       46.25
    973.52       78.00
    996.92       63.50
   1013.32       72.00
   1014.04       42.00
    999.78       73.75
    994.15       49.50
    976.88       54.75
    970.53       50.00
    945.90       56.00
    960.13       49.50
    977.78       35.75
    970.21       57.50
   1005.26       58.00
    949.61       48.75
    980.62       54.00
   1009.41       65.50
    992.31       52.75
    993.83       65.75
   1017.25       66.00
    953.31       39.50
    985.11       57.75
    973.35       73.75
   1005.36       65.25
    994.38       39.50
    957.42       47.00
    988.16       50.75
    978.76       49.00
    957.05       61.25
    997.43       69.25
    986.42       61.75
    946.05       62.00
   1009.25       36.50
    989.65       55.25
   1010.22       64.00
    993.21       47.25
   1008.44       37.25
    993.13       46.25
    982.55       73.75
    980.33       75.75
    993.97       42.00
    983.00       51.75
    964.05       46.50
    972.64       83.25
    935.64       68.25
    952.51       55.25
    967.19       57.75
    979.91       76.25
   1018.73       28.50
   1006.22       42.50
    961.60       61.75
    973.53       56.25
    993.23       47.50
    999.16       55.75
    976.11       53.75
    969.79       42.50
   1013.03       25.50
    972.26       61.75
    999.69       75.75
    988.06       39.50
    961.01       56.00
   1004.59       74.75
    962.98       50.00
   1025.09       50.25
    995.00       76.75
    957.46       40.50
    968.09       56.00
    984.92       49.25
   1033.06       52.75
   1011.18       27.50
   1003.23       44.50
    962.88       61.50
   1003.40       27.25
    979.25       54.75
    972.72       60.25
    982.12       41.25
   1010.42       60.75
    983.60       49.00
    985.61       63.00
   1010.11       64.25
    970.42       81.50
    966.64       36.25
    979.92       41.75
    990.55       51.25
    952.13       59.75
   1011.30       68.75
    996.85       33.00
    990.86       72.75
   1012.80       22.25
   1010.65       68.25
    977.14       51.25
   1002.09       60.00
   1016.70       27.50
    984.94       61.50
    989.46       34.75
    999.38       53.25
    989.94       36.50
    955.95       58.50
    974.38       64.50
    972.31       46.75
   1000.84       39.75
    961.18       66.25
    993.68       38.00
    986.27       59.00
   1004.02       47.75
    985.07       59.75
    971.18       37.50
    968.59       70.25
    991.85       77.50
   1010.85       51.75
    956.61       53.25
    945.60       59.25
    981.67       60.25
   1009.26       26.25
    973.81       56.25
   1005.07       38.75
    966.39       62.25
    979.53       57.75
    999.58       31.75
   1006.27       77.25
    964.97       48.75
    992.86       77.75
    984.50       67.25
    953.71       57.75
   1014.84       49.75
    990.26       81.00
   1003.63       72.25
    958.91       57.25
   1004.60       56.75
    997.04       49.50
    974.00       63.00
    989.12       74.75
   1009.47       77.75
   1001.26       26.00
    991.77       50.50
    942.08       60.00
    995.58       82.25
    992.86       58.75
   1016.19       32.75
   1008.49       34.25
    999.82       59.75
   1010.42       33.75
    980.15       51.50
   1000.19       56.00
    963.75       41.00
    998.21       46.00
   1014.43       65.75
    948.67       51.75
    986.98       47.00
    971.51       75.25
    984.06       56.50
    983.88       51.75
   1025.51       70.75
   1001.89       46.50
   1001.31       42.50
    993.23       41.50
    964.56       44.75
    980.84       81.50
    966.04       46.50
   1017.15       66.75
    986.46       39.25
    996.18       49.25
    971.70       55.50
    980.64       41.75
    977.93       82.25
    970.87       55.75
    950.53       62.00
    973.24       79.25
    971.09       44.25
    962.66       55.75
    962.94       59.75
   1011.18       47.25
    981.08       66.75
    982.76       45.00
   1005.69       40.25
    997.46       67.00
    942.78       51.75
    994.04       44.50
   1008.55       69.75
    970.21       53.75
    999.25       64.25
    978.11       72.75
    951.20       47.75
    953.28       48.75
    968.12       45.25
    975.16       76.50
    976.39       62.25
    984.38       45.50
   1004.09       42.75
    962.73       52.50
    996.72       46.75
    983.57       76.00
    980.56       54.50
    985.98       71.00
    994.15       48.75
    956.62       57.50
    959.04       53.25
    975.44       82.75
    982.79       56.25
   1000.03       45.75
   1009.31       33.00
    980.17       49.25
    998.52       66.50
    968.16       42.25
    969.61       49.25
   1001.52       77.50
    969.30       58.25
    964.57       49.75
   1011.22       66.25
    976.97       51.25
    980.09       48.00
    967.96       80.75
    973.35       58.75
   1013.22       60.75
   1002.32       34.00
    991.50       47.75
   1007.89       66.00
    976.48       71.75
    977.94       64.00
   1005.78       34.50
    973.12       53.50
   1006.90       76.00
    975.40       76.00
   1018.29       48.25
    941.76       50.00
   1004.73       36.00
    988.44       40.00
   1008.57       33.50
   1007.27       56.00
   1004.30       49.00
    941.51       52.50
    987.96       62.25
    969.38       71.50
    966.66       50.75
    957.94       54.00
    993.14       79.00
   1012.03       27.25
    976.89       65.25
    967.88       40.25
   1004.83       41.75
   1004.83       32.00
    972.49       47.75
    956.06       57.00
    977.40       63.50
    989.02       38.50
    983.51       48.25
    963.35       55.25
    952.95       56.00
    973.07       66.50
    998.71       37.50
    991.34       74.50
    987.85       71.25
   1003.17       67.00
    998.14       36.50
    990.29       43.25
    987.13       72.25
    981.95       69.00
    972.43       45.25
    987.19       61.00
   1019.53       40.75
    991.52       52.50
    933.31       44.25
    982.02       49.50
    988.86       64.25
    990.20       56.00
    963.98       47.25
    979.69       60.00
    947.77       74.00
    989.63       38.75
    970.21       49.50
   1002.18       33.50
    981.93       53.25
    987.86       63.00
    970.05       56.50
    993.42       68.25
    982.83       74.75
    967.09       48.75
    965.72       38.75
    988.03       36.75
    977.07       49.50
    976.80       57.75
    967.04       61.50
   1005.12       46.00
    975.80       60.25
   1009.52       38.50
    965.38       47.00
    994.31       32.25
    972.19       51.50
    987.89       37.50
    974.32       54.50
    954.91       45.00
    994.58       65.75
    995.90       67.00
    970.49       41.75
    968.79       51.25
    992.56       40.25
    981.21       39.25
   1019.49       66.00
    976.80       55.25
    988.26       62.25
   1016.71       53.75
    957.38       60.00
   1005.54       50.75
   1000.97       78.50
    951.62       45.25
    993.92       39.50
    947.79       53.50
    995.10       59.25
    984.05       71.00
   1007.04       45.00
    992.54       51.00
    992.38       42.00
    984.27       46.50
   1001.93       42.25
   1007.63       59.00
   1007.39       75.00
    959.76       58.00
   1009.38       33.25
    991.53       56.25
   1009.66       31.25
    992.13       54.75
    954.40       54.25
   1009.34       31.75
   1008.39       34.50
    997.06       79.75
    980.42       37.00
    961.72       47.00
   1011.72       49.25
   1017.63       66.00
    974.08       59.00
    993.13       73.00
    995.28       50.75
    996.75       52.00
   1003.15       32.00
    993.05       39.25
   1004.69       65.00
   1001.22       44.25
   1011.91       50.25
   1007.62       27.50
    997.75       34.25
   1000.74       28.50
    986.19       55.50
   1011.95       54.50
   1008.47       69.00
   1003.78       42.00
    964.78       54.25
    952.51       57.00
    995.21       45.25
   1000.69       78.25
   1010.61       29.50
    990.38       78.50
    956.59       53.50
    995.96       46.50
    983.65       53.25
   1019.30       52.50
   1005.89       67.00
    956.53       52.00
    979.62       79.75
   1004.03       29.50
    953.39       54.75
    968.92       55.25
   1013.05       29.00
   1005.94       34.00
    989.25       39.25
    967.99       68.50
    956.20       52.00
    968.91       57.00
    998.62       63.00
    963.06       69.25
    996.09       57.75
   1007.83       28.25
    975.64       78.75
    935.35       54.25
    967.32       63.50
    975.06       61.00
    997.77       61.50
    977.27       65.50
    988.03       74.75
    953.00       41.00
    970.40       74.00
    989.08       58.00
    990.65       57.25
   1006.33       25.50
    972.43       68.50
    978.59       74.00
    968.77       59.50
    991.63       27.50
    976.85       79.75
    997.09       37.00
    961.70       75.75
    989.47       63.00
   1005.74       39.50
    996.58       62.25
    956.11       51.50
   1008.70       35.25
    956.09       51.75
    992.75       44.00
    970.38       82.25
   1006.46       50.75
   1010.46       38.50
    947.72       70.25
    990.64       40.25
   1001.93       35.75
    962.97       56.00
    957.43       58.75
    974.40       64.00
    977.44       75.75
    972.38       46.25
    998.28       80.50
    958.67       61.00
    948.91       64.25
   1008.68       50.75
    952.23       59.50
   1010.40       27.50
    965.48       57.00
    964.82       63.25
    962.37       49.00
    957.26       48.25
    999.04       76.50
   1007.71       28.00
    990.49       66.50
   1003.08       80.75
    964.09       57.25
    982.31       76.75
   1009.05       53.00
   1008.45       47.25
    968.30       52.50
    998.82       46.00
    966.40       56.00
    978.82       42.00
    961.07       53.75
    959.36       53.00
    993.01       71.50
    976.34       57.00
   1002.49       35.50
    981.38       42.25
    974.60       59.25
    964.37       48.25
    988.44       69.50
    999.43       42.00
    966.23       56.00
    980.71       60.50
    995.10       45.25
    992.08       58.75
    959.77       53.75
    962.04       62.00
    980.25       45.25
    986.01       60.00
    989.92       48.25
    996.58       68.25
    963.41       51.25
    995.98       56.50
    963.93       50.00
   1000.93       80.25
    978.16       49.50
    997.43       53.75
   1001.15       48.25
    947.29       42.00
   1007.29       53.00
   1006.70       77.75
    953.46       75.50
    972.02       54.75
    989.48       42.75
    963.70       58.25
    984.63       48.50
   1000.92       34.75
    957.37       64.50
    993.04       67.50
    975.84       52.00
    990.28       50.25
    975.76       59.50
    982.66       60.75
   1007.80       29.50
    967.89       46.50
    946.81       69.00
    986.98       50.00
    974.02       66.00
    952.32       48.50
    991.31       51.50
    946.90       70.75
   1006.41       63.50
    998.07       35.50
    954.68       47.75
    947.92       68.00
   1007.11       33.75
   1019.21       43.00
    954.92       58.25
    997.99       51.50
    992.83       75.25
    999.10       52.75
    989.93       43.50
    983.25       82.50
    943.08       62.75
    939.53       70.25
    964.25       71.50
    979.40       52.00
   1009.84       47.50
   1001.47       49.75
    995.80       48.75
    972.10       58.25
   1006.80       30.75
    939.62       58.75
    990.59       60.25
    971.24       59.50
    978.32       48.50
    987.88       47.75
   1004.71       51.00
    972.99       46.75
    974.10       66.75
    955.89       52.25
    967.61       42.75
    991.34       57.50
    971.12       75.25
    958.67       72.75
    959.41       45.50
   1017.01       44.50
    980.45       80.50
   1001.30       63.50
    986.87       67.25
    967.85       73.00
   1000.38       29.00
   1013.25       49.00
    971.74       61.75
   1009.34       35.25
    974.73       63.75
    953.22       59.75
    995.34       49.75
    962.17       49.00
    996.93       74.75
    977.63       44.00
    970.71       41.00
    990.38       60.00
    993.46       73.25
   1014.48       28.25
    990.20       75.25
    982.15       63.25
    992.82       64.00
    943.60       48.75
   1012.66       30.25
    981.06       58.25
    972.59       48.00
    995.76       65.25
    955.15       49.75
    982.56       45.25
    999.97       79.50
    983.07       61.50
   1005.22       32.50
    969.03       59.75
   1007.67       75.50
    988.99       53.00
   1007.34       67.25
   1002.79       35.50
    985.93       65.50
    976.36       47.50
    960.99       46.75
    959.97       66.25
    986.62       60.25
    955.19       54.25
    974.17       84.75
    969.69       73.00
    975.34       47.00
    984.71       45.00
    996.26       37.25
    966.66       44.75
   1014.30       32.25
    956.34       64.50
    978.58       54.25
    997.49       54.25
    977.53       67.50
    986.19       39.50
    982.02       67.50
    970.61       77.75
    987.67       59.75
    955.40       50.75
    929.95       62.25
    991.83       63.00
    964.58       51.50
    967.72       78.50
    991.15       50.00
    984.65       63.25
    998.93       75.25
   1016.35       38.50
    952.34       49.50
    943.83       63.25
    998.20       50.50
    978.08       52.25
    920.26       61.25
   1000.34       36.75
   1009.42       37.75
    998.53       48.75
    934.12       59.50
    994.95       48.00
   1000.03       43.00
    982.30       76.75
    969.77       54.00
    988.69       56.75
    994.19       80.25
    994.55       56.00
    982.73       57.00
    962.50       57.25
   1015.70       66.50
    946.28       72.25
    948.16       69.75
    946.43       63.25
    970.72       62.25
    974.17       47.25
    978.00       63.75
   1002.10       63.25
   1000.16       31.50
   1010.86       33.00
   1005.39       29.75
    974.73       47.75
    975.43       56.25
   1003.25       70.00
    978.91       60.75
   1009.37       41.00
    992.80       69.75
    960.89       77.75
    989.64       49.50
    960.30       69.00
    972.72       52.50
    982.57       53.00
   1003.96       39.00
    983.10       60.25
    980.51       61.50
    983.23       49.00
    960.76       55.50
    978.90       52.25
    974.61       82.50
    984.23       61.00
    988.11       49.50
    994.66       55.75
    952.72       56.25
    975.92       71.75
    987.19       79.25
    997.25       80.25
   1002.49       35.75
    968.05       38.75
    985.79       41.00
   1007.62       45.25
    977.32       43.50
    968.39       53.50
    984.55       42.25
    982.20       42.00
    974.35       72.25
    943.37       47.25
    983.12       73.50
   1007.47       31.75
    989.12       47.25
   1009.74       42.25
    964.33       48.75
    992.41       79.00
    972.03       51.50
    991.85       64.00
    983.89       62.25
    971.46       51.25
    966.35       60.00
    994.28       51.75
   1003.07       70.25
   1010.76       48.25
    965.01       53.25
    985.83       78.50
    990.17       49.50
   1003.30       38.75
    965.66       46.00
    999.43       44.50
    971.88       48.50
    956.11       48.00
   1011.73       78.00
    986.63       39.75
    941.84       51.50
   1004.64       63.50
    979.19       43.00
    969.62       56.75
    997.73       65.00
    974.83       43.00
    984.90       69.25
    974.04       50.75
   1002.94       58.75
    948.71       56.00
    974.12       60.25
   1007.16       58.50
    994.80       68.50
    953.01       59.00
    982.52       62.50
   1011.31       25.50
    986.58       43.50
    968.27       53.00
   1000.29       69.00
    941.63       48.50
    980.12       49.00
    990.11       61.75
   1007.09       32.75
   1005.98       27.50
    979.26       50.25
   1003.59       43.00
    981.33       58.50
    987.73       66.00
    968.24       61.00
    981.33       83.00
    995.27       40.00
    954.85       42.00
    985.96       54.75
    973.87       68.50
   1009.91       62.50
    922.59       52.25
    983.20       48.25
    995.53       41.50
    978.10       77.25
    995.73       67.00
    993.13       36.00
   1011.33       26.50
    956.88       46.75
    981.90       41.25
    986.25       87.50
    966.24       49.50
    987.92       56.50
   1004.37       41.50
    996.12       52.75
   1028.63       45.75
    955.44       41.75
    979.30       81.75
    985.89       79.00
    959.01       48.50
    970.03       59.50
   1020.95       60.50
   1000.65       79.25
    988.50       61.00
    994.18       77.25
    974.54       68.00
   1001.12       40.75
   1013.24       55.25
   1000.21       51.75
    999.69       37.50
    992.28       55.00
   1000.89       35.00
    961.04       47.00
    963.62       42.50
    968.60       50.25
    964.97       53.50
    988.05       68.75
    981.40       67.75
   1007.41       74.00
    950.24       60.00
    995.38       50.75
    968.03       54.00
    993.05       73.75
    999.37       37.75
    973.93       43.50
    994.25       55.75
    999.25       30.00
    987.73       65.00
   1003.58       29.75
    970.05       51.00
    969.08       43.00
    975.17       40.00
    971.48       42.75
   1001.19       44.00
    966.77       46.00
    969.56       53.25
    981.79       54.75
    989.55       68.75
    974.66       51.50
    984.54       47.00
    998.43       72.25
    994.83       52.25
    986.16       53.75
    992.66       58.75
   1010.73       54.75
    962.04       48.25
    990.10       47.75
    998.67       34.75
   1009.75       50.25
    983.14       59.00
   1004.90       68.25
    984.84       45.75
    975.36       53.25
   1009.91       75.00
   1006.08       45.50
   1012.56       76.50
   1009.48       44.75
    961.37       57.00
    956.15       39.00
   1003.91       38.75
   1025.97       84.75
    978.06       49.75
    973.43       52.75
    957.27       54.50
    988.64       41.75
    976.96       55.00
    996.46       57.75
   1003.55       60.75
    996.11       68.75
    972.80       58.50
    991.98       49.25
   1003.77       77.50
   1004.53       29.75
   1002.35       57.75
    982.58       48.00
    971.92       43.00
   1005.37       49.75
    993.44       40.25
    952.58       52.50
   1027.16       70.75
    997.10       46.00
    995.46       71.25
    970.47       52.25
    972.08       45.75
    979.74       76.00
    979.28       61.00
    947.01       45.75
    976.75       60.25
    994.54       49.25
    954.48       48.75
   1006.00       76.25
    994.77       51.25
   1019.94       77.75
   1000.66       35.00
    981.22       42.50
    969.25       65.00
    972.19       61.25
   1000.80       70.75
    954.37       54.75
    965.38       54.00
   1005.34       33.50
    984.05       83.25
    977.25       60.00
    949.10       49.25
   1006.25       31.50
    991.75       51.25
    997.12       69.75
   1012.48       44.00
    978.33       48.00
    968.85       56.75
    986.24       63.50
   1010.21       27.75
    973.38       57.50
    961.48       57.50
    987.76       50.50
    978.66       55.25
   1015.22       33.75
    982.09       65.50
   1004.07       40.75
    971.84       51.00
    980.19       72.00
   1017.38       30.75
    944.90       55.75
    991.62       41.00
   1002.78       63.00
    987.26       65.50
   1012.53       61.25
    991.59       58.75
    997.48       50.50
   1008.35       28.50
    985.48       49.25
   1014.35       43.75
   1010.59       27.75
    980.45       54.00
    969.72       73.25
    961.62       64.50
   1002.24       32.75
    976.76       58.25
    947.00       62.50
   1005.94       50.25
    947.98       63.25
    977.10       66.50
    979.63       80.75
    996.50       42.00
    986.64       67.75
    958.05       52.75
   1009.74       29.25
    985.86       56.00
    975.78       57.75
   1012.31       28.50
    979.90       61.00
    964.30       61.50
    948.31       56.75
   1004.57       49.75
    959.56       57.25
   1004.94       64.25
    976.88       77.00
    948.03       58.25
    983.59       59.25
   1012.28       44.00
    963.01       56.00
    984.89       61.25
   1001.19       46.00
    981.75       77.25
    987.17       50.50
    956.40       55.75
    960.00       56.00
    994.04       79.25
    985.06       79.00
    969.07       69.25
   1008.69       62.75
    964.17       55.00
    958.91       48.50
    998.54       50.00
    952.90       47.75
    968.42       52.75
   1015.56       34.75
    994.20       40.50
    977.23       51.25
    970.20       54.50
    988.46       47.00
    970.53       58.00
    987.62       40.75
    979.77       48.50
   1000.75       52.75
    981.70       56.50
    994.72       52.75
   1011.15       72.50
   1007.64       65.75
    990.36       48.75
    956.09       47.00
    983.34       57.25
    992.55       44.00
   1001.82       65.50
    973.53       41.50
    983.89       50.25
    982.73       40.50
    994.46       77.25
    980.25       53.50
    956.78       50.00
    991.06       40.50
    975.96       38.75
    971.87       45.75
    986.01       70.25
    993.61       41.50
    995.03       59.25
   1003.35       29.25
    979.67       62.00
    978.43       68.00
    975.48       49.75
    972.81       57.00
    992.23       61.00
    974.12       48.25
   1008.05       63.50
    997.17       55.00
    973.48       67.00
   1002.63       73.50
    967.57       50.25
    958.57       52.75
   1012.18       49.50
    967.60       53.50
   1008.67       82.00
    931.89       61.75
    954.81       67.00
    961.29       57.25
    990.43       51.75
    968.12       40.75
    950.84       58.75
   1007.32       29.00
    986.07       50.75
    987.38       77.50
    963.02       47.25
    947.74       60.25
    989.65       70.00
    981.30       81.50
    992.70       60.00
    962.24       57.75
    979.27       70.50
    958.11       44.00
    992.99       77.50
    972.09       43.25
    991.11       34.75
    971.60       73.75
   1004.92       29.00
   1008.81       53.75
   1003.00       44.75
    961.83       73.75
   1011.10       49.50
   1014.20       40.00
    991.97       60.25
    995.96       64.00
    984.32       61.00
    977.59       36.25
    978.39       50.00
   1013.75       67.50
   1001.08       42.50
    955.36       70.00
    960.83       52.75
    973.14       64.75
    965.58       52.00
   1003.41       30.75
    964.00       48.50
    969.17       69.00
   1022.03       42.25
   1013.48       73.25
    995.61       45.00
    987.42       50.25
    967.57       41.50
    961.04       74.25
    992.83       46.75
   1003.44       35.00
    976.93       57.50
    954.52       39.25
    976.37       62.75
    967.22       51.25
    932.56       78.75
    974.64       51.00
    954.78       47.00
    993.12       60.25
    961.47       58.75
   1007.64       34.50
   1019.65       57.75
   1005.01       58.75
    961.81       50.00
    982.77       57.25
    996.77       57.25
    964.19       43.50
   1004.11       41.00
    964.27       55.75
    969.98       61.00
    995.58       80.25
   1005.55       30.75
   1009.86       55.75
    993.92       57.75
    959.53       45.25
    987.14       36.50
    991.56       70.50
   1006.79       49.25
    995.20       38.25
    983.13       65.75
    978.85       61.25
    991.42       75.75
    991.60       57.75
   1007.44       33.50
    949.72       65.75
    999.25       72.75
    981.16       39.75
    968.99       40.00
    929.98       62.00
   1016.03       69.75
   1009.54       64.25
    976.32       53.75
   1015.81       27.75
   1015.40       41.00
   1017.64       33.75
    981.45       60.50
    945.77       43.75
    981.23       55.00
    972.14       41.75
    995.24       69.75
    972.48       68.25
    989.20       60.00
   1007.92       51.00
   1018.70       35.00
   1014.68       26.00
   1005.40       51.25
    996.70       47.00
   1011.11       74.50
    956.37       62.25
    962.83       42.00
   1013.48       45.00
    978.26       75.75
    986.23       66.00
   1011.89       27.00
    959.67       56.75
    979.64       70.25
    983.79       50.25
   1027.59       63.00
    954.49       56.75
   1000.08       32.00
    975.73       59.25
    989.49       75.25
    966.99       55.50
    947.34       63.00
   1018.15       47.25
    952.65       60.75
   1006.41       41.75
    954.61       54.00
   1008.43       29.00
    991.73       56.25
   1004.86       71.50
    982.38       81.75
   1001.71       40.25
   1000.63       71.50
    963.35       57.75
    945.64       61.00
    957.71       60.25
   1016.32       26.25
    960.68       53.00
    985.39       53.50
    984.43       41.50
   1008.20       40.25
    958.00       63.25
    977.11       69.50
    983.18       49.25
    972.88       56.75
    984.56       71.75
   1011.41       29.50
    975.92       58.75
   1000.03       77.00
   1011.02       29.25
    980.79       71.50
    975.05       73.75
    989.01       41.00
   1003.16       84.75
   1029.28       53.25
    963.26       61.75
    995.09       53.75
    980.36       72.00
   1006.38       44.00
    993.12       70.25
    994.68       47.25
    971.49       78.25
    991.26       64.00
   1002.96       40.25
    966.64       49.50
    983.45       57.25
    980.39       46.00
    993.90       65.75
    995.04       58.00
   1006.59       72.50
    990.62       70.75
    993.35       33.00
    974.30       43.25
    988.10       57.75
   1012.95       52.00
    993.94       82.25
    997.35       62.00
   1009.88       42.00
   1008.03       57.75
    966.61       53.00
    983.16       78.50
    989.94       44.75
    991.84       69.50
    990.64       40.50
    996.60       41.00
    960.79       53.75
   1010.74       50.25
   1003.84       51.50
    993.53       42.50
    958.19       49.75
    991.22       66.25
    979.87       52.00
   1009.65       68.50
    963.00       57.00
    983.13       41.75
    989.57       79.25
   1008.42       34.00
    972.50       45.25
    953.83       46.50
    999.99       32.00
    977.72       54.75
   1005.10       59.00
    982.58       69.25
    964.94       50.00
    963.23       51.50
    989.96       63.75
    969.69       42.75
    963.98       53.25
   1013.30       32.75
   1013.38       24.25
    948.61       53.75
    954.24       52.25
   1002.12       52.25
    966.40       63.00
   1003.60       54.25
   1001.04       74.75
    990.50       55.50
    965.90       45.75
    958.13       70.50
    970.30       61.25
    965.69       58.75
    966.84       77.25
   1007.64       52.00
    987.80       67.00
    984.82       55.00
   1000.56       75.75
    982.70       46.25
   1020.01       26.50
   1027.22       61.25
    975.42       54.50
   1003.35       59.25
    983.02       47.50
    999.09       35.00
    957.65       40.00
    974.95       65.75
    976.42       55.25
    979.74       64.75
    980.29       56.25
    983.83       52.00
    963.85       54.50
    981.77       68.75
    974.65       42.00
    984.71       59.00
    974.02       59.50
    984.20       57.75
    992.24       54.00
    969.64       52.00
   1010.62       29.00
    944.64       54.50
    967.38       44.00
    958.66       42.00
    973.39       56.25
   1002.25       38.00
    959.33       48.00
    996.74       67.25
   1007.07       75.75
    964.90       51.25
   1005.74       80.25
    999.57       41.75
   1004.75       37.50
   1005.69       65.00
    998.63       69.50
    965.13       62.25
   1015.81       42.25
    974.91       55.00
    986.95       49.00
    997.31       37.75
   1002.59       66.00
   1007.93       83.00
    985.88       57.00
    968.67       58.25
   1009.78       30.25
    964.72       46.25
    999.23       48.25
    971.30       56.00
    991.45       69.75
    982.78       48.75
    990.79       38.50
    968.54       61.75
    990.57       69.00
    985.39       42.75
    957.58       42.75
    997.80       40.75
   1021.36       39.25
    969.40       56.25
    981.67       43.50
   1020.91       63.50
    971.68       39.50
    992.32       77.00
    986.48       62.25
    966.68       53.50
   1003.07       26.75
    997.63       50.00
   1013.38       60.75
    969.49       57.25
    968.96       73.25
    963.66       77.00
   1018.70       41.00
    940.93       48.25
    999.26       64.00
   1027.71       42.00
   1011.37       33.50
    949.94       47.50
    993.36       51.75
   1014.19       29.00
    979.59       66.25
   1013.45       37.00
    990.71       47.50
    996.84       64.50
   1008.90       36.50
   1004.80       72.00
    971.14       62.25
    951.46       53.00
    960.96       56.00
   1011.13       40.00
    959.54       61.75
   1012.07       32.50
    966.42       62.50
    994.04       84.25
    974.56       47.25
    996.30       69.00
    964.05       56.25
    993.52       40.25
   1003.09       38.50
    947.50       65.00
   1008.53       31.00
    992.91       60.75
   1002.03       81.50
   1001.89       59.50
    961.22       64.25
   1022.24       29.75
    971.99       80.25
   1011.99       33.75
    996.45       50.50
    944.68       81.50
    969.08       57.75
    983.14       56.25
    954.32       50.50
    976.28       71.50
   1008.38       33.00
    965.45       47.50
    942.99       79.00
    961.06       65.00
    981.56       54.75
    978.57       42.75
    994.69       62.75
    938.16       47.75
    987.53       80.50
   1007.14       27.00
    983.38       54.75
   1000.89       55.00
    979.21       79.00
    993.10       43.75
   1013.46       49.75
    996.51       71.00
    974.09       57.75
    984.85       56.50
    967.95       80.00
    978.17       58.50
    973.50       59.00
   1012.34       29.00
    992.07       53.75
   1014.38       62.00
    986.90       70.25
    998.57       68.25
    969.97       72.75
    965.00       61.75
    986.27       55.50
    979.07       49.00
    979.34       57.75
    965.13       73.50
    944.26       50.75
   1003.22       43.00
    976.64       40.75
    965.11       59.25
    970.80       74.75
   1006.34       44.00
   1009.49       27.75
    977.11       43.00
    986.82       67.50
    961.90       49.00
    955.97       57.75
    988.89       53.50
    959.26       59.75
    959.86       46.50
    990.70       52.75
    969.25       65.75
    984.93       59.25
    973.37       43.25
    981.12       58.50
    987.27       50.50
    990.63       70.50
    990.90       49.50
    959.25       48.25
    988.96       76.50
   1008.41       41.50
    997.60       68.00
    964.83       46.00
    976.34       46.00
    942.52       52.00
   1011.50       33.75
    985.15       44.00
    977.74       64.25
   1003.39       35.75
    997.62       80.00
   1006.23       39.25
   1005.07       43.75
    991.75       62.00
    997.34       65.25
    980.44       55.25
    974.10       67.50
   1002.45       33.75
    951.97       57.00
    978.63       59.25
    950.57       63.25
    959.14       71.50
    990.03       53.50
   1008.47       40.25
    963.77       49.75
   1023.75       66.00
    979.32       78.25
    965.53       61.00
   1004.68       36.75
    999.28       48.50
    981.10       33.75
   1017.09       30.75
    996.15       48.25
    978.26       57.75
    983.26       80.50
    975.20       61.00
    985.85       47.50
    976.30       57.25
    964.71       64.50
    952.50       57.00
    985.64       59.00
    981.43       51.75
   1011.56       40.00
   1015.45       26.50
    967.72       50.00
    969.51       59.00
    986.32       81.00
   1022.43       36.25
    961.89       41.00
    988.45       80.00
    981.03       62.50
    982.16       51.00
    960.54       48.50
    965.76       60.75
   1001.47       41.50
    968.70       59.50
    972.76       37.75
    970.38       66.75
    978.79       71.50
    993.59       72.25
   1006.79       75.50
    957.82       49.50
    968.10       52.75
    968.21       51.00
    982.22       62.25
    938.35       51.25
    980.74       48.50
    954.89       52.25
    980.04       74.00
   1000.10       46.00
   1005.91       72.75
   1009.14       30.00
    970.08       54.25
    994.24       42.50
    995.26       54.25
    947.52       57.25
    998.40       44.50
    977.63       57.00
   1009.93       27.25
    989.55       52.50
    968.81       75.00
    992.59       69.75
    992.01       39.75
    968.74       44.25
    989.24       52.50
    964.68       45.75
    980.92       49.75
    998.00       68.25
   1000.85       76.00
   1004.68       52.25
    979.92       49.50
    967.96       48.00
    968.65       63.00
    973.72       43.25
   1006.69       33.75
    990.81       73.25
    992.84       30.25
    975.71       37.75
    972.21       61.75
    983.31       51.75
    996.87       28.75
    952.36       55.25
   1006.93       66.25
   1002.58       55.50
    980.28       44.25
    979.64       68.00
    996.19       67.75
    980.64       47.75
    980.40       35.50
    974.71       39.25
    981.30       44.00
    976.93       56.25
    969.64       60.25
   1000.41       39.25
    979.61       65.25
    994.41       57.75
    964.61       41.75
    963.39       50.50
    954.84       65.25
    967.63       50.00
    987.28       75.00
    947.37       58.50
   1001.56       37.75
    986.20       36.00
    995.33       68.25
    980.95       76.75
    971.07       38.50
    955.91       71.00
    961.84       58.75
    983.25       81.00
   1002.98       42.75
    961.74       43.75
   1010.78       50.50
   1004.13       34.75
    999.06       42.50
   1005.93       37.50
    986.60       54.50
   1000.63       66.00
    974.25       43.25
    995.98       40.00
    989.51       42.25
    976.22       85.50
    993.01       57.25
    942.26       66.75
    960.80       54.25
    959.98       64.25
   1007.42       39.00
    938.76       75.00
    993.23       32.25
   1010.52       27.00
    969.19       57.00
    979.61       68.00
    996.55       63.00
    956.92       45.75
    961.93       52.50
   1023.63       27.75
   1016.65       36.00
    997.36       32.00
    979.66       37.75
    988.28       59.50
    981.80       60.50
   1008.19       28.00
    952.70       67.00
    973.52       39.50
    979.34       57.00
    983.71       55.00
    957.90       57.00
    964.68       54.50
    989.18       85.75
    978.10       56.25
   1010.08       28.00
    970.72       51.50
    952.29       44.75
    977.76       53.50
   1004.19       37.25
   1015.16       27.75
    989.50       46.75
    982.32       40.75
   1009.69       47.25
    964.57       39.00
    985.85       67.25
    973.34       76.25
   1010.53       31.75
    988.40       62.50
    982.08       40.50
    992.01       54.00
    997.90       68.50
    989.56       59.00
    975.73       48.75
    951.32       50.75
    985.23       37.25
    955.68       55.25
    975.20       55.50
    950.16       56.75
   1013.98       60.75
   1009.11       40.00
    976.06       67.75
   1012.37       62.50
   1003.25       56.50
    995.24       28.50
    993.34       78.75
   1006.19       29.50
    987.59       70.25
    993.95       44.00
   1007.13       34.75
    954.30       63.75
    954.82       60.00
    957.72       58.75
    986.46       54.00
    960.62       76.00
    987.99       72.25
    979.66       59.50
   1017.39       64.25
    966.53       60.75
   1022.24       40.00
    967.14       39.50
    990.78       54.75
    972.34       56.50
    994.68       36.00
    974.53       79.00
    980.80       79.75
    979.82       68.50
   1021.25       45.75
    962.14       59.25
   1011.97       63.00
    978.14       60.75
   1019.10       60.25
    981.97       51.50
    958.51       56.25
   1005.49       76.00
   1002.91       35.00
    961.26       55.50
    956.12       62.50
   1006.19       39.25
    998.16       66.75
    978.75       54.00
    953.20       47.25
    982.25       48.25
    963.68       50.50
   1022.22       54.25
    983.24       59.25
    997.34       72.00
   1000.90       46.50
   1014.74       33.00
    957.50       49.25
    977.13       68.50
    993.66       50.00
    989.62       41.75
   1003.69       28.75
    975.86       74.00
    960.01       59.50
    999.47       70.75
    955.56       54.75
    933.98       49.75
    977.26       46.25
    981.84       63.50
    996.99       75.00
    997.82       61.25
    965.49       62.75
   1008.35       32.00
    974.95       46.25
   1008.77       38.00
   1000.34       70.25
    953.71       69.25
    988.12       81.25
    978.80       45.75
   1012.14       28.50
    945.69       41.50
    981.12       62.50
    949.36       51.25
    973.62       59.25
   1014.62       29.25
    996.98       41.00
   1011.59       67.00
    943.03       48.75
    968.66       55.75
    958.81       61.25
   1008.88       32.00
   1009.77       32.25
    985.38       77.50
    955.54       49.00
    997.23       42.00
   1011.03       26.25
   1004.33       68.00
    958.12       63.50
   1001.72       41.25
   1013.93       64.75
    985.41       67.75
    964.58       48.25
    990.02       40.50
    993.49       51.25
   1012.28       34.00
    960.57       52.25
    963.73       70.75
    963.50       63.50
    955.76       52.75
    977.86       45.00
    992.63       78.25
    986.16       69.25
    987.63       59.75
    964.34       69.50
   1001.14       43.25
    996.15       49.25
    984.87       46.50
    979.18       38.00
    990.28       36.00
    961.67       55.50
   1012.19       37.25
    962.96       57.75
    982.58       57.25
    983.49       38.75
    983.32       56.75
   1014.26       29.25
    971.41       49.75
