    994.98       51.00
    985.95       46.25
    983.62       46.50
    984.39       79.00
    997.09       64.25
    993.46       51.00
   1006.13       42.75
    986.33       45.50
    999.44       52.75
    992.23       65.25
    981.32       46.00
   1000.94       73.00
    999.72       48.75
    997.93       71.00
   1006.88       39.50
   1001.06       51.00
   1001.25       63.75
    989.43       70.50
    978.40       78.25
    987.13       51.50
    989.39       64.50
   1003.60       35.75
   1001.67       41.75
    993.65       45.00
    976.59       64.75
    969.15       58.75
    996.91       36.50
    999.10       65.50
    994.07       44.75
    989.45       51.25
   1006.56       38.75
    992.74       59.25
    998.33       46.75
    987.88       49.75
   1011.32       85.75
    977.98       69.75
   1001.42       62.25
    993.34       43.25
    993.76       44.75
   1005.19       37.00
    986.86       52.00
    989.20       57.50
   1001.43       40.50
   1004.80       30.00
   1009.74       52.50
    991.56       63.50
    991.40       71.75
    994.13       58.75
    991.18       50.25
   1004.75       47.75
   1005.01       57.50
   1000.22       78.00
   1013.80       25.75
    990.74       45.25
    995.29       59.25
   1001.50       53.25
    992.34       55.00
    992.60       36.75
    992.43       76.50
    977.74       60.25
    984.08       52.00
    992.09       78.50
    984.71       54.00
    978.69       58.25
    990.61       62.25
    996.02       53.50
   1006.30       27.50
   1004.60       27.50
   1002.68       50.50
    990.39       65.75
    982.23       84.75
   1008.45       30.75
    993.85       59.75
    990.18       47.75
    999.34       55.25
   1008.11       56.25
   1000.24       55.75
    977.52       45.00
    979.01       60.25
    992.76       51.25
   1001.42       51.50
   1004.66       35.75
    985.44       75.50
   1018.78       29.75
   1000.87       35.25
    985.54       27.25
    975.63       63.25
    993.09       56.00
   1007.37       43.50
    991.57       85.25
   1000.92       81.00
    990.68       52.50
    990.80       62.50
    998.48       60.50
    995.41       57.00
    973.30       55.75
   1003.42       37.00
   1006.79       25.25
    995.63       43.25
    990.76       73.25
   1013.93       42.00
    983.89       68.00
   1006.43       45.50
    999.96       36.75
   1000.17       36.00
    978.73       47.75
    994.03       79.25
    992.56       70.75
    986.58       55.75
    992.78       55.00
    992.69       63.75
   1005.36       80.50
    988.61       60.25
   1002.94       78.50
    983.62       55.00
    987.29       50.50
    996.08       44.50
   1005.45       35.50
   1001.72       36.75
   1001.11       77.25
    995.81       50.25
    992.71       53.50
   1017.96       35.50
   1013.29       40.00
    994.85       71.75
    991.86       53.00
    994.79       60.00
    966.54       83.50
    994.01       49.00
    996.12       60.75
   1004.60       27.75
   1003.22       39.00
   1001.60       72.25
    986.36       70.75
   1010.39       42.75
    994.23       53.50
   1015.47       33.50
    998.55       70.75
    991.08       81.00
   1004.64       34.50
   1007.47       32.50
    997.02       64.00
    991.74       62.00
    996.71       57.50
    989.07       61.00
    978.65       56.50
    998.62       56.75
   1015.12       35.25
   1011.38       50.00
    973.76       53.75
    992.55       49.75
    972.17       61.00
    997.48       55.25
    985.41       57.75
    979.29       60.50
   1001.79       42.75
   1009.31       77.50
    998.28       37.75
   1012.73       37.75
   1010.02       31.25
   1002.32       42.75
    995.63       71.75
    990.05       56.25
   1014.23       41.50
   1001.69       59.50
    981.78       66.50
   1013.40       44.25
    979.89       68.00
    999.47       82.75
   1001.19       35.00
    974.66       58.25
    987.32       38.75
    995.10       40.25
    997.85       67.25
   1001.32       50.75
    990.02       56.50
   1009.49       36.50
   1001.49       52.75
    997.04       56.75
   1003.21       50.25
   1001.82       58.75
   1004.07       42.00
    988.24       63.00
    986.69       61.75
    986.05       71.75
    989.42       53.00
    996.32       49.75
   1008.01       27.50
   1006.89       33.00
    987.64       56.75
   1004.08       36.25
    992.48       59.50
    990.66       37.50
    993.65       57.50
    996.99       66.75
    982.50       54.75
   1012.33       25.25
   1001.71       49.50
    988.34       48.00
    999.17       48.00
    992.12       28.75
   1006.77       38.75
   1007.60       43.50
   1000.79       64.25
    991.71       63.25
   1007.36       32.50
    996.98       46.50
   1009.21       29.75
    994.74       60.75
    992.35       48.00
    993.58       58.25
    972.01       55.50
    993.28       58.25
    999.23       31.00
   1002.23       29.50
   1003.54       34.00
   1006.41       77.25
    991.14       66.00
    997.63       69.25
    986.38       49.00
    991.98       49.00
    983.62       57.00
    990.94       67.25
    991.07       69.75
    993.49       55.00
   1001.54       57.75
   1003.63       33.50
   1000.37       49.75
    978.56       81.00
    992.10       34.50
    992.97       60.00
   1010.15       44.75
    992.98       47.75
    988.58       64.25
   1000.05       55.75
    980.01       51.25
    986.92       69.50
   1010.90       36.00
    985.91       43.25
    987.02       74.00
    983.65       52.75
    990.63       70.50
   1003.43       43.00
    968.10       48.25
    986.57       55.50
   1001.43       39.75
    983.23       41.25
    987.41       67.50
   1003.94       36.75
   1009.23       45.00
    986.13       72.00
   1002.95       32.00
    997.91       62.50
   1014.76       30.50
    984.50       63.00
    996.34       55.00
    986.15       71.50
    989.90       39.25
    986.36       77.75
    994.74       42.25
    989.84       78.75
    988.53       46.75
    988.44       44.50
   1011.59       27.00
    996.06       50.50
    994.60       79.25
    995.89       35.75
    982.08       81.00
    999.38       37.50
    990.61       78.25
    992.33       40.25
    990.65       76.00
    992.43       49.00
    997.86       70.50
   1010.32       66.00
   1006.71       47.00
    993.25       47.25
   1005.91       64.50
   1004.91       38.75
   1016.61       43.25
   1004.96       28.75
    996.50       65.75
    993.59       36.50
    994.91       47.50
    992.73       83.25
    986.84       76.50
    994.36       49.25
   1001.83       36.50
    983.60       51.75
    996.63       43.25
   1012.62       32.00
   1009.39       29.75
   1003.00       54.50
   1001.41       70.50
    985.50       59.00
   1010.77       35.25
   1012.81       33.00
    988.11       73.50
    983.51       57.00
    993.62       51.00
   1010.42       37.00
   1004.95       32.75
   1009.66       49.50
    985.43       58.00
    983.67       49.25
    980.14       43.00
    984.07       82.50
    986.11       57.25
    986.01       60.00
    995.20       36.50
    990.17       57.75
   1004.65       76.50
    983.96       41.00
   1005.26       38.25
    997.04       63.75
   1003.41       46.00
    990.89       43.50
    998.04       46.25
   1020.23       43.50
   1001.25       67.00
    994.52       68.75
    997.58       58.50
   1002.68       29.00
    993.04       56.00
   1001.73       26.00
    987.37       58.00
   1002.36       77.25
   1010.81       30.50
    982.73       83.50
    980.11       55.00
   1000.79       39.00
   1003.14       33.50
    994.11       78.75
    981.96       55.00
    999.85       60.00
   1003.54       51.75
    981.61       74.00
    997.50       38.25
    967.15       77.50
    989.21       78.25
    992.56       31.75
    983.46       56.50
    987.25       56.50
   1012.79       33.75
    975.63       72.25
    981.74       55.00
   1001.32       58.50
    996.97       52.25
   1005.27       49.00
    987.82       81.75
   1005.52       37.00
    980.51       47.25
   1002.84       57.00
    989.00       73.50
    989.24       59.50
   1009.70       40.75
   1002.43       36.25
    996.11       66.25
    999.09       48.25
    969.47       72.75
    992.10       51.50
    991.61       67.75
    981.54       50.75
   1001.34       50.00
    970.51       72.50
    978.50       63.00
    996.39       80.25
    982.33       82.75
    990.80       41.75
    983.07       55.00
    973.32       79.75
   1008.77       46.75
   1005.72       34.25
   1001.82       53.00
   1015.65       29.00
   1008.38       39.75
    993.31       56.00
    986.22       45.75
    985.86       52.50
    983.66       65.75
    994.64       46.75
    968.91       67.00
    990.14       55.50
   1004.33       36.75
    974.51       79.25
    985.79       66.75
   1004.08       61.75
    978.09       54.25
    994.41       31.00
    996.13       52.50
    984.76       78.75
   1001.78       78.25
    986.48       55.75
    994.19       70.75
    997.16       37.00
   1008.61       31.75
   1004.10       49.75
   1001.26       37.75
    997.62       35.75
    971.13       82.50
    982.71       54.50
    989.74       68.50
   1002.82       42.75
    982.66       52.50
   1007.86       37.50
    985.36       60.75
   1004.79       43.25
   1007.27       28.00
    996.54       64.00
    995.02       25.50
    987.92       42.50
   1012.38       35.50
    991.19       47.50
    980.47       81.75
   1001.58       38.50
   1003.07       54.00
    987.45       47.00
    999.34       37.50
    986.81       72.25
    983.68       82.00
   1008.01       50.50
   1002.95       34.50
    976.55       71.25
   1005.20       55.25
    991.80       47.75
    999.09       42.00
    982.33       55.00
    989.96       62.25
    991.45       55.50
   1001.45       34.25
    989.25       68.00
   1000.79       39.25
    991.40       35.50
    998.73       37.50
    983.29       64.75
    981.50       49.25
    996.59       60.25
   1003.28       51.50
    975.79       65.25
    991.45       52.25
   1004.47       41.50
    995.87       68.50
    986.31       26.50
   1001.88       51.75
    983.14       68.50
    994.60       59.75
    976.74       76.25
    997.24       41.75
    987.19       57.50
    976.30       53.75
    988.93       48.75
    988.32       41.75
    990.01       69.25
   1004.76       35.00
   1005.30       73.75
   1005.67       34.75
    994.14       61.50
    980.94       79.00
   1000.64       30.00
    989.03       67.25
   1002.20       42.25
    997.61       67.50
    999.60       59.50
   1003.11       32.50
    991.00       50.50
    986.26       68.25
    993.06       68.75
    998.96       46.25
    974.67       82.00
   1006.65       47.00
   1002.33       31.50
   1002.08       39.25
   1016.60       47.50
   1007.12       34.00
    997.08       53.25
    974.68       47.75
    988.64       62.50
    995.17       49.00
   1004.54       40.50
    986.86       82.75
    997.23       67.25
   1004.65       54.75
    991.51       82.25
   1010.78       58.25
    993.32       62.75
    986.85       40.25
    986.21       51.75
    995.67       54.25
    980.42       49.75
    994.68       54.00
   1002.80       36.00
    986.23       77.00
   1007.70       41.75
    998.85       46.25
    985.99       56.25
    990.71       51.25
    990.45       49.50
   1009.88       41.25
    990.16       80.00
    997.57       39.50
    987.87       65.50
    986.48       56.75
    987.49       59.00
    990.19       46.25
    989.35       55.50
    979.32       77.75
   1014.04       39.50
    989.40       66.75
    991.18       55.75
    982.33       83.25
    997.22       79.75
    995.64       37.00
    986.76       74.25
    990.77       56.00
    990.78       70.75
    992.60       30.00
    998.52       63.50
    981.91       76.50
   1013.30       52.25
    998.98       51.25
    990.76       78.00
    986.77       81.25
   1004.48       44.25
   1001.42       48.00
    988.60       60.00
    996.85       58.50
    989.83       51.00
    972.71       61.50
   1003.32       37.50
    996.80       59.25
    972.02       80.25
   1011.23       30.00
    991.67       71.75
   1009.06       32.25
   1011.22       37.00
   1014.94       35.25
    994.60       37.00
    998.86       58.50
   1004.96       43.25
    993.39       61.50
   1009.64       40.75
    982.61       56.25
    995.70       58.50
    990.90       69.25
   1000.98       45.25
   1002.82       36.00
    988.92       53.25
    983.42       66.00
    989.56       51.75
    973.77       58.00
    984.24       50.50
    991.41       78.00
   1012.20       39.75
   1008.38       39.75
   1006.57       38.75
    986.12       57.25
    986.65       58.75
    991.54       68.50
    996.90       50.25
    971.73       58.00
    987.98       50.25
    999.12       36.50
   1002.23       52.50
   1008.84       42.00
    978.99       65.75
    997.35       66.75
   1005.85       33.25
   1009.92       73.00
   1017.17       40.50
    991.51       56.75
    995.90       63.00
    977.31       72.00
   1000.16       37.00
    991.05       50.25
   1006.35       28.50
    996.18       60.75
    982.97       60.75
   1000.66       35.75
    982.76       50.25
   1001.00       57.75
    987.11       47.25
    984.91       46.75
    987.88       77.75
    988.82       50.75
    983.76       44.75
    991.39       68.25
   1007.68       28.75
    995.06       56.25
    990.51       63.00
    985.07       72.50
    994.08       42.50
   1003.87       29.50
    984.63       51.75
    998.58       51.75
    999.72       51.00
    988.02       58.75
    996.14       70.75
   1005.29       37.00
    995.10       36.50
   1002.86       38.00
    982.88       67.00
    998.74       26.00
   1004.03       48.00
    980.48       56.00
    993.74       57.25
   1007.12       44.00
    996.08       61.25
    984.35       61.00
    979.70       50.75
   1002.95       72.25
    993.79       60.75
    991.59       38.25
   1005.89       71.25
    984.71       82.00
    982.67       55.75
    993.26       37.25
    997.54       34.75
    989.63       54.75
    992.66       48.00
   1000.28       38.50
   1009.87       33.25
    991.16       63.00
   1017.27       28.75
   1002.02       73.25
    974.01       78.25
    994.47       36.75
   1001.64       57.75
    980.08       50.50
    993.45       65.75
   1001.28       48.00
    996.26       46.50
   1011.86       32.50
   1001.92       34.50
   1000.25       60.00
    994.39       50.75
    996.18       49.75
    992.45       38.00
    986.52       60.50
    997.38       46.75
   1002.61       50.25
    970.77       58.75
    992.02       55.00
   1000.35       27.50
   1017.56       33.00
    985.34       67.25
    993.96       56.00
    998.57       40.00
    990.78       38.50
    998.41       34.75
    996.13       55.25
    995.33       53.50
    991.27       52.00
    994.50       64.25
   1001.87       36.75
   1005.03       31.25
   1014.60       37.00
    982.47       51.25
   1010.09       66.75
    990.09       52.75
    991.83       52.25
   1012.33       50.25
    993.14       47.50
    989.09       46.75
    993.59       36.50
   1013.98       72.00
    996.88       38.00
    997.22       53.25
    990.20       64.25
   1004.88       69.25
    999.31       38.50
   1000.76       42.00
   1008.63       49.75
   1000.82       35.75
   1006.94       32.75
    998.99       58.50
    994.29       48.25
    993.28       51.00
    984.74       54.00
    995.39       34.50
    990.04       84.25
    997.89       49.25
   1005.59       36.75
    976.28       74.50
    999.14       62.25
    998.06       39.25
    985.80       66.50
   1000.55       46.00
    998.06       59.75
   1002.44       52.50
    999.94       54.50
   1012.86       32.25
    995.86       68.50
   1004.44       40.25
    985.99       66.00
    989.29       62.00
    977.71       80.50
   1017.73       26.50
    999.23       37.75
    997.02       69.00
    993.35       65.25
    994.14       34.00
   1005.54       37.75
   1003.00       36.50
   1013.19       36.75
    994.86       51.25
   1005.91       54.50
    994.15       61.50
    996.85       33.00
   1001.88       54.25
    992.43       64.25
   1000.14       54.25
   1003.53       42.00
    983.27       78.00
    990.54       72.75
   1020.95       37.75
    990.02       61.25
   1000.23       44.75
    982.88       60.50
    977.69       58.75
   1009.26       44.75
    981.76       63.50
   1002.43       42.50
    988.86       66.25
   1000.42       55.50
    999.63       38.50
    988.43       70.75
    995.28       62.25
    993.83       51.00
   1000.44       47.50
    994.70       50.75
    993.24       74.00
   1002.60       40.50
    993.69       60.75
    983.83       48.50
    998.27       52.50
    991.27       58.25
    979.85       52.50
    987.14       73.25
    999.28       53.00
    997.86       49.25
   1012.93       27.25
   1004.43       45.50
   1000.47       36.00
    985.16       69.75
    981.01       60.00
   1003.72       37.25
    992.78       48.75
    977.91       47.75
    982.84       39.25
    983.35       65.00
   1004.40       29.75
    979.42       60.75
    985.87       53.50
    978.44       58.00
    995.45       62.50
    986.12       75.00
    989.85       46.00
   1002.94       38.50
    994.83       45.75
    998.16       61.75
    981.85       58.00
    995.29       59.00
    986.85       48.00
    967.31       80.50
    991.88       62.75
    984.61       52.50
    990.69       81.50
    995.90       41.25
   1010.35       40.00
   1007.95       53.50
    998.70       44.75
    998.42       42.00
    997.76       50.75
    989.45       59.50
    997.08       33.75
   1006.17       35.75
    985.07       80.25
    997.63       48.75
    995.85       35.25
    989.04       66.25
    979.55       49.75
    988.50       66.50
   1012.63       34.50
    976.90       66.75
    981.34       75.75
    978.84       60.50
    971.95       65.25
    990.99       54.25
   1006.07       54.50
    999.70       35.25
    981.42       56.00
    985.79       61.00
    994.72       54.25
   1003.68       29.50
   1018.80       31.00
    993.84       82.75
    992.53       82.75
    997.11       50.25
   1010.07       32.50
   1011.04       29.75
    985.97       61.75
    987.54       75.00
    986.92       52.50
    995.75       62.00
    991.76       72.75
   1012.28       42.50
    980.00       66.50
   1002.64       33.50
    983.71       63.75
    981.06       76.75
   1000.67       32.50
   1003.74       29.00
    988.61       55.50
   1003.55       64.00
    989.15       73.00
    985.20       55.00
    998.44       64.50
    981.39       38.25
    997.71       54.25
    989.86       66.00
    985.07       47.00
   1001.98       79.00
    986.32       57.75
    992.45       72.00
    988.35       50.50
   1019.61       27.00
    995.16       67.75
    992.33       46.25
    999.28       58.00
    978.39       70.50
    992.92       80.00
   1014.61       29.00
    990.89       82.00
    997.19       43.00
    998.24       47.25
    990.54       74.50
   1006.44       49.00
    992.27       45.50
    995.17       56.50
   1002.83       37.00
   1005.78       30.00
   1015.81       34.25
    997.50       72.75
   1002.96       67.25
   1001.07       51.00
    984.47       60.00
    981.66       72.25
    995.13       38.00
    988.96       57.25
   1002.40       34.50
    985.88       57.75
    991.06       69.25
    982.23       51.50
    993.31       61.00
   1006.95       50.25
    982.73       52.75
    984.86       63.25
    995.04       54.75
    990.32       58.75
    992.06       79.00
    996.50       52.50
    974.35       61.25
    987.71       84.00
    991.94       83.50
    974.13       55.00
    993.23       75.75
    992.05       47.50
    985.88       77.50
   1011.18       42.50
    977.69       61.25
    996.97       54.00
    980.34       73.50
    985.51       48.50
   1004.37       32.25
    998.57       46.75
    988.69       58.25
    988.92       82.50
    990.65       62.50
    999.89       48.75
    981.18       80.75
   1009.26       54.25
   1002.61       45.50
    981.88       58.25
    987.17       62.25
    992.94       57.75
    994.11       51.50
    974.93       55.75
    997.53       64.75
    995.26       38.50
    969.70       84.00
   1007.73       39.00
   1006.80       60.00
    990.91       67.00
    990.47       76.00
    994.54       61.00
    970.09       85.75
   1001.21       55.50
    994.55       56.25
   1002.49       69.75
    988.50       56.25
    983.60       59.75
    969.40       56.50
   1009.50       38.25
   1003.77       31.50
   1003.23       55.50
    992.14       49.25
   1006.21       38.50
    977.72       77.75
    994.89       62.75
    997.78       54.75
   1005.28       37.50
    981.24       62.25
    997.57       51.50
   1002.18       38.50
    971.29       82.00
    984.68       61.25
   1006.26       34.50
   1006.92       40.75
   1001.42       50.50
    984.69       62.50
    996.27       45.75
   1013.45       39.50
    994.22       53.75
    992.56       60.50
    998.42       36.75
    986.03       80.75
   1005.32       31.50
   1014.99       34.75
   1002.03       51.50
   1000.93       53.50
    978.48       50.25
    981.82       52.25
    984.42       52.25
    973.71       72.00
   1005.89       53.25
    969.45       77.75
    991.19       61.75
    990.14       72.25
    991.97       53.50
    999.12       74.25
    960.28       61.00
   1003.14       64.75
    999.55       35.00
    982.02       56.25
   1003.34       31.50
    994.43       66.25
   1011.02       74.75
   1001.85       56.50
    983.72       70.50
    998.79       65.50
    988.07       51.50
    978.96       49.75
    981.08       56.50
    995.59       26.50
   1003.29       68.00
    997.03       34.75
   1004.22       36.25
    997.40       60.50
    988.06       77.50
    996.65       31.00
    988.04       42.50
   1006.53       34.50
    987.83       71.00
   1004.66       70.50
    987.58       70.25
    996.88       57.50
    979.46       68.50
    993.26       67.75
    999.96       30.00
    995.49       52.25
    980.16       62.50
    997.26       72.00
    993.56       48.50
    964.19       56.00
    991.15       57.25
   1004.86       36.25
   1000.93       28.00
    994.28       61.25
    973.14       62.75
    999.00       52.75
    994.65       40.25
    993.42       71.00
   1000.57       31.25
    991.43       67.50
    994.73       60.00
    991.19       47.25
   1004.91       40.25
    991.32       36.00
    997.74       77.00
    988.03       50.25
    992.59       49.75
    996.24       44.75
    988.83       70.25
    986.72       68.75
    980.54       40.00
   1000.03       43.00
    987.02       85.25
    998.33       31.25
   1009.66       49.00
   1012.85       29.75
   1010.59       28.75
    998.11       43.00
    994.67       57.75
    983.41       75.50
    995.15       36.50
    989.68       71.75
    976.93       62.50
    983.48       83.25
   1004.34       45.75
   1001.52       32.00
    992.19       67.00
    998.51       36.00
   1000.12       48.75
    989.21       76.75
    995.26       37.25
    988.99       72.75
    980.85       63.00
    993.64       61.75
    997.11       51.00
    993.10       37.25
    988.75       63.50
   1005.55       35.25
    993.06       65.25
    998.82       36.50
    989.19       51.00
    983.84       58.00
    992.63       54.75
    982.11       58.75
   1009.48       32.25
    996.28       48.00
    978.71       59.25
    984.35       48.00
   1002.25       37.25
   1005.21       54.25
    980.22       51.75
    990.44       42.50
    983.30       61.75
   1002.59       29.00
    996.88       61.00
    990.96       37.75
    992.89       59.50
    996.38       47.50
    994.19       40.00
   1008.32       41.50
    981.45       53.75
   1009.47       29.25
   1001.41       40.75
   1006.13       31.75
    991.22       79.50
    984.19       72.75
    998.31       59.25
    986.24       56.25
   1007.72       46.00
    995.85       49.00
    986.91       60.00
    995.65       62.25
    995.98       47.50
    976.61       77.25
   1000.42       47.75
    995.06       76.75
    984.92       63.50
   1000.35       53.00
    964.54       79.50
    993.33       37.75
    999.95       51.75
    995.64       55.50
    977.35       57.50
    983.41       50.75
   1017.53       36.50
   1003.14       31.75
   1002.16       74.75
    994.05       72.75
    987.68       57.50
    984.38       71.50
   1007.27       38.00
    995.43       75.75
    989.52       55.75
   1000.28       51.00
   1000.09       53.00
    990.25       64.75
    986.73       69.25
   1014.97       28.25
    993.81       61.00
    991.07       50.00
    984.59       57.75
   1004.61       39.75
    971.72       59.25
    977.54       63.50
    977.57       54.50
   1001.70       71.25
    999.34       42.75
   1002.97       36.00
    997.54       71.50
   1000.89       42.50
    996.63       57.25
   1000.23       32.00
   1008.41       34.25
    989.99       73.00
   1000.07       61.50
    983.81       78.50
    980.59       68.00
   1006.86       38.25
    983.93       52.25
   1003.05       46.25
   1002.70       39.75
    966.01       59.00
    988.70       57.00
    999.40       32.25
   1012.45       40.50
    998.10       55.50
    980.52       78.50
    991.23       58.25
    991.99       68.50
    998.52       35.25
    994.61       47.75
    975.21       62.75
    986.03       63.00
    997.40       49.50
    978.40       77.25
   1014.75       25.75
   1004.69       68.25
    983.81       55.75
    980.25       57.75
    997.74       51.25
   1001.30       54.25
    995.11       83.75
   1002.75       58.00
   1000.15       73.50
   1002.64       51.75
    989.84       54.25
   1008.32       28.50
   1007.10       40.50
    986.89       42.50
    979.39       46.50
    980.57       54.50
   1006.15       30.75
   1001.00       30.00
   1004.60       30.25
    994.16       56.25
    996.39       29.00
    992.16       51.25
   1003.93       34.00
    992.81       50.00
    995.09       76.75
    989.82       77.50
   1000.57       51.50
    995.50       64.00
    997.05       63.50
    990.74       73.75
    991.66       71.00
    991.06       60.25
   1002.52       38.75
    987.92       70.00
    997.85       58.00
    993.36       47.75
   1000.17       65.25
   1007.71       45.75
   1001.34       35.75
    993.94       67.25
   1006.21       34.50
   1005.88       31.25
    991.81       59.00
    999.32       44.50
    990.40       69.75
    985.68       81.50
    989.90       63.50
    967.96       53.75
    997.43       37.00
    997.99       53.00
   1005.70       50.25
    982.27       60.25
    991.14       56.25
    994.27       58.25
   1003.76       73.00
    976.88       51.50
    998.87       49.25
    998.48       37.00
    988.23       40.25
   1001.50       38.25
    999.92       53.25
    993.23       52.50
   1005.61       77.25
   1002.30       36.00
   1001.49       28.25
    990.44       67.00
    994.97       59.00
   1003.46       50.25
    987.02       58.50
    992.99       41.00
    990.88       76.50
    982.90       80.50
    988.63       51.75
    987.73       52.50
    989.24       54.25
    982.70       54.25
    982.01       55.00
    981.34       55.75
    982.07       70.50
    991.17       50.50
    988.52       59.75
   1018.47       28.00
   1001.32       61.00
   1004.43       64.00
    985.92       67.75
    992.11       58.50
    990.35       56.00
    981.96       62.00
    996.34       76.75
    986.99       66.75
   1003.12       35.75
    999.81       61.50
   1006.20       38.50
    997.90       68.25
   1003.09       31.75
   1000.63       57.50
    998.19       32.25
    991.29       66.25
    980.73       77.75
   1001.29       36.00
   1015.82       31.00
   1002.47       64.50
   1015.88       37.75
    984.84       81.50
   1008.06       37.50
    991.03       54.00
    996.83       44.25
   1005.93       55.75
    981.33       79.25
   1008.98       38.50
    998.02       50.50
   1003.86       31.75
    988.31       73.50
    977.82       46.75
   1015.21       26.75
    998.92       60.25
    981.24       60.75
    986.70       76.75
   1008.30       34.75
    990.91       37.00
   1000.40       68.75
   1001.68       29.00
   1019.35       39.50
   1009.15       38.75
    986.98       71.75
    990.84       82.75
    981.64       70.00
    979.75       61.00
   1008.98       51.00
    990.02       63.25
    989.47       45.50
    996.61       40.00
    982.91       66.50
    993.90       37.00
   1014.29       42.25
    994.51       64.00
    982.97       64.25
   1009.22       42.50
    986.95       50.75
   1007.62       47.50
    998.90       48.00
   1005.53       44.25
    985.50       57.25
   1005.38       41.00
    982.44       63.00
   1001.29       38.50
   1002.09       51.50
    991.37       81.75
   1010.15       35.00
    992.07       55.75
    994.85       65.50
   1018.17       32.00
    992.38       75.00
    983.42       78.25
    991.56       57.00
    975.86       84.50
    986.24       50.25
    996.55       59.00
    989.57       53.00
   1003.24       32.00
    998.06       48.75
   1005.39       63.50
    995.21       49.00
   1004.85       63.50
    989.49       79.50
    991.86       79.00
    989.89       60.00
   1008.93       52.00
   1001.34       62.25
   1004.56       38.50
   1000.28       59.00
    983.35       60.75
   1007.30       35.50
    997.38       59.75
   1001.69       76.25
    988.62       59.00
    990.71       66.50
   1000.99       39.25
    978.13       78.75
    978.64       57.50
    992.99       61.25
    982.01       48.50
   1000.35       30.00
    987.66       71.50
    986.77       84.25
    991.48       57.75
    987.42       62.75
    991.59       67.25
   1000.08       36.50
    991.90       51.00
    991.21       61.25
    989.73       57.50
    997.88       58.00
    995.52       69.25
    980.83       65.25
    998.53       40.25
    982.32       53.00
    991.14       83.50
   1000.48       30.75
   1002.47       27.75
   1010.68       58.25
   1006.48       30.25
    993.09       78.25
    991.16       50.75
    990.51       57.50
   1008.58       30.75
    993.46       77.25
    992.82       65.00
    990.72       45.00
    994.46       53.75
    999.50       41.25
    994.26       35.75
    990.86       70.75
   1000.27       43.25
   1003.03       36.75
    990.66       48.50
   1008.45       54.25
    992.22       51.75
    985.79       70.25
   1009.37       65.25
    996.68       34.50
    987.97       51.25
    986.37       59.50
   1008.16       40.75
   1014.03       52.00
    995.53       39.75
    979.80       77.50
    990.33       55.00
   1002.68       60.25
    994.07       58.75
    989.06       42.00
   1002.80       27.50
    996.63       56.75
    986.74       53.50
    999.49       48.00
    988.43       58.75
    969.14       72.75
    995.41       67.50
   1001.65       31.50
    994.46       60.00
    979.09       57.25
    986.46       54.50
    982.82       54.25
   1003.74       29.00
   1004.29       38.75
    999.84       43.50
    981.60       52.50
    994.52       51.75
   1002.33       34.50
    989.90       59.00
    993.50       55.75
   1012.12       80.00
    993.47       37.50
    996.63       52.50
    993.66       67.50
    987.82       54.50
    998.83       30.75
   1004.45       33.00
   1005.22       81.25
    990.48       49.50
    986.61       55.25
    996.53       50.00
    996.34       70.25
    985.45       64.75
    992.83       38.75
    984.49       66.50
   1000.12       51.25
    980.31       57.50
   1003.54       44.75
   1005.43       41.00
   1013.28       33.50
   1002.22       42.25
    979.60       64.50
    986.35       71.00
    979.56       51.75
   1004.24       34.25
    993.53       58.50
   1009.77       37.50
    989.47       49.00
    995.70       44.50
   1004.81       32.25
    994.88       64.00
    994.98       63.50
    988.18       51.25
    981.51       48.75
    997.54       69.00
    988.79       62.75
   1006.65       30.75
    993.32       36.50
   1001.40       72.25
    992.62       43.25
    994.08       44.75
   1001.18       36.25
    993.57       51.50
    991.50       50.00
   1001.38       80.50
   1002.83       60.75
    996.99       60.50
   1002.05       68.25
    993.90       62.50
   1001.15       84.75
   1002.07       36.75
   1006.68       44.75
   1010.51       31.25
   1003.13       82.75
    993.72       66.25
    998.85       37.75
    989.55       58.50
    988.76       48.50
   1002.39       73.00
   1001.98       36.50
    979.06       70.00
   1004.01       77.00
    997.90       47.50
    990.26       60.75
   1001.31       38.00
   1004.91       31.75
   1005.98       57.50
    990.58       68.25
    982.16       50.00
   1005.25       66.25
   1011.38       40.75
    989.53       71.00
    993.78       61.50
    996.10       60.25
   1000.08       60.75
    972.52       57.25
   1004.23       54.00
    977.98       57.00
   1000.85       38.50
    999.68       54.00
    989.11       59.25
    988.48       28.75
    997.97       51.25
   1014.57       27.75
    998.22       41.00
   1004.82       32.25
   1002.93       67.25
    990.94       60.75
   1004.62       49.25
    989.23       81.25
   1004.79       53.00
    993.46       49.50
   1012.07       29.50
    995.58       70.75
   1002.82       47.00
   1013.34       35.00
    990.23       72.75
    999.42       52.50
    987.52       74.00
   1007.31       39.50
    994.74       54.50
   1001.25       44.50
    982.89       47.25
   1003.60       36.75
    984.99       70.50
    975.56       82.00
    983.96       59.50
    997.40       50.50
    989.68       55.50
    996.87       60.50
    989.48       52.00
    992.27       60.25
    982.48       59.75
    997.60       57.50
    997.11       60.00
   1001.63       44.00
    985.62       60.50
   1013.64       38.00
    994.06       54.75
   1004.36       59.00
    983.35       81.50
    989.79       70.50
    988.83       79.75
   1008.92       36.00
   1001.86       48.25
    985.54       79.50
    996.04       67.00
   1007.78       40.75
    999.44       49.25
    990.63       60.75
   1010.99       38.25
   1009.24       39.75
   1007.76       33.25
    994.26       70.50
    993.43       58.00
    975.31       54.00
    992.21       46.50
    983.44       65.25
    991.55       60.50
    992.19       77.25
    985.16       51.25
    986.27       36.25
   1015.74       30.00
    991.60       67.50
   1003.07       50.00
    978.26       60.75
   1008.99       29.50
    987.21       62.75
    982.75       67.50
    996.27       62.00
    990.15       58.25
    995.96       74.25
   1001.13       36.25
   1002.31       29.75
   1000.34       62.50
    984.37       69.25
    988.19       58.00
    983.15       54.75
   1002.74       36.00
    993.63       53.00
   1005.51       73.25
    991.78       35.50
   1007.30       70.00
    994.78       61.25
   1000.88       53.75
    999.08       40.00
   1004.97       25.50
    980.97       71.00
   1007.32       46.75
    993.03       71.00
    992.74       59.50
    998.87       45.50
    988.44       45.75
    992.56       40.00
    995.06       63.00
    990.73       53.50
    992.30       69.00
   1000.11       53.25
   1013.67       27.00
   1005.62       76.25
    980.22       46.50
   1004.61       44.75
    990.41       57.25
    991.19       51.00
    995.18       70.25
    989.86       39.25
    999.96       42.75
   1005.94       35.25
   1006.79       72.00
    978.77       57.50
   1003.41       32.25
   1020.22       26.75
    991.45       47.25
    995.75       42.00
    999.94       66.25
    993.26       59.25
    993.53       64.00
    988.34       42.75
   1003.29       83.50
   1014.52       33.00
    986.91       63.75
    989.87       51.50
    981.62       64.50
    987.33       50.75
    998.02       61.00
   1003.79       57.75
    991.43       52.00
   1001.06       55.75
   1001.41       37.75
    994.61       55.50
   1005.82       56.75
    987.77       65.50
    995.64       35.50
   1000.83       58.75
    991.71       60.00
    991.49       70.00
    982.97       45.25
    992.22       60.25
    984.49       58.50
    980.68       67.25
    996.36       56.00
   1003.00       30.25
    978.33       58.25
    995.15       50.00
    997.78       73.50
   1001.08       45.75
   1003.32       53.25
    999.56       57.25
    988.86       70.25
    989.73       66.25
    985.30       62.50
    997.39       34.00
    996.66       47.25
    986.16       52.50
    986.66       37.75
    989.73       53.75
   1001.24       38.50
    991.38       49.50
    996.86       45.75
   1002.99       65.75
    987.36       52.25
    997.28       62.00
    991.53       58.00
    995.73       55.00
   1000.14       76.75
    990.90       35.75
    999.73       53.50
    997.20       37.75
    990.69       45.50
    989.88       63.75
    992.57       50.75
   1016.54       30.00
    992.07       66.25
   1007.04       81.50
    990.60       66.00
    984.46       80.75
    999.50       45.75
   1002.36       38.00
    990.16       54.00
    993.53       70.00
    994.40       32.50
    997.50       53.50
   1014.92       60.50
   1010.72       42.25
    987.81       53.50
    998.78       50.75
    992.81       58.00
    991.25       44.25
   1000.83       38.00
    989.00       72.75
   1009.14       50.25
   1007.57       39.75
    994.21       74.00
    979.48       64.00
   1007.64       47.75
    994.44       62.00
    986.88       63.75
   1001.65       38.50
   1005.39       30.50
   1013.14       32.75
    994.89       49.50
    997.86       82.25
   1017.46       26.00
    989.68       69.25
    983.84       61.50
    983.19       61.00
   1008.50       34.25
    987.44       66.00
   1017.22       35.50
    995.88       83.00
    990.15       80.50
   1002.41       37.75
   1000.82       30.75
    970.77       76.00
    988.20       66.50
   1001.25       81.75
   1002.97       57.25
    990.53       62.75
    984.34       63.00
   1001.25       29.50
    995.26       63.00
    999.68       62.75
   1020.52       39.25
    989.01       60.00
    979.68       67.00
    977.18       74.50
   1001.34       39.75
   1004.41       38.75
    981.33       60.00
   1011.87       28.00
    983.18       63.25
   1003.41       61.25
   1002.16       35.75
    997.52       48.00
    991.79       39.00
    999.65       48.00
    997.54       63.75
   1012.91       36.25
    991.33       59.00
   1001.46       73.25
   1005.05       38.75
   1001.63       47.00
    978.60       55.50
   1003.81       56.75
   1000.86       36.50
    990.89       62.25
    991.52       51.50
    997.13       55.25
    978.64       59.50
    999.39       53.50
   1002.46       68.50
    965.18       55.25
    987.29       61.00
   1004.30       36.75
    983.13       55.00
    997.01       50.75
    978.73       51.25
    997.92       68.50
    985.13       60.75
    999.07       53.25
    986.10       56.00
    995.56       80.25
    987.94       53.25
    988.29       58.75
   1006.78       35.50
   1002.12       47.75
    998.33       83.50
    982.19       58.75
    991.74       61.50
    997.40       47.00
    984.17       53.25
    992.40       70.25
    997.76       55.50
    977.59       55.00
    978.45       45.50
   1004.88       31.75
    983.62       57.25
    988.94       43.25
    977.49       62.25
    989.79       67.25
    982.62       43.50
   1004.75       33.75
   1011.37       40.25
   1008.91       53.75
    991.81       68.50
    995.75       73.25
   1002.85       29.25
    991.29       57.00
   1013.53       29.00
    985.39       49.25
   1000.78       39.75
    996.19       38.75
    982.30       72.25
    988.95       57.00
    991.59       48.25
   1000.03       70.75
   1004.72       31.50
    988.51       65.25
   1008.80       54.25
    981.44       45.50
    996.59       48.75
    995.27       54.00
    994.57       73.50
    989.55       61.00
    994.74       44.75
    987.83       67.00
    982.78       41.25
   1007.37       41.75
    985.79       52.75
    984.74       61.50
    982.19       59.50
    987.37       73.00
    989.20       82.25
    987.24       83.50
   1005.97       38.75
   1014.63       37.25
    996.76       49.25
    982.07       66.75
    985.22       51.75
    998.36       38.00
    977.55       54.00
    981.86       82.75
    989.69       63.75
   1005.04       31.25
    986.89       82.50
    984.04       73.25
    991.67       44.75
   1015.26       27.50
   1005.03       37.50
    981.30       84.00
    972.92       57.00
    991.66       75.50
    994.70       43.50
    999.78       53.75
    986.60       52.75
   1005.83       33.00
    996.28       38.75
   1000.83       74.50
    988.45       71.75
   1009.28       30.75
    986.86       62.00
    997.85       51.50
   1003.67       76.50
    998.77       37.00
    999.09       30.50
   1002.53       31.50
   1003.96       53.00
   1001.64       47.00
   1005.77       45.75
   1015.84       31.25
    994.91       49.75
   1006.21       45.25
    985.79       64.75
   1000.66       60.50
   1006.78       37.50
    989.83       37.25
    986.84       82.75
   1000.17       49.25
    990.48       54.25
    987.82       75.00
    992.12       53.25
    997.90       72.00
    988.59       77.00
    999.16       50.00
    986.73       55.75
   1001.31       40.50
    986.57       66.50
    989.97       70.00
    991.27       77.75
    995.36       57.75
    992.26       47.00
    980.18       50.75
    995.61       38.25
    998.66       39.75
    982.00       55.25
    988.85       69.75
   1001.28       51.25
   1001.32       39.25
    997.78       53.25
   1018.52       27.50
    984.58       61.50
    988.62       79.50
    979.18       60.00
    991.37       74.75
    985.22       48.75
    998.49       64.75
    990.12       49.75
    996.13       68.50
   1004.89       35.75
   1005.51       81.50
    976.20       55.75
    984.52       63.25
   1008.85       33.50
   1001.89       34.50
    990.16       51.25
   1001.05       42.00
    993.58       71.50
    987.58       59.25
   1006.29       43.25
    982.31       53.25
   1001.31       56.50
    990.18       71.50
    995.88       53.50
    974.88       51.00
    988.52       48.50
   1004.02       35.75
   1000.11       65.75
    989.97       57.00
    998.24       55.50
    995.96       58.00
   1002.11       32.50
   1007.51       34.00
   1004.70       64.75
   1016.38       33.75
    985.32       60.00
   1002.09       37.50
   1001.95       49.00
   1004.50       74.50
    989.78       53.25
    986.23       63.00
    992.78       67.50
    999.41       55.50
    970.89       58.50
    991.90       69.25
    997.49       50.50
   1001.63       36.00
    997.15       59.25
   1009.14       31.50
   1016.04       30.00
    984.70       75.75
    994.09       73.50
   1000.13       31.00
    995.32       64.25
    979.38       61.00
   1012.41       42.25
    980.12       66.25
   1002.11       37.50
    998.84       60.00
    986.64       74.00
    995.44       59.50
   1004.54       36.50
   1003.23       53.25
   1004.31       62.00
    989.12       83.00
    976.15       52.50
    980.52       70.50
    966.64       64.25
    995.18       73.75
   1005.01       49.25
    997.12       44.75
    999.10       56.75
    996.77       47.25
    978.55       72.25
   1000.77       37.25
   1006.53       39.25
    998.44       34.75
    989.95       65.00
    999.72       58.00
    995.64       64.25
   1001.72       36.50
    999.76       82.75
    986.76       60.25
   1006.09       58.25
    993.08       49.50
    990.25       53.75
    996.17       32.00
    975.32       55.75
    996.10       65.00
    985.37       60.25
    996.09       63.00
    989.89       52.25
    968.04       38.00
    998.70       40.75
    995.83       82.00
   1016.18       37.50
    993.80       80.25
    997.65       35.50
    983.67       77.00
   1010.88       41.75
    961.21       59.75
    983.66       49.50
    987.25       55.00
    980.05       56.75
   1000.38       37.75
    991.72       46.50
   1002.68       27.00
    983.01       78.25
   1000.16       36.25
    978.78       73.00
   1007.56       41.75
    999.73       35.00
    986.20       55.25
    987.23       65.50
    981.70       83.25
   1001.38       74.25
    975.37       54.25
    991.83       48.00
    982.71       50.75
   1013.81       37.00
    998.57       55.25
    979.62       76.50
    999.87       38.00
    994.55       52.75
    997.35       62.50
    983.53       65.25
   1002.32       50.25
   1002.70       42.75
    985.07       54.50
    998.93       49.00
    982.61       50.50
   1008.54       36.75
    983.71       80.25
    999.38       33.75
    992.16       51.75
   1000.06       65.00
    993.00       29.00
   1004.12       39.50
    991.52       77.00
    997.44       71.50
    985.95       72.75
    993.01       54.25
   1003.14       35.50
    995.84       40.25
   1002.08       74.25
    995.59       37.25
    981.93       78.00
    989.56       65.75
    998.75       50.75
    991.85       50.50
   1010.97       34.75
    994.94       48.50
    990.62       82.25
   1003.29       39.00
   1000.13       38.00
    999.20       63.75
    992.92       73.75
    999.59       72.75
    996.31       47.00
    999.21       47.25
   1008.91       35.50
    989.79       56.00
    994.06       63.00
    994.22       67.00
   1020.43       29.25
   1012.65       39.75
    984.35       68.00
    982.98       53.25
   1014.71       26.00
   1004.02       54.75
    987.05       47.25
   1000.32       63.75
    989.08       55.25
    996.44       56.75
    998.94       73.75
    998.58       58.75
   1009.78       40.50
   1002.07       44.50
   1020.27       35.50
    988.61       37.00
   1011.32       30.50
    986.69       67.75
   1001.44       60.50
    994.68       54.25
    991.30       61.75
    992.71       78.75
    982.41       51.50
    997.44       59.25
    991.04       58.00
   1004.79       46.25
   1000.94       63.75
   1004.65       40.25
    985.29       75.00
   1011.00       42.50
   1000.31       73.00
   1012.21       33.25
    997.38       49.50
    999.67       59.25
    986.76       83.50
   1004.96       53.75
    989.09       61.00
   1007.85       42.75
    974.72       56.50
   1003.33       31.75
   1001.12       45.00
    999.12       51.25
    995.07       61.75
   1002.59       61.75
   1003.90       47.50
    992.46       63.00
   1002.44       45.25
   1011.61       28.25
   1005.91       46.50
   1004.26       31.50
    987.34       65.25
    992.75       51.75
    985.65       60.25
   1004.34       61.00
    978.73       58.50
    993.87       73.50
   1010.59       38.50
    993.08       79.00
   1002.04       56.25
    997.52       60.50
    987.78       48.00
   1001.89       53.50
    984.65       73.25
   1000.57       46.75
    994.12       69.00
   1017.21       56.25
   1002.21       37.25
   1007.10       40.25
    977.54       62.25
    994.27       65.75
    998.84       64.00
   1005.41       57.50
    984.65       37.75
    994.44       84.25
    986.15       53.50
    995.93       66.50
    996.90       52.75
    996.59       54.25
   1000.05       72.75
    995.92       47.75
   1000.18       33.25
   1003.68       38.25
    996.41       74.00
    992.94       63.25
   1008.13       43.25
    989.76       64.25
   1009.05       40.25
    990.47       64.00
    994.15       38.75
   1006.83       36.50
    974.39       58.50
    997.24       44.75
    994.78       56.75
   1000.86       48.50
    988.57       60.25
    996.79       68.00
    990.32       58.00
    993.49       63.25
    973.16       64.25
    998.86       54.25
   1004.17       26.75
    994.75       72.00
    971.79       56.50
    983.75       73.50
   1008.02       42.00
    998.10       72.25
    986.57       78.75
    988.81       56.75
   1009.34       44.50
   1005.00       37.75
   1010.18       59.00
   1007.41       58.75
   1003.32       30.25
    974.45       68.50
   1003.37       52.00
   1003.71       50.75
    992.28       52.25
    992.31       56.25
    993.79       55.00
    996.98       48.00
    997.00       47.00
    986.32       65.75
    992.70       47.00
   1002.22       67.25
    986.08       52.25
    997.17       46.75
   1003.74       69.25
    999.27       63.75
    987.93       63.25
    997.69       45.50
    996.80       45.25
   1008.84       34.75
    998.15       79.50
   1000.06       47.25
    993.66       64.75
    990.71       61.50
    991.51       50.00
   1009.27       34.00
    998.40       33.25
   1002.87       49.25
    994.89       31.25
    986.84       73.25
   1012.28       31.50
   1003.10       45.25
    985.65       50.75
    980.27       63.00
    993.49       43.50
    969.87       57.25
    989.15       38.75
    991.16       62.50
    989.56       49.50
    980.81       56.50
    982.38       52.00
   1018.33       28.25
   1002.33       46.00
    991.66       52.75
    993.30       62.50
   1004.87       27.75
    982.23       60.50
    994.96       81.50
    998.20       39.50
   1011.55       38.00
    980.62       66.50
    994.65       79.50
    983.24       79.25
    983.03       55.75
    987.97       61.25
    990.43       57.75
    995.35       75.00
   1001.47       59.25
   1004.26       49.00
   1003.23       32.25
    990.99       36.25
   1004.90       51.50
    989.61       38.25
    997.70       51.75
    999.26       47.75
    988.38       45.25
    990.29       48.75
    976.93       59.00
   1001.54       67.50
    994.67       58.75
    988.15       80.25
   1008.63       39.25
   1006.88       39.00
    987.54       63.50
    999.47       68.25
    996.18       72.75
    987.23       50.00
   1005.60       30.75
   1000.84       77.00
   1006.22       38.00
   1001.79       37.00
    989.02       83.25
    996.78       72.25
   1002.03       48.25
   1004.97       49.25
    989.69       50.25
   1004.80       37.75
    991.57       50.75
    999.59       35.00
   1001.44       51.50
    982.46       75.00
    993.85       54.50
    990.50       60.75
    987.81       57.25
    994.36       53.00
   1003.59       39.00
    984.70       77.50
   1011.54       39.50
   1006.77       47.00
    997.31       55.50
    986.99       50.00
    998.07       65.25
   1001.65       28.75
    997.78       57.25
    980.55       70.00
   1015.62       38.00
    999.86       55.25
   1008.40       28.75
    983.96       57.50
    990.64       64.75
   1007.87       39.50
    992.53       48.25
   1005.27       46.00
   1014.72       27.00
    997.03       61.25
    975.22       72.50
    997.09       74.75
    999.60       57.50
   1001.02       39.75
    998.94       36.75
    988.98       78.25
   1003.13       37.25
    980.77       81.25
   1000.28       52.75
   1003.57       38.25
    984.12       70.50
   1004.40       48.75
    999.09       63.75
    989.45       58.75
    998.35       40.00
    988.10       83.50
    992.56       49.75
   1012.86       37.75
    997.78       69.50
    999.49       61.00
    985.72       58.25
   1008.43       36.50
    999.04       38.25
   1001.21       49.75
   1006.87       33.50
    977.91       78.00
    985.20       52.00
    995.14       77.50
    999.03       57.00
   1009.79       36.50
    988.83       59.25
    977.07       61.00
   1000.27       51.50
    996.63       56.50
   1010.59       47.50
    979.07       59.25
    999.48       39.00
    996.07       47.50
    997.43       69.00
    976.44       40.75
    987.49       69.50
    985.66       75.50
    975.74       59.50
   1003.25       28.25
    989.82       75.50
    992.03       61.50
    972.10       54.50
    991.68       60.25
   1002.78       34.50
   1005.73       43.25
    988.66       66.50
   1001.81       33.50
    996.58       72.75
    985.28       58.25
    992.34       75.50
    978.67       58.00
    991.78       54.00
    998.20       67.25
    986.86       62.75
    984.19       55.00
    969.90       53.25
   1006.90       43.50
    986.38       59.50
    969.72       51.75
    995.70       58.50
    988.46       59.25
    999.81       37.50
   1011.16       38.75
    989.24       52.50
    977.61       60.50
   1002.36       30.75
    966.02       59.75
   1000.31       29.50
   1004.33       47.50
    981.59       55.25
    994.14       43.75
    981.13       66.25
    998.20       36.00
    996.36       58.25
    999.71       78.50
    963.28       45.75
    986.91       57.00
    995.01       52.75
    998.32       50.75
    992.46       39.00
    992.50       61.75
    984.20       45.50
    993.05       45.25
   1002.18       71.50
    997.38       63.75
    994.67       70.50
    999.97       41.00
   1000.06       37.50
    993.62       55.75
    977.66       80.75
    992.99       44.75
   1000.42       45.25
   1000.53       80.50
   1008.97       38.00
    997.65       43.50
    992.23       67.25
    999.68       35.50
    987.70       67.75
    989.96       64.25
    996.33       62.50
    993.62       53.25
    988.60       62.25
    981.00       77.50
   1006.58       34.50
    998.18       59.75
    990.73       65.00
   1014.63       29.50
    995.23       46.25
    986.14       60.75
    996.61       33.50
    992.59       49.25
   1005.77       43.75
    973.50       83.75
    991.83       57.50
   1002.19       34.25
   1005.26       32.75
   1000.51       38.50
    989.55       62.75
    990.73       47.00
    990.93       59.00
   1002.67       42.50
   1001.79       32.00
   1021.64       32.00
    980.68       79.75
   1001.73       59.25
    994.02       64.75
    993.67       52.00
    985.06       56.00
    999.46       39.75
    998.26       79.00
   1013.38       34.00
   1003.83       45.25
    983.93       56.25
    998.52       61.25
   1009.22       42.50
    971.77       81.25
    999.53       56.75
    996.63       39.00
    983.93       63.50
   1003.02       62.25
    998.11       56.50
    992.53       61.25
    995.93       41.50
    994.15       77.00
    993.56       70.00
    993.45       55.50
    995.28       60.50
    992.23       54.50
    997.29       70.50
   1003.56       62.25
   1011.71       44.25
    987.85       48.50
    990.95       64.25
    993.29       56.50
   1003.28       52.25
    993.14       67.25
    998.48       35.00
   1002.66       38.75
    988.69       66.00
    992.63       64.75
   1000.84       28.75
   1002.97       48.25
   1007.09       63.50
    983.37       80.25
    996.16       47.00
    985.52       75.75
   1000.75       34.75
    996.24       33.25
   1005.25       36.50
   1008.51       39.75
    992.02       59.75
    997.63       41.75
    974.89       69.00
   1001.83       55.50
   1003.05       63.25
    988.03       60.25
    990.72       79.25
    986.09       74.50
    978.25       76.75
   1001.73       56.50
   1009.86       43.00
   1001.42       38.75
    993.12       72.75
    999.67       51.00
   1002.19       48.50
    998.39       44.00
    989.40       81.00
    988.12       60.00
    995.87       36.00
    998.86       51.25
    984.50       68.00
   1000.52       31.25
    990.41       46.25
   1001.34       33.25
    996.49       80.50
   1000.27       59.50
    988.84       50.00
    997.90       78.50
   1006.25       37.00
   1003.28       60.50
   1007.99       32.75
   1012.23       30.25
    997.23       60.75
    986.44       64.75
    978.54       76.50
    993.84       42.00
   1001.83       74.75
    991.98       58.00
   1003.23       42.25
    993.97       43.50
   1000.66       51.75
   1002.81       46.00
    985.81       55.50
    998.30       62.25
    975.45       56.00
   1002.39       28.75
    986.50       61.00
   1007.52       63.00
    989.07       61.00
   1005.69       40.25
    985.30       59.00
    978.39       60.75
    987.59       58.75
   1009.66       36.50
    999.51       55.00
    992.11       62.50
    994.02       78.50
   1004.47       60.25
    992.52       49.25
   1000.09       76.25
    976.25       57.25
   1011.40       51.00
    995.09       79.25
    996.22       47.25
    992.57       56.25
    983.54       62.00
    996.55       54.00
    986.18       73.25
    998.94       62.00
   1006.04       49.25
    992.45       74.75
    985.32       55.50
    995.32       63.50
   1000.76       38.25
    997.86       37.50
   1005.35       52.00
    963.52       63.25
    981.27       85.00
    999.90       58.50
    987.72       67.25
    982.12       59.75
   1012.88       35.50
    998.33       68.00
   1007.42       37.75
   1012.57       39.25
    970.85       53.75
    992.49       59.25
    996.94       56.00
    988.49       53.75
   1001.04       55.25
    985.17       69.25
   1007.66       77.75
    998.37       62.75
    988.30       49.25
   1005.98       44.50
    983.21       55.25
   1004.62       35.75
   1000.34       61.00
    975.40       57.25
   1000.90       49.50
   1001.25       34.00
   1006.07       72.50
    991.85       52.25
    982.07       69.75
    991.70       53.25
   1000.11       54.25
    984.09       64.00
    995.89       58.50
    985.68       77.50
    987.19       66.25
   1009.83       32.50
    999.23       40.25
    999.22       54.25
   1003.08       34.75
    998.22       63.75
    993.68       37.50
    995.73       65.75
    978.85       63.00
   1008.54       41.50
   1002.37       29.00
    984.33       54.75
    988.87       52.50
    994.64       54.00
   1003.69       36.00
    989.73       83.50
   1004.87       38.75
    988.05       57.50
    991.00       54.50
    989.59       53.75
    983.56       37.00
    992.87       61.50
    991.84       25.75
    996.33       49.75
    989.79       49.50
   1014.52       35.00
    997.74       50.50
    991.30       79.50
   1002.97       58.25
    993.11       48.75
    996.12       62.75
    994.11       54.50
    990.31       63.25
   1000.27       81.75
   1003.13       52.75
    989.80       65.75
    984.52       80.25
   1001.38       37.75
    993.55       51.25
    985.99       64.75
   1017.52       31.25
    993.85       36.50
    986.15       75.50
    992.50       46.00
    994.43       57.50
    998.00       61.75
    994.39       52.00
   1002.33       59.50
    994.00       65.75
   1003.07       31.50
    996.74       34.00
    986.85       58.00
    996.07       51.75
   1002.69       76.00
    989.38       53.75
   1016.50       27.25
    998.84       34.75
    993.07       40.25
    996.29       45.50
   1005.63       31.25
    992.45       63.50
    994.49       45.50
   1010.00       38.50
    993.72       34.50
    999.47       59.75
    993.43       50.00
    993.61       56.75
   1002.41       42.75
    999.32       77.75
    990.89       67.75
   1019.83       39.50
    986.71       52.50
    976.55       80.50
    989.10       37.25
   1000.51       51.75
   1000.38       66.75
    989.06       73.25
    985.40       82.25
    994.61       44.75
    996.70       67.00
    996.02       39.75
   1004.26       34.75
    995.68       60.50
    980.77       60.25
   1007.70       35.00
   1011.24       28.50
    989.36       58.50
   1002.63       51.25
    997.56       70.25
   1004.17       27.00
    989.84       60.75
    996.22       45.75
    975.18       76.25
    999.46       61.75
   1007.16       30.00
    998.71       38.00
    992.75       79.75
   1008.75       51.75
    996.72       81.25
   1007.79       50.75
   1004.16       60.00
   1007.53       39.50
    999.20       46.25
    990.51       58.75
    983.74       76.25
   1003.34       34.00
   1005.48       47.25
   1001.72       65.50
    992.12       69.50
    987.07       43.50
    996.38       58.00
    981.66       79.25
   1001.26       50.50
   1003.60       37.25
    995.39       63.75
    988.31       53.00
   1011.58       31.00
   1010.72       31.00
    980.71       74.00
   1001.16       59.50
   1004.64       48.75
    966.12       57.50
    979.77       75.00
   1005.05       34.75
    988.09       66.75
    996.52       58.00
    980.67       60.25
   1001.87       60.25
    979.27       62.75
    996.63       67.75
    990.13       63.00
    970.66       56.25
    998.62       83.25
   1001.35       36.00
   1006.62       37.25
   1009.78       36.75
    979.49       61.25
    989.51       79.75
   1001.84       47.50
    994.70       64.75
   1009.81       28.25
    987.19       46.25
    994.69       64.00
    985.76       64.00
    988.29       54.00
    981.66       55.00
    967.73       77.00
   1016.18       30.75
   1003.59       35.00
   1004.96       49.25
    975.64       55.75
    994.61       36.75
    992.70       67.50
   1000.39       70.50
   1005.99       35.50
   1011.00       39.25
    998.62       37.50
   1008.04       32.00
    989.81       52.00
    989.68       61.25
    985.69       75.25
    993.80       53.75
   1002.32       65.75
   1000.97       26.25
   1006.25       61.75
   1002.85       54.25
   1000.01       37.75
    980.32       53.50
    991.67       56.00
    980.11       69.25
    983.97       53.25
    989.99       69.50
   1005.45       42.00
   1002.90       52.50
   1000.36       73.25
    993.52       51.75
    993.65       58.50
    982.74       68.75
    972.23       51.75
   1000.10       43.50
    992.85       36.00
   1001.54       34.00
    998.67       48.25
    981.90       69.00
   1005.15       49.75
    983.43       57.00
    991.61       64.00
    990.60       51.25
    986.47       56.75
   1008.21       81.00
    995.45       65.00
    981.04       65.25
    993.22       52.50
   1001.80       67.75
   1001.14       27.50
    996.62       53.00
   1010.18       79.75
    993.69       71.00
    983.95       52.75
   1002.93       49.25
    997.00       56.00
   1003.03       36.00
   1006.33       27.75
    990.27       55.75
    997.75       63.25
    994.66       47.00
   1005.40       59.00
   1005.41       77.25
    987.03       49.25
    992.17       57.25
   1003.49       35.50
    994.32       76.50
    994.11       61.25
   1010.42       46.75
    993.74       74.00
    993.21       62.75
    993.38       47.25
    989.27       69.00
    991.22       47.00
   1018.22       29.50
   1000.22       48.00
    999.65       56.25
   1015.20       45.00
    978.77       61.50
   1002.24       84.75
    998.05       68.00
    997.91       64.50
   1004.97       35.75
   1003.55       34.25
   1000.04       64.25
    989.94       34.25
   1003.52       45.00
    997.20       51.50
    988.33       80.50
   1012.43       31.00
    995.36       77.75
    996.90       44.00
    996.44       73.00
    984.14       50.00
    994.57       36.25
   1000.32       78.00
    995.33       63.25
   1002.60       40.25
   1012.75       40.75
    996.83       47.50
    992.16       67.00
   1000.80       45.50
    993.04       51.75
   1001.07       38.50
   1010.36       31.75
    994.00       38.25
    995.89       69.50
    996.73       68.75
   1000.85       72.25
   1000.54       77.00
   1005.59       47.75
    994.32       66.00
    995.40       54.75
   1007.76       59.00
    990.84       45.25
    992.50       60.25
    993.99       56.25
    995.59       47.75
    994.56       52.25
    990.62       56.75
    988.87       57.50
    986.65       52.00
    995.15       80.00
   1004.95       39.25
    990.41       74.50
    997.71       62.75
   1007.67       66.50
    978.02       59.00
   1001.40       39.00
   1001.21       46.00
    993.14       55.00
    996.00       73.50
    997.82       54.00
    996.38       72.25
   1004.29       60.50
   1008.39       41.00
    993.13       60.25
    987.67       33.00
    996.81       50.75
   1000.21       37.75
    996.55       65.25
    979.50       68.50
   1000.52       36.25
   1001.46       51.00
    992.25       51.25
   1000.27       28.00
    993.06       49.00
    993.07       50.25
    995.16       69.25
    992.65       66.25
   1001.36       47.00
    997.54       60.25
    993.33       45.00
   1004.72       66.75
   1002.40       55.75
    984.81       58.00
    996.13       61.50
    996.21       51.25
    985.32       64.75
    986.42       77.50
    983.60       47.50
    992.33       56.75
    998.51       49.50
    979.10       58.25
    993.42       69.25
   1003.40       37.00
    969.26       41.50
   1001.78       35.00
   1006.42       36.25
    974.19       55.00
    987.50       56.75
    993.01       70.50
    987.42       60.25
   1013.03       29.25
    990.83       74.00
    988.95       72.00
   1006.43       36.75
   1015.35       32.00
    999.32       50.75
    979.80       60.75
    978.15       44.50
    993.00       40.50
    992.29       51.50
    997.22       43.25
    978.77       60.25
    983.99       81.75
    996.65       63.00
   1000.61       40.75
   1002.92       36.25
    979.38       59.50
   1008.13       38.25
    978.05       63.25
   1005.67       53.00
    991.51       51.75
   1000.76       50.50
   1012.01       36.25
    997.62       59.50
    994.09       50.75
   1001.66       63.50
    994.84       34.75
    993.52       76.00
    987.17       48.50
   1005.50       64.50
    987.36       46.00
    999.62       36.75
    993.40       59.50
    986.08       52.50
    992.79       59.25
    997.91       36.75
    983.60       50.00
   1009.20       41.00
   1012.06       32.25
    994.69       72.00
    999.05       32.50
    996.51       52.75
   1010.68       42.50
    991.02       62.50
    988.45       58.50
    991.09       47.25
    990.31       52.75
   1003.51       78.50
   1014.52       41.00
   1004.09       29.75
    994.96       57.25
   1009.95       26.75
    998.28       49.50
   1001.90       36.25
    988.08       68.25
   1002.90       29.75
    994.20       40.25
    993.99       65.25
    980.46       62.75
    992.61       66.00
    986.70       52.25
    989.40       48.50
    988.32       40.75
   1003.13       50.50
   1006.44       41.50
    995.11       35.50
    987.53       62.75
   1000.01       54.75
    986.87       56.25
    997.02       65.25
    983.27       51.75
   1001.54       35.25
    996.55       37.25
    978.21       55.75
    980.10       72.50
   1011.13       26.25
   1004.13       36.00
   1000.25       82.75
    993.22       69.50
    982.71       54.50
    988.98       68.25
   1016.95       29.75
   1006.98       49.75
    970.33       44.00
   1001.47       34.25
   1016.44       35.25
    993.23       76.00
   1001.74       55.00
    999.01       51.50
    984.80       62.75
   1007.23       38.00
   1005.45       30.25
    999.98       61.25
    979.00       59.50
    993.88       73.00
   1001.58       51.75
    995.99       39.50
    988.91       50.00
   1008.29       45.00
    997.38       50.50
   1002.63       29.75
    988.74       47.25
    988.07       49.50
    989.10       74.00
    990.68       55.25
    996.11       47.00
   1003.58       34.75
    983.31       73.75
    990.27       64.75
    995.49       63.75
   1002.67       33.25
    988.59       61.00
    987.67       46.50
    986.23       70.50
    995.31       58.75
    994.54       34.75
    988.93       68.50
   1018.03       35.00
    994.63       50.00
    976.02       77.00
   1000.75       54.25
    994.77       66.00
    997.40       71.25
    990.72       58.00
    984.41       60.00
    982.27       61.75
   1011.50       36.75
    993.17       48.25
    982.45       60.75
   1012.89       36.50
    994.20       72.25
   1004.60       60.50
   1017.93       38.25
   1000.12       52.75
    990.88       56.75
   1009.27       37.25
    986.30       80.75
    992.90       54.75
    996.71       66.50
   1008.65       37.00
    996.99       46.00
    996.74       47.75
    987.50       60.50
    999.23       49.50
    988.49       60.50
    998.60       38.00
    986.43       65.75
   1002.93       72.50
   1006.79       38.75
    994.01       43.50
   1006.61       30.25
    989.30       54.75
    988.69       68.25
   1006.83       44.00
    997.53       77.50
   1015.04       31.25
    997.33       40.75
    983.85       62.00
   1004.37       47.75
    981.78       62.50
   1000.27       54.75
    990.91       43.50
    994.42       70.25
   1000.86       39.00
    998.67       49.25
    986.06       71.75
    995.56       72.25
   1013.04       31.50
    986.68       65.75
    993.26       52.75
    985.06       57.75
    998.28       45.25
    992.13       57.50
    997.32       35.75
   1001.76       62.75
    991.01       54.00
    983.93       44.25
    983.13       57.50
    996.43       52.25
   1005.29       44.25
    980.00       52.50
   1001.06       36.50
    978.19       79.75
   1000.66       35.75
    992.66       68.50
    999.03       50.00
    980.43       62.00
    994.13       69.75
    991.71       55.25
    973.64       62.00
    993.98       78.25
   1006.71       31.75
   1007.23       36.25
    991.66       68.50
    963.07       61.50
    980.60       85.50
    998.06       50.25
    989.41       69.75
    987.12       61.75
    992.20       71.75
    977.39       75.25
   1000.72       37.75
   1004.14       50.75
    992.03       57.75
    984.80       61.75
   1009.38       37.25
    992.44       71.50
    995.23       82.00
    988.63       55.75
   1003.93       54.75
    988.86       69.50
    987.72       60.50
    995.55       51.00
    994.55       51.50
    990.24       68.50
   1003.08       41.50
    985.21       61.50
   1016.65       36.75
   1005.17       48.25
    976.19       77.50
    983.95       49.00
    977.46       39.25
    986.42       64.50
   1001.19       56.25
    981.34       72.25
   1002.69       56.75
    985.84       31.50
    983.40       76.75
    993.95       64.50
   1000.54       43.50
    989.18       77.50
    994.86       55.75
   1004.82       37.50
   1008.16       66.25
   1005.88       48.50
    991.47       40.25
   1002.29       30.50
   1010.94       39.25
   1009.41       31.50
    980.43       62.75
   1003.16       53.00
    995.11       50.75
    987.22       79.50
    995.73       48.25
   1012.81       41.00
    995.71       51.50
   1003.27       47.50
   1000.85       59.50
   1018.79       28.25
    976.02       58.50
   1001.79       37.25
    989.43       65.25
    990.28       54.00
   1000.49       40.75
    995.40       52.25
   1006.20       42.50
    984.37       58.50
    985.51       64.00
    990.59       75.25
    986.59       49.50
   1005.16       39.50
   1015.29       29.00
    978.58       76.25
   1000.29       63.25
    998.39       64.75
    995.06       71.50
    998.89       69.00
   1016.16       50.75
    987.68       71.50
   1003.76       85.25
   1011.49       44.50
    993.17       41.75
    987.83       55.00
   1007.92       44.00
    984.08       71.50
    997.91       47.50
    997.74       66.25
    989.04       35.75
    991.89       64.25
    998.32       50.75
   1007.87       31.75
   1012.57       38.75
   1008.52       37.25
   1001.62       81.75
    977.71       61.75
    993.69       54.50
    990.55       64.00
    987.98       83.50
   1015.49       39.25
   1004.95       33.00
   1008.31       45.50
    986.15       60.00
   1008.62       26.00
    996.24       57.00
    980.86       61.50
    989.75       76.50
   1003.54       45.00
    990.57       51.25
    976.34       62.75
    980.46       63.25
   1009.66       37.00
   1009.89       44.75
    995.47       50.25
    994.43       73.25
    991.43       52.75
    985.72       71.75
   1002.01       48.50
    996.07       65.25
    989.20       50.50
    996.57       42.75
    996.23       64.00
   1001.57       47.75
    990.83       73.25
    999.27       37.75
   1002.71       41.75
    998.39       39.50
    991.35       45.50
    987.11       83.00
   1005.88       40.50
   1007.10       44.00
    997.10       76.75
    978.02       57.75
    998.70       54.50
    990.31       61.25
   1010.96       35.00
    994.26       65.50
   1001.51       39.25
   1012.12       43.25
    997.20       35.00
    986.34       51.75
    994.50       44.75
   1002.06       35.75
    974.55       54.75
   1003.43       73.50
   1002.22       34.25
   1011.70       26.00
   1008.78       28.75
    992.11       55.25
    986.15       56.00
    999.52       68.25
   1000.69       36.25
   1000.12       32.50
    998.41       75.75
    992.92       61.75
    993.30       67.50
   1009.44       37.25
    992.05       52.75
    997.51       51.25
    988.66       58.75
   1001.99       52.25
    988.49       54.25
    992.32       47.25
    992.53       80.75
    990.45       60.75
    998.23       68.00
   1009.59       37.50
   1000.56       50.00
   1002.48       44.50
   1014.79       43.25
    988.47       52.50
    993.55       65.75
   1004.17       42.00
    999.25       36.50
    978.70       83.75
   1012.25       28.50
    995.59       58.50
   1017.27       29.00
    994.10       59.75
    997.38       60.75
    986.51       59.00
   1018.32       42.25
    999.35       56.75
    995.97       58.00
    998.77       60.25
    985.36       59.25
   1004.03       31.00
   1008.78       41.75
    998.63       47.50
    984.25       56.75
    994.23       56.50
    992.30       51.50
   1000.37       72.25
    984.13       54.50
   1005.46       28.25
    993.70       68.75
    996.98       60.50
   1004.95       40.00
    990.04       55.50
   1004.13       54.25
    995.39       62.00
    978.13       47.25
   1003.58       47.25
    995.67       65.25
    988.59       60.50
    985.77       55.00
   1007.70       31.00
    979.15       74.00
    981.28       67.75
    998.14       43.75
    983.15       61.00
   1006.27       38.50
    999.74       37.50
    985.43       49.75
   1010.88       48.00
    991.73       54.25
    987.15       52.25
    989.46       68.75
   1004.44       62.00
    996.01       69.00
   1004.47       46.50
   1003.78       26.25
    984.39       54.50
    995.07       39.00
   1000.65       82.50
    969.85       59.75
    985.28       51.75
   1003.40       34.50
    988.52       37.75
    987.87       60.00
    993.14       50.75
    990.52       69.00
   1008.54       45.00
    989.04       62.00
    986.18       50.50
   1006.12       48.25
    988.10       48.25
    998.01       74.25
   1002.62       58.25
   1002.77       30.00
    994.38       37.00
    996.53       60.25
   1007.05       66.75
    987.88       66.75
   1000.42       28.75
    982.56       64.75
    992.35       57.50
    996.05       70.25
    995.00       47.75
   1002.21       29.00
    992.08       81.75
    978.32       60.25
   1010.08       26.25
    983.46       47.25
    999.76       59.50
    994.25       49.75
   1012.67       29.50
    985.00       55.00
   1002.38       28.50
    990.75       78.00
    979.06       48.50
    995.21       45.25
    980.08       56.75
   1000.26       54.50
    982.94       64.75
    989.82       52.75
    984.39       55.25
   1002.73       35.00
    994.23       59.00
    998.68       54.00
    996.98       81.25
   1009.21       34.00
    989.56       36.00
    988.98       67.25
   1002.19       31.50
    985.66       42.50
   1002.56       51.75
    999.41       42.50
    985.58       67.50
    995.95       36.50
    998.60       60.50
    989.72       43.25
    993.39       59.00
   1003.11       61.50
   1004.65       30.25
    994.45       54.50
    988.38       54.50
    994.12       81.50
   1004.20       29.25
    990.08       62.00
   1000.25       45.00
   1003.15       42.25
    977.80       53.75
   1000.00       62.75
    993.99       45.00
    994.86       36.00
    975.57       76.00
    993.17       43.75
    994.26       42.75
    990.58       57.00
    991.23       35.75
    983.43       55.00
    996.86       38.25
    988.76       74.00
    996.22       42.50
    993.14       46.25
   1001.13       68.00
    987.60       65.50
    993.62       59.50
    993.69       36.50
    979.96       63.25
    983.93       54.25
    993.88       64.00
    995.10       38.00
    989.63       53.75
    982.85       59.00
   1003.92       55.50
    988.38       57.25
    996.97       73.25
    982.59       68.75
    996.66       43.25
   1017.02       27.00
    992.97       56.75
   1011.17       35.75
   1000.95       36.00
    987.21       56.00
    984.66       56.75
    988.29       69.75
    996.64       58.75
    997.87       46.75
    987.62       64.75
    995.67       52.00
    995.05       54.00
    961.77       58.50
   1003.71       36.00
    994.75       76.50
    998.62       30.25
    992.47       53.00
    987.12       69.75
   1002.41       39.75
    983.33       57.75
   1003.79       37.50
    991.48       58.75
    994.47       45.25
   1010.22       28.75
    996.61       69.50
    996.87       40.25
   1004.60       41.75
    980.47       70.50
    998.38       58.00
   1008.96       37.25
    982.29       51.00
    993.23       58.00
    982.67       51.25
    984.05       66.00
   1004.64       43.00
    983.62       49.25
    986.20       61.25
   1003.17       43.75
    987.31       33.75
   1005.36       60.25
    993.05       56.00
    981.63       60.50
   1002.39       35.00
    996.78       53.75
    993.62       57.25
    986.72       71.00
    973.23       62.50
   1002.71       32.50
   1002.38       37.00
    997.62       69.50
    992.89       51.00
    984.83       58.50
   1007.35       51.00
    984.69       76.50
    993.25       41.00
    998.05       71.00
    986.83       83.00
    998.54       43.50
    981.11       49.00
    991.03       63.50
   1003.21       41.50
   1009.92       28.50
    978.89       74.00
    989.45       49.25
    999.37       32.50
   1000.35       36.75
    981.77       64.25
   1004.29       46.25
    987.99       70.50
    993.03       64.75
    980.77       51.75
    998.61       75.00
   1003.73       37.25
   1000.61       36.25
    975.11       66.50
    998.99       56.25
    984.98       64.25
   1004.51       32.75
    993.15       42.75
    998.75       67.00
    998.61       34.25
    982.09       55.75
    984.42       53.75
   1002.54       75.25
    984.58       58.75
    980.41       66.00
    991.65       35.00
    989.70       64.50
   1000.74       28.75
    985.25       62.50
    995.68       51.50
    990.28       63.25
    983.74       59.50
    991.05       44.50
    987.32       63.00
    980.68       50.25
    997.28       42.00
   1006.98       55.50
    987.97       45.00
    994.03       56.00
   1000.26       28.75
    999.17       47.50
    993.39       58.75
    989.99       65.50
    991.00       48.75
    994.22       44.75
   1000.51       59.75
   1014.55       58.25
    967.95       82.25
   1000.38       58.25
   1009.52       36.00
    991.53       54.75
    993.30       32.50
    993.79       57.00
    988.34       61.25
   1000.43       76.75
   1003.62       74.50
   1002.85       50.50
   1004.14       58.75
   1000.52       66.50
    995.92       66.50
    995.85       57.50
    986.55       53.50
   1001.70       45.75
    984.58       60.50
    990.36       53.25
    994.62       36.00
   1007.25       46.75
    993.06       52.00
   1003.19       35.50
    996.74       67.25
    987.89       53.75
   1000.04       66.25
    991.59       51.00
    978.38       59.25
    995.13       67.50
   1015.34       32.00
   1001.62       38.50
    986.14       60.00
    980.71       72.25
   1005.68       28.50
    997.54       64.75
    999.39       52.00
   1006.22       29.25
   1019.78       27.25
    992.78       54.00
    999.73       52.50
    993.64       52.00
    986.70       50.50
    999.28       77.75
    988.00       66.75
   1012.96       36.00
    987.75       58.50
    978.16       82.00
    992.73       51.00
    987.08       68.00
   1004.34       35.25
    984.43       63.50
   1010.10       40.75
    997.69       65.75
    995.39       48.00
   1007.90       51.25
    997.59       38.25
    981.97       52.50
   1000.40       46.00
    993.33       64.50
   1009.25       30.50
    993.30       56.75
   1002.61       30.25
   1000.68       72.00
    990.58       64.75
    994.26       56.25
    991.20       46.00
    994.52       59.25
    991.03       77.25
   1014.47       26.25
    988.56       71.25
    998.23       66.00
   1010.76       47.75
   1001.11       45.50
    988.15       62.00
   1011.22       27.25
    998.35       37.75
   1006.62       42.75
   1002.38       38.50
    988.76       72.50
   1005.97       50.00
    982.35       67.50
    993.61       28.00
    987.38       72.25
    993.27       53.75
    979.09       57.50
   1001.95       52.25
    996.08       56.25
   1001.19       67.25
    997.85       80.50
    986.34       61.50
    987.63       52.75
    998.06       68.25
    992.78       53.00
   1002.77       53.00
    974.33       77.25
    985.78       62.75
   1000.76       55.50
    980.03       56.75
   1003.12       36.00
    995.34       58.00
    995.08       39.00
    983.03       65.00
    982.46       83.25
   1006.42       69.50
   1006.99       39.50
    979.18       48.50
    996.31       40.75
    992.85       62.25
   1003.58       76.00
    992.73       52.25
   1001.34       37.75
   1007.00       44.25
    982.07       54.50
    974.43       53.00
    999.62       57.00
    981.52       72.25
    972.21       53.00
    993.87       68.50
    998.48       64.00
    977.33       71.75
    998.34       68.25
   1006.96       46.25
    992.96       68.50
    986.37       58.25
    984.05       71.00
    991.69       83.75
    987.48       50.00
    983.05       39.25
    982.05       50.00
    996.52       54.25
   1006.08       38.75
    992.68       60.25
    997.48       53.25
    971.58       70.00
   1007.49       32.25
    973.97       61.50
    982.20       66.00
    987.67       51.75
   1001.18       50.50
    987.59       39.25
    996.35       35.50
    987.39       78.75
   1004.60       47.50
    967.60       61.25
    998.98       71.00
    998.35       51.25
   1007.99       32.50
    987.00       64.00
   1001.42       31.00
    994.26       46.25
   1005.67       43.75
    993.74       39.00
    975.20       58.75
    971.67       62.00
   1003.09       56.25
   1004.63       34.25
    999.92       57.50
    971.97       54.50
    989.79       54.25
    999.28       34.75
    964.61       70.00
   1002.02       39.00
    985.21       60.50
    986.21       64.00
    983.29       77.50
    997.78       42.50
    988.94       54.00
    996.74       50.00
    998.36       53.50
   1006.18       36.25
    981.80       58.75
    996.04       51.50
    986.20       43.25
    990.63       60.00
    994.39       32.00
    990.39       60.00
    973.05       47.75
    992.96       44.50
   1000.15       49.00
   1006.72       66.00
    996.44       53.00
    987.70       74.75
    998.76       41.50
    993.61       80.75
    994.38       48.50
    998.02       56.00
    989.57       59.00
    986.21       38.25
    993.21       83.00
    984.14       53.00
    999.55       36.25
   1007.11       46.50
   1006.44       42.00
   1006.20       36.25
    988.62       77.75
    991.60       39.00
    993.94       65.50
    981.52       69.75
    995.90       34.25
    975.52       49.50
    994.32       48.25
   1003.01       81.50
   1005.71       73.50
    977.02       46.75
    999.06       48.00
   1004.87       38.00
    997.01       37.75
    999.79       37.00
    996.44       68.00
   1000.78       58.50
   1001.71       43.75
    989.91       56.00
    993.48       74.75
    998.94       74.50
   1002.67       33.50
    978.89       49.75
    993.61       63.75
   1000.16       38.00
    998.55       62.00
    986.88       45.25
   1006.21       67.75
    999.45       47.25
    985.23       51.00
    997.24       52.25
   1010.82       34.50
   1005.83       76.25
    997.11       38.50
    987.06       61.25
   1002.17       60.25
    998.48       69.00
   1004.44       74.75
    993.98       46.50
   1008.21       34.00
    985.08       61.25
   1009.43       75.00
    992.59       46.50
    995.17       66.75
    982.69       54.50
    987.25       52.25
    990.67       76.75
   1003.87       48.00
    993.67       55.50
   1012.17       33.50
    998.89       37.75
    994.93       76.00
    986.89       47.25
   1003.40       30.00
    983.07       39.50
    996.18       58.25
    988.67       56.25
    999.44       63.50
   1005.53       42.00
    994.64       35.25
    987.93       45.25
   1005.61       70.00
    988.81       54.25
   1005.21       30.75
    988.34       52.00
    982.95       78.50
    993.71       59.25
    992.36       47.75
    985.28       74.00
    995.47       50.50
    988.61       47.75
    989.84       78.75
    986.51       55.25
    995.32       55.50
    985.92       55.75
    992.64       39.00
    975.18       55.50
    990.99       61.75
   1001.72       41.25
    998.05       59.75
    992.99       82.00
    996.04       53.00
   1003.21       37.50
    995.63       33.75
   1003.54       62.00
    988.69       51.75
    995.87       62.00
   1002.11       70.00
    993.26       59.75
    996.31       53.00
   1000.68       54.50
    995.29       66.50
    995.59       68.75
    991.61       56.00
   1003.43       36.50
   1005.12       41.25
    997.67       59.25
   1001.77       61.25
   1009.14       77.00
   1005.00       42.75
    978.72       54.50
    995.93       55.00
    993.89       55.50
    988.12       58.25
    996.81       71.50
    990.35       67.75
   1000.73       39.75
    997.76       47.00
    989.94       54.50
    981.78       77.50
    998.65       74.00
    997.86       79.25
   1003.65       46.00
    987.19       62.75
    994.93       49.50
   1009.99       48.75
   1004.40       32.75
   1008.68       33.25
    991.25       71.00
    996.31       45.50
    991.26       63.75
    987.94       72.50
   1005.18       46.00
   1004.05       45.50
    991.10       51.25
   1002.92       37.25
    996.61       46.50
   1003.27       35.50
    975.12       57.75
   1008.68       39.50
    976.08       66.75
    994.35       54.00
    985.28       73.75
   1006.49       56.75
    995.40       59.50
    994.58       46.50
    997.26       63.75
    985.44       47.25
   1018.67       39.75
    982.81       75.25
    969.44       71.75
   1000.62       70.75
    980.07       77.00
    987.32       52.50
    975.81       65.50
    996.17       78.75
   1003.30       34.75
    982.18       54.25
    989.82       61.00
    979.75       77.00
    997.23       80.75
   1006.05       31.25
    973.60       56.50
   1000.17       35.75
   1002.55       73.75
   1004.42       44.50
    999.15       46.00
    990.16       79.00
   1000.36       43.50
    968.14       64.75
   1002.26       42.25
    972.24       64.50
    982.49       57.75
    999.51       44.00
   1001.42       79.75
   1005.37       39.50
    996.01       49.25
    992.97       51.75
    990.38       54.50
    991.12       64.25
    972.34       69.50
    978.40       51.75
    980.46       64.25
    993.46       45.25
    999.74       56.75
    997.80       47.50
    998.17       53.50
    989.13       67.50
    990.71       64.25
    979.03       48.50
    980.96       55.00
    997.47       55.25
    996.85       35.00
    996.87       42.25
   1003.46       81.50
    976.71       78.50
    992.43       67.00
   1019.34       28.25
   1007.49       53.25
    986.92       61.00
    987.92       69.50
    982.55       51.75
    982.94       72.25
   1004.68       34.75
    989.11       73.00
    978.61       69.75
    986.65       50.75
   1000.86       30.75
   1004.78       35.00
   1007.95       73.00
   1004.79       52.25
   1000.02       38.00
    984.34       61.50
    988.96       45.25
    992.24       54.25
    996.69       44.00
    997.74       82.00
    991.93       70.25
    980.87       58.25
    986.64       71.75
    998.58       27.50
    997.51       59.50
    990.19       65.50
   1002.13       70.75
   1002.54       35.50
    992.63       70.50
    999.84       50.75
    966.62       57.75
    970.79       60.25
   1004.50       46.75
   1003.05       29.50
    992.41       60.75
    990.46       62.25
    966.13       49.50
   1001.27       53.75
    997.88       27.25
    992.81       53.75
    995.35       33.50
    998.81       39.50
    999.31       49.25
    979.58       81.25
   1001.37       41.00
   1005.44       64.75
    996.91       42.00
    996.13       43.00
    995.06       60.50
   1000.91       48.75
    993.58       40.00
    987.07       53.25
    981.86       79.25
   1003.45       39.75
    993.03       50.25
   1003.86       36.50
    982.76       79.00
   1020.66       46.75
    995.04       77.25
    992.46       48.75
    975.35       55.00
   1002.22       60.00
    998.28       76.50
    984.56       75.25
    999.03       35.00
    994.95       46.50
    988.62       59.75
   1004.84       37.50
    986.71       80.00
   1001.90       35.50
    995.79       58.00
    970.14       72.75
    990.11       50.50
   1009.80       38.25
   1011.86       41.25
    982.56       85.25
   1002.15       54.75
    995.24       62.25
    977.27       53.25
    989.69       66.75
    985.79       52.25
    988.42       76.75
    989.56       69.25
    994.95       50.00
    987.30       81.00
    987.10       61.75
    994.18       27.00
   1001.18       41.25
    995.20       61.75
    991.51       47.75
   1000.06       54.25
   1010.70       39.00
    984.03       74.75
    987.17       73.25
    998.81       42.50
    991.62       61.25
    999.83       65.50
    979.06       62.25
    997.13       60.50
   1007.52       27.75
   1002.13       44.50
    982.61       56.00
    975.56       54.75
    993.23       56.25
   1022.46       34.50
    997.11       50.75
    998.19       40.50
    993.00       80.00
   1008.12       28.25
    993.40       46.50
    994.99       77.25
   1001.89       63.00
    985.72       58.50
   1003.75       73.50
   1002.47       76.00
   1001.42       42.25
    984.91       57.00
   1002.66       30.00
    982.27       57.00
    968.32       75.50
    982.49       62.25
   1003.65       48.00
    993.23       46.50
   1014.15       29.00
   1001.90       36.50
    975.16       77.50
    991.30       59.75
    997.60       45.00
    997.48       62.25
    997.03       67.50
    993.71       53.50
    997.33       54.00
    975.14       78.25
    992.48       59.50
    985.56       62.00
    983.07       50.00
   1004.22       42.00
    999.86       69.00
    994.48       37.25
    977.34       42.00
   1002.40       34.50
    996.73       39.00
    996.42       60.25
    975.93       57.00
    992.92       57.00
    998.71       59.50
    983.84       57.50
   1002.19       68.75
   1008.32       30.00
    996.73       54.50
   1012.86       34.75
   1001.07       30.25
    987.20       76.75
    979.54       45.75
    989.85       36.50
    980.32       61.25
    979.30       62.75
    997.65       30.25
    991.44       64.75
    999.22       35.00
   1000.20       41.75
    995.24       54.75
   1000.02       34.25
    995.39       67.25
    986.82       44.25
    991.75       47.00
   1005.62       28.50
    994.78       25.75
    998.51       45.50
    979.00       53.25
   1001.03       35.75
    995.61       37.25
    999.50       45.50
    983.24       67.00
    993.85       43.75
    987.54       46.00
    995.36       47.50
    995.62       36.50
   1000.74       39.25
    999.73       45.75
    991.20       52.00
   1005.53       27.25
   1006.90       54.75
    998.20       72.75
   1004.03       64.00
    990.21       54.50
    992.71       68.00
    964.93       49.75
   1002.04       37.75
   1004.07       73.25
    989.47       39.25
    992.62       71.00
    996.17       51.75
    992.35       60.75
    992.35       72.50
    993.87       58.75
    995.98       57.25
    984.86       58.75
   1014.31       40.00
    991.40       60.25
    982.87       75.00
   1011.00       30.00
    984.80       72.25
    992.08       56.25
   1015.49       29.75
    986.69       60.25
   1005.87       39.25
    984.18       47.75
    989.17       57.00
    992.00       52.50
   1005.91       46.25
    997.13       59.00
   1000.85       62.25
    992.42       81.50
   1007.68       44.75
    995.47       44.75
    996.57       53.50
   1002.74       54.50
   1008.73       73.00
    988.01       55.00
    989.02       63.00
    981.56       50.00
    997.31       72.75
   1001.43       73.25
    992.45       38.00
   1004.68       49.50
    999.14       64.50
    998.26       51.00
   1002.62       37.75
   1020.89       32.00
   1006.14       54.50
    992.76       56.25
   1004.78       32.25
    982.75       56.00
    996.09       46.25
    979.09       65.50
    998.97       49.00
   1016.59       25.50
   1002.40       30.75
    993.98       67.25
    976.14       46.50
   1008.52       29.75
    995.53       66.00
   1004.56       57.00
    990.87       56.50
    996.92       68.75
    987.98       72.75
   1016.74       32.75
   1005.67       53.00
    993.15       54.75
    973.27       73.25
    983.23       54.50
    979.88       80.75
    998.54       47.75
   1002.69       78.00
   1002.38       54.75
    995.25       50.75
    998.42       52.50
    992.81       63.50
    998.58       40.75
   1001.28       47.50
    995.01       63.50
   1005.59       36.50
    990.86       61.25
   1000.43       39.25
    990.70       79.00
    992.07       58.50
   1003.84       53.00
   1001.99       33.25
    993.99       68.75
    995.21       50.25
    999.54       50.25
   1015.79       30.00
    990.87       43.75
    982.73       66.75
   1008.46       47.75
    995.30       73.00
   1003.89       36.75
    987.02       62.00
    990.62       53.00
    993.80       49.50
    980.78       62.25
   1001.88       37.75
   1010.58       44.75
    998.89       62.50
    996.89       44.50
   1012.49       26.50
   1002.70       77.00
    980.96       81.50
   1004.58       26.50
    994.23       38.50
   1001.34       72.00
    988.75       58.50
    995.24       41.00
    993.88       49.00
    989.36       67.00
    994.07       58.00
   1002.20       41.25
    984.05       62.00
   1008.09       51.50
    996.49       35.75
    983.40       56.00
   1008.96       40.25
   1000.78       56.00
    989.67       55.50
   1000.00       83.00
    982.17       55.75
   1009.75       34.00
    989.42       55.25
    996.31       64.50
   1003.51       35.25
    981.38       54.25
   1003.47       37.75
    990.77       58.25
    995.06       62.50
    989.71       57.75
    995.54       55.25
   1007.61       42.25
    980.74       51.50
    980.79       71.50
    986.89       59.00
    987.34       58.00
    982.16       65.75
    987.34       58.50
    987.22       56.25
   1001.78       39.75
   1002.42       38.00
    987.33       51.75
    978.33       53.00
   1006.81       38.00
    991.66       49.25
    999.89       40.00
   1014.97       35.00
    986.22       72.75
   1003.42       51.00
    998.96       55.75
    991.79       59.25
    981.91       58.75
    991.97       60.75
    972.80       60.50
   1003.30       84.00
   1000.55       71.00
   1002.50       38.00
   1007.77       49.25
   1003.99       40.00
   1001.17       37.00
    993.54       37.50
    996.74       30.25
    994.29       54.25
    997.02       53.00
   1000.78       38.25
    994.97       56.50
    993.58       50.50
    997.61       71.75
    989.66       49.00
    996.21       55.25
    983.84       50.75
    974.25       46.25
   1001.00       57.50
   1003.68       47.75
    998.88       53.50
   1006.00       66.00
    982.67       61.25
   1002.72       66.75
    991.31       65.25
    986.54       64.50
    991.95       29.00
   1001.51       65.25
    999.30       36.25
    985.44       55.75
    997.74       50.50
    970.18       79.75
    996.94       51.50
    996.11       62.75
    994.29       57.25
    989.84       46.50
    984.36       68.25
    981.95       78.75
    987.83       57.75
    990.64       49.25
   1002.18       50.50
   1006.48       45.75
    985.63       58.00
    999.61       62.00
    998.15       77.50
    999.62       46.75
    992.39       47.50
    993.05       55.75
    995.25       65.75
    986.48       73.75
    981.69       54.25
    995.71       73.00
    995.23       37.50
    990.69       47.00
   1001.12       50.75
    996.61       40.00
   1005.49       49.75
   1006.54       39.25
    998.25       38.75
    997.39       69.75
   1020.34       29.50
    991.75       39.75
    992.01       64.75
    990.12       56.75
   1003.82       73.00
    986.57       55.75
   1001.07       36.75
    998.58       77.00
    991.76       59.00
   1011.88       26.75
    982.90       82.25
    994.50       47.25
   1011.83       42.50
    995.80       39.50
    989.65       46.75
    987.15       38.50
    966.15       75.75
    984.97       70.25
   1010.43       33.50
    997.71       70.00
    993.96       54.25
    985.89       77.25
    994.79       55.25
   1004.03       42.25
    994.84       35.25
    997.10       53.00
    998.54       61.50
   1002.58       38.50
    999.48       59.75
   1004.37       57.25
    967.27       59.50
   1001.30       51.75
   1001.24       56.50
    986.50       77.75
   1000.67       73.00
    977.57       67.00
    986.41       58.50
   1000.99       37.50
   1009.60       40.25
   1010.68       26.25
    988.59       54.50
    996.08       40.25
    991.64       70.75
   1004.98       33.25
   1009.54       40.75
   1006.52       37.00
    984.96       78.50
    989.70       73.50
    994.73       80.50
    994.83       58.75
    995.30       43.00
    997.77       46.75
    999.83       66.75
    980.66       56.50
    996.51       68.50
   1004.96       58.50
    995.30       75.50
    977.86       55.50
    991.58       44.75
    962.48       81.50
    995.88       81.00
   1016.44       25.75
    993.11       51.75
    988.97       48.50
   1009.92       37.25
   1000.53       47.25
    991.07       68.50
    997.35       76.00
    971.71       49.25
   1004.76       53.50
    990.45       58.50
    994.35       59.50
   1001.94       55.75
    996.98       61.75
    999.90       58.25
    989.15       53.50
    995.41       49.50
   1000.29       42.50
    977.84       75.25
    997.23       57.75
    999.93       67.50
   1011.50       40.75
    992.40       77.25
   1003.50       39.25
    982.46       66.00
    991.30       51.25
   1007.70       41.25
   1003.52       55.50
    990.97       54.75
    997.00       41.00
    982.19       59.75
    998.95       60.50
    997.98       46.50
    983.83       74.00
   1003.94       44.75
    989.74       86.25
    987.18       62.00
    993.60       35.00
    994.15       74.00
    994.54       51.50
   1004.34       35.50
    995.14       68.75
    985.62       61.00
    981.03       78.75
    989.44       65.75
   1011.13       30.00
    973.47       65.75
    989.76       57.25
    992.35       49.50
   1016.23       34.00
    990.05       60.50
    975.19       57.50
    990.88       65.50
    988.29       69.50
    999.92       62.25
    984.67       59.75
    972.62       61.75
    997.40       59.00
    997.13       75.75
   1010.47       46.00
   1011.52       37.00
    990.62       52.25
    981.20       56.75
    991.01       56.50
   1017.67       36.00
   1010.48       35.75
   1007.59       34.25
    998.21       51.75
   1004.04       35.00
    964.73       64.50
    995.39       59.25
    979.91       69.75
   1000.85       31.00
    993.02       43.75
    997.55       61.75
    976.41       49.00
   1005.22       35.00
   1001.34       46.50
    987.96       66.75
    994.55       59.25
    991.80       32.75
    996.89       64.00
    996.76       63.00
    985.71       58.75
    996.83       31.00
   1000.00       50.50
   1006.85       46.50
   1005.13       39.75
    979.71       79.75
    997.40       42.50
   1004.68       67.25
    994.85       56.00
    993.83       48.25
   1007.97       50.25
    993.85       45.75
    990.91       49.50
    984.83       68.25
   1004.95       29.00
    994.96       39.25
    991.37       75.75
    993.21       54.50
    992.02       77.75
   1002.70       50.25
    979.79       56.50
   1003.07       45.25
   1005.62       66.50
    981.97       65.75
    978.35       61.00
   1002.49       53.25
    982.34       54.00
    962.67       50.50
   1004.30       29.50
   1001.35       34.75
    989.38       63.50
    976.45       61.50
   1001.38       33.00
    990.44       52.75
    999.07       49.50
   1006.82       49.25
    993.20       70.50
   1003.83       31.25
    987.69       64.50
   1008.54       38.00
    996.85       47.25
    992.86       77.50
    975.77       47.75
    988.14       56.00
   1019.20       29.75
   1000.66       53.50
    983.52       68.00
    999.43       30.75
    999.22       36.75
    979.23       46.50
    986.02       83.25
   1001.63       40.50
   1007.52       29.50
    978.10       60.75
    986.97       50.25
    983.10       55.50
    988.86       65.75
   1007.81       30.75
    996.06       85.75
   1003.76       54.50
    989.43       60.75
    998.61       82.50
    984.01       59.00
   1000.35       39.25
    995.65       51.00
    998.80       54.00
   1001.24       70.25
    983.04       62.50
    985.82       55.75
   1007.10       40.75
    991.92       57.00
    995.60       35.50
   1014.72       26.25
    996.70       36.50
   1011.47       35.75
    984.93       57.00
   1003.16       40.75
    980.42       59.75
    996.20       67.75
    996.87       74.00
   1000.87       34.75
   1005.35       39.50
    982.32       52.50
    985.60       54.25
    975.85       64.00
   1018.15       38.00
   1010.08       41.50
   1004.22       32.50
    995.38       55.00
    997.38       52.75
    995.20       56.75
    995.15       76.00
   1002.34       44.75
    992.59       52.00
    993.57       51.25
    990.11       39.25
   1016.29       28.75
    977.07       79.50
    998.76       57.25
    985.07       59.50
   1003.50       45.00
   1003.79       80.75
    988.52       53.50
    991.22       51.00
   1001.60       72.75
    990.65       51.00
    989.43       57.25
    992.46       53.50
    998.58       71.00
    990.29       69.00
    997.47       61.00
    987.75       56.25
    989.73       61.50
    992.62       50.25
    998.88       55.75
    983.50       52.75
    991.13       46.75
    977.07       83.25
    978.94       55.75
   1013.70       37.50
    998.50       41.00
    997.35       37.50
   1014.64       40.25
    992.61       70.50
    980.54       83.00
    997.11       66.50
   1000.26       50.25
   1002.42       47.75
    982.33       55.25
    989.38       69.00
   1009.71       40.50
   1006.12       36.25
    992.07       50.25
    998.42       67.25
    983.54       71.25
   1011.51       30.00
    988.73       56.75
   1003.03       35.75
   1010.37       44.25
    977.97       59.00
   1001.95       68.25
   1002.62       31.25
    997.00       65.75
    980.54       71.50
   1003.52       35.50
   1017.95       42.50
    983.02       57.50
   1001.36       45.00
    998.66       48.50
    978.32       56.75
   1001.54       38.75
    992.23       38.50
    997.20       52.50
   1012.45       29.00
    999.97       51.00
    987.78       60.00
   1009.94       52.75
    990.33       70.50
    989.34       46.50
   1003.80       33.25
    969.82       49.50
    994.51       52.50
    976.05       65.50
    997.07       46.50
    974.20       53.25
   1000.75       77.50
    978.30       72.00
   1000.08       32.25
    974.22       64.75
    995.61       66.50
   1004.09       36.75
   1001.36       48.25
    995.61       72.75
    981.88       64.50
    993.76       49.75
    997.00       54.25
    989.19       67.00
   1003.54       41.75
   1006.47       69.75
    977.71       61.00
    995.28       55.75
    999.22       59.75
    999.09       43.00
   1006.04       79.00
   1003.94       39.25
    993.85       46.25
   1002.81       64.00
   1003.27       58.25
   1000.59       28.25
    995.62       59.00
    999.68       54.00
    989.46       77.00
    991.17       64.25
    996.63       42.00
   1000.84       76.25
   1002.58       30.25
    998.89       53.25
    982.16       56.50
    987.79       86.25
    986.28       75.25
   1004.06       44.75
    991.58       64.50
    987.00       54.75
    996.22       75.00
    995.43       38.50
    996.07       54.00
    996.53       38.25
    984.57       68.75
    995.37       31.25
    986.73       32.75
    990.65       64.50
    989.26       72.00
    996.32       57.75
    998.81       48.75
    999.60       44.25
   1005.55       72.00
    983.39       65.25
    985.71       36.75
   1004.61       46.25
    995.83       49.50
    990.68       64.50
    996.06       56.50
   1009.83       34.75
    997.69       73.00
    995.03       46.25
    994.68       34.00
   1007.18       32.00
    983.35       66.75
   1004.19       39.25
    989.54       66.75
    999.63       43.50
    993.79       62.00
    993.94       62.25
    998.28       68.00
    979.02       52.00
    999.74       49.75
   1006.51       76.50
    979.76       46.00
    975.00       64.25
    995.35       42.75
   1018.01       32.50
    998.16       80.25
    993.96       35.75
    991.50       56.00
    998.35       33.50
   1003.77       62.00
    997.31       51.00
   1007.63       74.25
    997.99       63.00
    988.52       58.00
    985.83       51.75
    985.51       48.75
    997.74       56.75
    997.78       56.50
   1000.44       59.25
   1006.44       38.00
    993.64       67.50
    992.92       59.00
   1016.87       31.75
    997.18       81.75
    998.40       36.25
    985.73       78.00
   1000.66       41.00
    997.12       38.25
   1007.45       28.00
    998.63       44.75
    995.52       53.25
    999.93       76.25
    997.79       53.75
    976.77       53.75
    978.12       68.75
   1000.95       38.25
   1001.04       43.50
   1002.14       73.00
    979.88       53.50
   1008.84       37.50
   1012.75       34.25
    987.89       60.50
    992.80       53.75
    997.40       68.00
    996.44       40.75
    995.84       53.00
   1001.70       30.00
    991.04       60.25
    983.81       50.50
    987.01       57.25
   1003.67       36.25
    997.63       40.25
    994.24       56.00
    997.89       56.50
    991.06       53.00
   1009.25       33.25
    990.31       83.50
    993.49       74.50
    998.29       65.75
    994.28       42.75
   1000.55       76.00
    984.72       58.75
   1009.13       54.50
    994.99       53.75
    990.45       59.75
   1006.28       41.25
    979.47       73.50
   1013.59       35.75
    977.00       57.50
   1001.26       50.25
   1007.82       44.00
    975.48       54.00
    999.23       38.25
    982.40       51.50
    994.67       48.75
    999.40       49.25
    985.21       71.25
    980.44       65.25
    988.57       70.00
   1004.16       45.00
    983.87       51.50
    995.28       68.75
   1002.88       36.75
    985.01       70.75
    986.97       59.75
   1004.21       32.00
    997.30       38.00
    982.31       64.75
   1002.33       42.25
    999.37       56.25
   1004.87       39.75
    984.89       72.50
    999.52       45.50
   1003.41       40.25
    985.05       54.75
    996.34       54.50
   1004.54       41.50
   1000.47       58.50
   1002.60       54.00
    982.12       74.50
    994.40       62.50
    992.50       78.25
   1000.16       36.75
    977.68       72.25
   1002.96       67.25
    970.56       60.50
    993.88       74.25
    999.05       35.00
    983.20       73.25
    993.99       54.25
    996.22       56.50
    991.93       78.50
   1005.75       39.75
    987.84       64.00
   1005.92       44.50
   1003.31       44.50
    986.73       42.75
    996.69       45.00
   1002.29       47.75
   1009.19       29.00
    976.66       57.50
    960.87       56.50
    998.52       40.50
    988.90       45.50
    988.43       56.25
    999.69       37.25
   1009.29       31.50
   1006.27       38.25
    992.43       66.25
    993.14       69.50
    976.26       69.25
    992.93       54.25
   1010.46       36.00
   1004.73       38.50
    975.93       82.75
    999.91       35.75
    983.44       60.25
    999.93       64.75
   1014.02       27.50
   1006.35       44.25
    990.88       56.00
    978.35       54.50
    989.34       62.00
   1001.25       35.25
   1010.97       51.75
    986.16       67.25
    998.74       69.25
   1004.40       45.75
   1008.37       39.00
   1004.94       32.00
    997.30       33.25
    995.98       79.75
    990.73       51.25
    998.24       52.50
    996.42       35.75
    981.15       79.25
    993.26       52.00
    997.37       48.75
   1001.07       58.00
    986.97       71.75
    997.65       79.25
    986.68       64.00
   1006.76       41.75
    997.76       38.75
    992.83       57.00
   1000.90       34.75
    993.31       48.00
    991.77       74.75
    994.98       44.25
    992.43       44.25
   1007.26       29.75
    992.46       69.50
   1001.38       34.25
    977.54       57.00
    987.37       36.00
   1004.55       51.50
    999.24       43.75
    992.02       48.75
    993.87       59.00
    986.04       29.25
    986.12       70.25
    994.33       70.75
   1000.32       73.00
    988.91       35.75
    994.75       49.25
    978.25       64.00
    992.90       68.25
    998.58       40.25
    992.89       43.25
    992.07       57.75
    981.24       56.25
    993.61       58.50
   1002.20       46.50
    993.20       73.25
    992.27       62.50
    990.87       48.75
    992.34       45.75
    996.55       53.75
    981.20       58.75
   1005.74       42.25
    992.48       66.25
    991.60       50.25
   1002.19       34.25
    985.10       59.00
   1005.43       44.00
    997.73       43.25
    989.57       47.50
    989.55       56.25
   1013.70       36.75
    997.43       71.00
   1001.92       38.00
    978.41       59.00
   1003.91       78.50
    987.72       70.25
    990.77       57.75
    991.82       72.00
    998.91       41.00
    989.62       56.50
   1001.19       47.75
   1002.50       55.75
    991.33       54.50
    985.94       57.75
    995.20       67.75
    995.02       77.75
   1001.17       47.00
    990.90       65.00
    997.92       42.00
    999.90       43.25
    990.03       67.25
    998.57       58.00
    988.54       48.00
    997.41       58.75
   1005.52       39.75
   1004.74       55.25
    996.73       56.75
    993.68       50.00
   1006.08       31.25
    999.79       58.50
   1009.02       30.25
   1000.72       30.25
   1002.43       38.00
   1012.22       42.00
    977.41       55.25
   1011.58       27.75
    975.58       57.75
   1012.61       55.50
   1001.89       49.00
   1005.83       71.00
    992.78       65.50
   1000.34       38.75
    996.56       65.25
    985.61       49.75
    998.44       50.50
    995.67       63.75
    999.01       48.75
   1001.14       52.50
   1004.08       40.75
    991.86       65.50
    996.14       43.25
    994.57       80.75
    998.80       43.50
   1005.85       45.50
    972.75       61.00
    990.50       70.75
    992.47       61.50
    997.69       54.50
    993.68       62.25
   1007.43       34.00
   1002.80       42.25
    990.80       68.25
   1015.57       41.25
    990.46       61.75
   1002.25       51.25
    993.27       49.25
    993.37       63.25
    989.55       73.00
   1002.51       73.25
    986.33       56.50
   1000.20       56.25
    995.18       40.25
    985.88       59.75
    990.92       47.25
   1004.83       43.50
    994.53       56.75
    993.46       71.00
    988.89       60.75
   1008.85       27.75
    987.12       57.75
    987.09       57.00
   1010.15       40.75
   1016.42       32.75
    997.28       34.50
    994.18       49.75
    980.65       61.25
    993.27       30.25
   1003.22       36.00
    988.01       60.50
   1006.25       30.50
    985.04       74.50
    995.94       76.25
    995.73       65.75
   1000.08       62.25
    986.55       67.50
    997.55       62.25
   1008.48       37.50
    979.32       55.50
    983.83       75.00
    985.44       55.25
   1007.00       75.75
   1003.40       34.50
    995.57       44.50
    996.37       58.00
    982.92       63.00
    991.29       57.00
    997.10       55.50
    998.23       28.00
    980.27       76.50
   1000.87       29.00
    999.40       37.50
    985.04       49.50
    996.37       72.00
    998.41       45.50
    990.70       52.75
   1001.68       56.50
    979.70       55.25
    989.91       60.75
    992.01       76.75
    997.71       64.25
   1001.52       51.50
    992.49       46.00
    986.24       47.00
    980.27       61.25
    979.70       75.75
    995.26       54.00
    998.44       28.75
    998.50       80.00
   1006.40       34.00
    989.85       36.00
    996.59       45.50
    993.91       39.25
    994.15       36.25
    986.62       79.00
    990.95       64.00
    998.10       65.25
    971.45       66.00
    994.87       52.75
    992.86       41.25
    997.34       28.75
   1010.56       47.75
    991.37       52.50
    998.83       39.75
   1006.56       45.00
    984.32       76.50
    992.91       69.25
    980.26       42.00
   1004.68       43.25
    994.60       37.00
   1013.02       39.00
    990.29       60.25
   1005.06       30.75
    994.65       52.00
    995.30       81.25
   1018.45       28.25
    995.02       44.25
    985.76       78.50
   1002.57       49.25
    992.29       57.75
    990.55       52.75
    997.97       55.50
    982.80       74.75
   1004.10       36.25
    991.43       42.00
    999.18       27.25
    993.63       57.75
    976.80       44.75
    986.33       62.00
   1006.09       59.25
    996.37       37.75
    977.41       82.00
   1006.00       42.00
    991.94       59.75
    989.91       60.00
    991.19       76.75
   1009.84       65.25
   1006.84       49.75
    977.89       55.00
    999.04       40.00
    985.45       52.75
    992.76       57.50
    993.89       70.25
   1009.44       34.25
   1003.16       55.75
    984.00       79.50
    983.14       63.50
   1011.51       49.00
   1013.35       39.75
    998.73       49.75
   1005.87       50.00
    990.00       55.25
    991.21       54.00
    986.36       73.00
    989.00       51.50
    997.25       51.50
   1000.62       35.25
   1000.28       32.75
    995.95       58.00
    997.20       64.75
    987.78       80.25
   1007.63       48.25
   1013.76       34.50
    999.24       49.00
   1000.44       52.25
   1003.01       36.25
    999.23       50.75
    992.88       58.25
   1008.92       42.75
    997.05       72.75
    999.13       60.25
   1011.24       40.25
   1002.95       66.00
   1002.51       46.75
   1001.52       36.75
   1004.06       37.50
   1010.15       53.25
    991.33       81.50
    986.29       55.00
   1003.49       50.75
    984.06       77.75
   1003.60       41.50
    981.49       60.75
    993.88       80.25
    994.96       63.75
    981.45       79.75
    989.66       54.75
    995.40       57.50
    998.03       41.25
   1012.52       33.50
   1005.38       49.25
    997.18       67.75
    994.26       56.00
   1003.00       36.00
   1010.20       33.25
    993.34       68.25
    998.66       60.75
    998.47       76.75
    972.49       57.00
   1009.24       31.00
   1020.43       32.50
    990.06       50.25
   1001.70       78.50
    968.27       82.75
    998.80       39.50
    983.31       77.75
   1002.84       49.50
   1003.98       63.75
    979.84       51.50
    996.89       62.25
    992.89       57.25
    994.89       61.50
    993.25       49.75
   1004.02       39.25
    982.74       63.00
    973.35       83.50
   1001.11       64.00
    970.01       79.75
    995.60       57.75
   1011.98       26.50
    987.62       52.25
    973.23       79.50
   1002.30       49.00
    993.88       52.50
    989.83       61.25
    994.50       55.50
    994.00       65.25
    966.80       70.25
   1007.99       34.75
    981.50       75.00
   1007.01       39.75
    978.12       77.00
    984.23       80.50
   1000.49       55.75
    999.57       60.50
    975.00       58.25
    979.92       85.25
    980.15       65.00
   1001.22       51.25
    984.88       50.50
    974.99       79.75
   1012.57       39.25
   1003.46       36.50
   1013.46       38.00
    964.01       48.25
   1006.63       76.00
    985.44       59.75
    998.43       62.75
   1002.07       39.50
    976.97       73.00
    996.79       47.25
   1010.76       64.25
    984.75       50.25
    987.85       64.00
   1005.47       80.00
    976.26       53.75
    999.16       70.00
    976.80       54.00
    999.28       34.75
   1007.46       34.25
   1000.28       37.00
    985.30       52.25
    997.43       68.50
   1005.87       32.50
    998.67       45.00
    990.20       50.75
    996.94       49.50
   1010.80       30.25
   1011.76       43.00
    995.08       69.00
    980.32       59.00
   1001.11       35.50
    990.47       48.50
    983.34       75.00
    973.52       63.25
   1001.08       68.00
    989.82       41.50
    996.98       70.75
    993.41       59.50
    980.13       59.00
    998.89       36.00
   1002.18       34.00
    993.74       48.00
    990.53       54.50
    997.52       61.50
    995.88       59.75
    980.70       82.50
    980.79       76.50
    989.16       51.00
    992.76       34.25
    999.49       53.50
    996.73       77.75
    988.68       84.00
    998.25       47.00
    997.00       48.75
    995.32       52.25
    983.33       70.00
    987.92       54.75
    994.69       66.25
    999.75       28.25
    995.15       60.25
    991.84       48.25
    997.47       61.00
   1001.37       33.50
   1011.50       48.50
    982.54       67.25
    979.73       74.75
    989.87       58.75
    992.45       72.00
    994.87       61.50
    979.93       56.00
    988.06       61.00
    985.50       50.50
   1000.66       48.00
   1001.56       36.25
   1000.85       53.75
    982.09       78.75
   1007.90       33.00
    987.49       46.50
    983.77       60.25
    987.19       78.75
    992.74       49.25
    994.59       58.25
    974.89       68.25
    987.92       83.25
    997.03       49.50
    999.49       62.75
   1016.28       31.50
    993.18       55.00
   1009.63       41.75
    995.01       84.50
    996.24       42.50
   1014.31       52.25
   1002.91       34.50
    992.42       60.75
    993.10       56.75
    992.12       81.00
    995.50       27.75
    984.52       54.25
   1003.82       36.25
   1016.81       33.00
    992.51       81.25
   1003.46       30.25
    987.01       75.50
    994.97       51.50
   1000.76       25.25
   1003.58       38.00
   1003.73       44.00
    998.17       49.25
    997.40       56.25
    987.06       80.25
    975.81       51.75
    996.41       52.25
   1015.06       37.25
    997.33       70.75
   1001.62       56.25
    996.80       47.50
   1001.73       82.25
    999.00       61.25
    979.70       81.25
   1001.72       37.50
    994.15       61.25
   1000.71       47.50
   1004.14       57.50
    963.65       74.25
    994.71       56.00
    985.31       69.75
   1009.21       47.00
    995.67       60.00
   1002.32       40.25
   1011.32       42.50
   1005.30       30.25
    982.14       62.25
   1016.53       37.75
    997.31       55.75
   1000.51       67.00
   1006.20       59.50
    997.04       66.50
   1010.77       28.50
   1002.56       37.25
   1002.49       57.50
   1000.26       40.00
   1006.97       38.50
    972.90       81.00
   1001.75       62.25
   1001.80       66.25
    994.85       53.75
   1002.84       70.75
    994.03       52.75
   1008.48       44.75
   1006.21       31.75
    975.61       71.50
    992.65       46.25
    992.65       48.25
    985.06       76.75
    995.11       65.00
    989.01       60.50
   1005.44       61.00
    979.66       77.00
   1005.48       37.50
    994.01       55.25
   1000.62       49.75
   1001.31       66.50
    984.38       56.00
    995.92       57.25
   1006.35       64.50
    991.62       57.50
    989.36       76.75
    998.05       72.00
    991.49       81.00
    990.69       62.50
    988.57       57.00
    998.95       43.75
    989.91       54.50
    994.65       57.00
    988.93       69.75
    969.63       67.00
   1018.29       30.00
    984.97       48.50
    992.05       49.00
   1003.76       61.75
    991.33       84.00
    993.75       77.50
   1002.59       38.25
    997.33       56.00
    987.02       71.75
    988.02       64.25
    972.21       42.25
    994.56       71.50
    967.58       50.75
   1007.51       29.50
    987.48       45.50
    977.19       55.00
    996.42       50.75
    992.01       74.25
    992.53       73.00
    985.70       66.50
    983.18       65.00
   1000.13       58.75
    982.96       73.00
   1004.05       43.50
    973.89       56.50
    987.16       48.00
   1004.02       49.50
    991.35       41.25
    994.85       48.75
    981.33       61.00
    993.70       51.00
   1000.55       55.75
   1000.43       34.75
   1001.66       38.50
   1002.61       36.00
    995.50       63.25
    997.83       54.75
   1008.30       67.75
    997.09       49.25
    990.05       62.50
    997.07       71.75
    981.92       75.75
    998.62       61.00
    968.87       63.75
    996.00       40.25
    984.33       57.50
   1003.84       35.25
    997.82       66.00
    991.45       50.25
    998.04       59.50
    982.85       63.25
    993.06       42.00
    991.04       47.50
    975.21       64.25
    987.49       58.25
    981.66       56.50
    986.07       62.50
    992.01       74.25
   1000.82       48.75
    994.60       64.00
   1005.92       31.25
    994.64       85.75
   1006.66       39.00
   1001.73       34.00
    990.88       54.25
   1002.04       50.00
   1002.33       54.75
    996.11       52.25
    999.94       72.50
    987.96       65.00
    983.27       67.00
    988.99       44.75
    993.19       61.50
    988.88       45.50
    999.31       61.75
    998.42       36.75
   1019.82       31.25
    994.22       49.50
    985.28       55.50
    987.70       60.50
   1006.15       41.50
    985.23       82.50
   1012.09       40.25
    999.68       45.00
    991.91       61.25
    975.97       81.25
    998.75       71.00
    998.42       28.25
    980.53       56.50
    990.20       68.25
    983.18       59.25
    966.14       80.50
    996.15       48.75
    983.40       60.25
   1000.18       36.25
   1011.09       45.50
    983.55       79.75
    994.96       37.75
    987.20       53.50
    986.87       61.00
    996.97       46.00
    999.95       54.50
   1005.69       37.00
    998.57       33.75
    994.16       67.00
   1008.83       49.00
   1003.24       41.25
    989.17       56.50
    996.39       78.50
    995.15       68.25
   1015.62       26.25
    996.52       76.00
    981.11       65.00
    976.86       76.50
    998.70       67.50
   1008.88       39.75
    977.83       78.50
   1008.45       40.00
    999.73       55.50
   1012.44       31.50
   1001.81       43.25
   1001.56       57.50
    992.44       62.75
    983.62       78.50
    993.91       53.25
   1002.05       39.50
    982.41       78.25
    992.07       72.50
    998.73       67.75
    998.13       77.00
    998.66       47.25
    997.01       52.50
   1003.02       37.75
    998.45       30.75
    995.67       78.25
    987.43       58.50
   1002.35       73.75
    993.44       64.00
    994.27       65.25
    989.97       60.75
    999.75       27.00
    992.32       47.25
   1013.37       41.75
   1007.23       44.50
    996.36       45.00
    996.19       61.00
    978.67       62.00
    982.23       66.50
    990.68       56.75
    994.59       61.75
    988.07       61.75
    984.43       63.75
    981.89       59.75
    995.39       52.50
    992.24       66.25
    986.58       58.50
   1004.41       48.50
   1000.41       42.75
    982.54       64.00
   1002.59       40.75
    981.10       49.50
    975.97       56.75
   1010.56       43.25
   1005.79       43.25
    997.77       59.25
   1004.17       30.00
   1007.28       42.50
   1002.58       49.25
    979.96       74.75
    983.90       54.25
    987.90       62.00
    996.33       72.25
    985.55       64.75
    987.00       54.00
    983.52       63.00
   1001.01       37.50
    989.86       58.00
   1005.24       44.00
    988.27       66.25
    988.05       82.75
    964.60       63.50
    993.15       70.75
   1001.44       44.25
   1005.16       57.75
    989.30       56.75
    993.59       37.75
    968.58       62.00
   1002.26       42.50
    990.09       73.00
   1003.55       57.50
   1007.36       32.75
    995.19       51.25
   1001.45       66.50
    984.96       43.00
   1006.04       47.50
   1015.64       57.25
    985.68       62.50
    987.99       54.75
   1018.03       34.75
    995.41       54.50
   1001.73       36.00
   1021.38       59.00
    997.95       61.75
    997.38       60.25
   1000.99       60.75
    998.43       53.50
    989.63       55.75
    991.00       75.00
    990.32       42.25
    988.50       44.25
    978.99       46.75
    996.60       51.25
    999.87       28.50
   1002.38       36.00
    993.72       47.50
    990.43       55.75
    992.46       66.25
   1000.28       35.00
    989.98       39.25
   1000.70       25.75
    986.02       65.00
    996.12       57.75
    995.39       51.25
   1010.72       32.75
    995.62       54.75
    989.92       81.50
    983.80       40.50
    977.63       67.00
    982.67       82.50
    994.54       47.50
    973.20       79.00
    992.83       48.50
   1001.52       26.75
    992.83       61.00
    993.40       49.25
    997.01       56.00
   1007.16       52.50
    996.01       52.00
    978.39       49.50
   1002.56       29.00
    985.61       73.75
    994.79       37.25
    995.21       83.00
    997.30       31.50
   1008.48       38.50
   1004.96       56.75
    991.15       51.25
   1004.07       75.75
    987.42       56.50
    989.64       51.00
    998.61       65.00
    999.28       45.75
   1005.92       43.75
    989.54       47.25
    988.81       72.25
    999.56       72.00
    995.27       51.50
   1007.86       38.50
    998.28       39.00
    986.04       55.50
    997.79       37.50
    989.97       65.25
    988.72       58.50
    991.62       44.75
    992.30       61.25
    988.46       63.75
    999.05       35.75
    991.31       41.25
    990.64       43.75
   1009.05       49.25
    996.13       71.75
    995.97       31.25
   1001.95       73.75
   1009.68       38.75
    988.89       59.25
   1002.88       58.00
   1000.98       54.00
    995.59       29.00
    998.12       59.00
    998.27       38.50
   1002.53       48.75
   1005.01       32.50
    997.28       53.50
    995.18       48.75
    996.35       69.00
    997.12       50.00
   1000.77       37.75
   1001.50       39.25
    985.20       81.50
    991.80       56.75
    987.96       56.00
    990.47       69.00
   1001.38       56.50
   1000.89       30.00
   1000.99       37.00
    991.91       65.00
   1010.76       37.00
    989.82       80.25
    984.79       60.00
    994.98       56.75
    994.32       51.00
    997.67       62.25
    998.96       52.00
    992.48       76.75
    995.06       60.25
    991.05       49.75
    986.39       47.00
    988.41       47.00
    968.18       77.00
    991.57       58.75
   1013.44       42.50
    986.32       48.50
    989.55       74.50
    996.83       60.00
   1004.36       55.75
    997.20       69.50
    977.21       65.00
    991.98       53.75
   1000.03       29.75
   1004.42       36.50
    994.82       49.50
   1016.66       27.75
   1002.91       35.75
    990.45       50.75
    988.47       64.75
    985.15       52.75
    996.86       67.25
   1007.89       41.25
    993.06       57.50
    999.01       42.75
   1004.46       41.50
   1001.93       36.50
    993.97       72.75
    978.16       46.00
   1012.76       41.00
    994.24       37.25
    989.48       54.25
    988.57       56.75
    998.77       44.75
   1000.90       73.75
    996.28       60.25
    995.31       64.75
   1012.25       50.75
    988.06       55.50
    992.77       67.50
    994.39       60.25
    971.89       43.75
   1000.48       71.50
    999.87       57.00
    976.06       58.25
   1007.12       39.25
    985.80       59.25
   1004.02       37.00
   1004.99       50.25
   1004.80       54.75
    974.06       60.00
   1014.30       40.25
   1002.72       38.25
   1004.08       60.00
    999.73       55.25
   1010.35       39.25
    993.30       71.00
    993.91       48.25
    989.35       52.75
    984.20       54.50
    994.25       62.75
    997.42       73.75
   1005.19       56.50
    990.03       59.75
   1010.50       39.00
   1011.86       32.75
    996.80       45.75
   1000.52       41.50
    992.48       60.00
    983.46       57.50
   1004.63       40.25
    995.73       46.50
    968.80       51.00
    993.83       74.75
    982.35       70.25
    988.67       61.50
    997.71       31.75
    982.86       48.75
    999.66       62.75
    975.25       57.50
    997.71       41.50
   1008.29       63.25
    993.91       48.25
   1000.30       29.75
    988.14       58.25
   1012.29       50.50
    981.74       66.75
    987.04       50.50
   1000.57       26.75
   1001.38       75.25
   1005.20       42.50
   1002.53       58.00
    995.03       52.50
   1006.01       31.25
   1000.32       46.75
    985.01       49.75
    988.46       62.00
   1007.81       73.00
   1001.12       36.75
    989.39       46.75
    990.39       61.00
    992.45       47.75
    984.45       75.75
    989.37       50.50
    991.23       40.00
   1004.48       62.75
   1004.77       47.75
    996.54       48.00
   1013.33       34.25
    980.17       45.50
    995.18       61.50
    993.06       46.25
   1000.07       37.50
    995.54       57.50
    974.09       58.00
    999.51       38.25
    994.46       65.75
   1000.20       72.75
    997.58       49.00
   1008.21       39.25
    984.07       43.75
    994.81       60.50
   1007.12       32.00
    983.77       80.00
    981.77       49.00
    992.46       67.00
    996.12       71.50
   1004.59       35.25
    988.97       68.50
   1010.38       52.00
    986.38       57.75
    995.13       40.00
    985.65       51.25
    998.10       81.25
   1016.60       28.00
    983.12       66.50
   1001.62       51.00
   1007.15       30.25
   1010.03       30.25
    982.41       58.25
    998.90       47.50
    974.32       66.75
    990.70       56.50
    985.08       71.75
   1008.14       39.25
    995.53       44.50
   1001.61       66.25
   1006.93       51.50
   1005.32       70.75
    995.81       53.75
    997.19       62.75
    979.31       64.50
    980.85       60.75
    998.38       45.25
    992.45       76.50
   1010.99       53.00
   1001.62       36.00
    991.80       49.75
    998.80       43.75
   1004.76       59.75
    985.91       69.75
    991.30       52.00
    999.80       52.50
    994.14       29.75
    998.83       69.75
   1007.25       40.75
    996.08       51.25
   1000.00       55.75
    983.90       58.25
   1002.69       49.75
    994.00       46.50
   1003.36       32.25
   1001.06       37.00
    995.09       46.25
    987.48       68.25
    995.35       38.25
    996.19       53.75
   1004.02       76.00
    985.98       56.00
    990.65       61.00
    997.44       84.00
    989.91       64.25
   1000.98       36.25
    986.12       58.25
    990.09       35.50
    994.03       52.50
    994.30       59.50
    989.25       58.75
    969.00       77.50
   1004.36       69.75
    978.74       62.25
   1006.80       38.00
    977.63       62.00
   1006.21       64.50
    998.20       52.25
    997.78       47.00
   1001.11       49.50
    995.98       70.75
   1006.83       38.75
    985.73       56.75
   1009.13       32.75
    987.74       62.25
    993.09       48.25
    986.56       77.75
   1003.46       31.50
   1000.10       38.00
    990.15       71.75
    992.87       62.75
    991.20       51.00
    990.79       52.00
   1015.61       36.50
    996.55       73.50
    988.27       55.75
    996.04       70.25
    995.51       39.50
    993.22       75.25
   1002.03       54.25
   1003.89       68.50
    965.21       52.50
    988.18       69.75
    993.33       66.00
   1007.15       40.75
    995.80       72.00
    993.23       60.25
   1002.82       39.25
    989.12       58.00
   1016.77       44.00
    979.30       73.25
   1009.04       45.00
    983.90       63.00
    978.24       52.75
   1001.14       38.25
    982.94       56.25
    995.39       37.75
   1008.38       30.25
   1005.21       45.00
   1007.42       76.25
    959.44       55.75
    981.25       50.75
    992.07       45.75
    994.17       81.75
   1002.54       29.75
    985.06       74.25
   1015.33       29.00
    993.13       59.00
   1001.29       50.75
   1001.32       61.50
    984.86       72.50
   1002.56       39.75
   1004.74       61.75
    998.51       29.25
    980.94       61.00
   1004.88       42.50
   1000.35       49.25
   1006.36       47.00
   1010.69       37.25
   1010.47       39.50
    994.72       67.00
    977.07       47.25
    985.96       77.75
    984.30       60.50
   1009.44       32.00
    987.51       72.00
    995.04       35.00
    993.44       50.00
    995.35       67.00
    992.93       57.00
   1003.89       39.00
    996.53       45.75
    991.09       64.50
    979.12       57.50
    996.30       54.00
    994.92       70.25
    975.94       61.75
    974.46       54.00
   1002.01       50.50
    980.68       49.25
    995.33       71.50
   1005.48       29.50
    989.62       48.50
    977.79       62.00
    999.31       63.50
    987.33       76.50
    986.53       67.00
   1000.23       28.50
    992.94       48.25
    994.93       57.00
    997.93       66.50
    977.05       51.00
    987.32       56.50
    975.83       51.25
    988.42       81.50
    993.87       48.75
   1011.94       36.00
   1001.01       38.50
    990.02       67.00
    993.82       37.50
    977.26       52.50
    997.12       75.75
    968.42       60.00
    992.95       65.25
    997.62       64.75
   1004.64       31.25
    973.50       53.25
    993.05       74.25
    991.78       52.25
   1011.24       37.25
   1015.87       28.50
   1002.37       39.00
    999.29       43.75
    976.18       82.00
    995.24       63.75
    987.87       70.75
    988.63       55.25
    993.54       33.00
   1005.51       30.00
   1004.03       47.25
    969.40       78.25
   1002.19       39.25
    995.68       47.50
    990.41       68.00
    994.73       75.25
    997.33       37.00
    999.81       43.00
    998.68       55.50
   1006.21       50.25
   1002.21       43.75
    991.80       47.50
    999.12       63.25
   1004.09       29.25
    986.49       63.00
   1005.57       36.75
    989.39       69.25
    970.18       82.75
   1006.77       59.75
    986.94       77.00
   1000.34       57.25
   1012.12       25.25
    987.64       68.00
    991.06       65.50
    993.07       39.50
    990.08       53.25
    987.04       69.25
   1004.46       38.50
    988.57       57.25
    993.10       39.25
   1006.71       33.50
    987.02       75.25
    999.37       57.75
    990.58       60.25
    985.21       56.75
    989.22       63.50
   1003.33       57.00
    992.07       66.50
   1011.57       32.25
    995.63       70.75
    995.94       47.75
    981.23       76.25
    994.08       56.50
    999.84       54.00
    982.85       73.75
    999.94       60.25
    980.81       67.50
    976.00       64.25
   1008.31       34.75
    990.33       72.50
    994.36       50.25
    985.47       64.75
   1000.74       53.25
   1007.24       55.75
    994.03       47.75
   1006.24       79.25
    981.82       64.00
    993.29       47.25
    998.92       71.00
    993.24       75.50
    989.43       66.00
   1001.44       51.00
   1003.20       32.50
    995.22       58.50
    988.28       55.25
    988.73       61.50
   1002.11       60.25
    979.85       66.00
   1011.82       33.75
    994.35       52.25
    995.17       51.00
    973.67       68.50
    980.65       60.50
   1019.79       27.25
    992.83       58.00
    986.83       30.50
    988.63       55.75
    996.46       50.00
    985.18       70.50
   1000.21       60.25
    986.93       51.75
   1003.18       42.25
   1015.27       36.50
    985.75       54.50
    999.25       57.75
    991.56       81.00
   1005.42       72.50
    990.64       59.25
    984.15       60.50
    977.81       58.25
    985.88       75.25
   1006.29       43.50
    999.22       75.25
    992.67       71.00
    997.31       52.50
    981.08       60.75
   1016.89       43.75
    993.98       49.25
    991.34       75.75
    998.12       40.00
   1002.33       30.25
   1010.37       38.25
    992.44       54.00
    984.72       83.75
   1003.94       62.00
   1003.26       61.50
    991.67       46.00
    974.70       63.00
    996.66       49.25
   1004.34       41.75
    994.79       74.75
   1003.45       43.75
    993.65       37.50
    979.88       63.50
    987.68       50.25
   1001.06       49.75
    991.44       68.25
   1008.34       51.25
    995.62       73.50
    986.02       53.00
   1003.41       36.00
    997.69       69.75
    989.38       70.00
   1004.39       37.25
    994.02       56.25
    991.89       61.00
    988.95       83.75
    990.46       47.00
   1003.85       79.00
    982.77       36.50
    995.55       56.50
    987.65       56.00
    998.74       38.75
   1002.43       43.50
    977.81       61.75
    998.40       37.00
    998.16       66.00
    991.78       46.25
    994.81       78.75
    973.13       68.25
    994.84       73.25
    986.58       61.00
    996.28       63.50
    981.28       54.25
    994.71       48.25
    990.03       36.75
    985.09       73.25
    985.05       58.00
   1002.43       37.00
    980.68       58.00
    980.71       76.25
   1008.24       49.75
    986.09       51.75
    999.12       30.50
   1008.75       35.00
    973.66       80.25
    994.03       52.75
    985.19       54.50
    981.85       64.50
    986.51       60.25
    991.15       41.00
    995.15       56.00
    985.24       57.50
   1021.63       29.25
    984.38       55.75
   1000.25       55.00
    999.04       54.25
    994.64       40.00
   1010.75       43.25
   1010.16       28.75
    978.97       57.75
   1001.09       58.50
    989.27       51.75
   1004.34       42.50
   1004.12       51.50
    988.47       65.00
    995.43       55.00
    970.88       82.00
    992.85       63.50
    994.66       54.00
   1004.72       45.50
   1001.03       47.50
    979.10       59.00
    995.96       63.25
   1008.39       57.00
    999.64       51.25
   1008.37       40.50
    983.57       68.75
    996.07       67.75
    981.98       61.00
   1002.40       54.50
   1002.69       60.50
   1003.47       38.25
   1005.14       35.50
   1002.26       37.50
    985.49       57.50
    993.77       40.00
    987.13       65.75
    977.79       86.75
   1003.86       65.00
    994.66       63.50
    997.02       54.00
    998.29       39.75
    992.08       71.50
    997.38       67.00
   1000.66       54.00
   1009.33       39.50
    994.50       61.25
    985.39       62.25
    993.95       58.00
    997.20       74.00
    980.29       49.00
   1003.97       49.00
   1002.82       36.50
    985.75       49.75
    989.41       60.75
    995.34       37.25
    985.03       61.75
    992.04       60.75
    983.78       72.25
    997.32       37.00
   1002.48       72.00
   1006.17       39.00
   1008.50       49.25
   1004.90       57.00
    983.67       63.50
   1013.19       41.25
    992.61       58.75
    988.49       65.00
    981.75       70.50
   1016.61       25.25
    984.61       67.75
    988.04       68.00
   1002.17       39.00
   1008.46       65.50
    996.83       53.75
    985.66       70.75
   1014.89       38.50
    988.47       61.00
    996.18       63.00
    998.60       39.00
   1001.77       31.25
    981.86       61.00
   1001.51       46.00
    998.23       75.50
   1005.15       46.50
   1014.69       26.50
    984.26       50.25
   1017.12       37.50
    994.34       66.50
    988.56       63.75
   1013.12       42.25
    975.34       60.25
    987.11       54.25
    994.56       64.25
    978.66       82.00
    996.53       76.75
   1005.68       45.25
    991.39       58.00
    974.68       70.50
    999.33       64.25
    982.33       75.50
   1006.25       41.75
    967.72       55.25
    990.67       60.00
    989.88       79.50
    986.65       51.75
   1000.19       40.75
   1003.02       63.25
    989.46       63.75
   1001.43       62.00
    985.60       53.25
   1013.61       32.00
    989.32       58.75
    981.86       73.25
   1010.37       32.50
   1004.12       52.50
   1001.39       62.50
   1007.58       44.00
   1014.55       40.00
    974.38       54.50
   1003.32       47.00
    996.19       50.25
    990.09       83.00
    981.15       62.00
   1008.26       36.75
    983.19       50.50
    974.19       63.00
    999.64       75.75
    985.60       56.25
    994.73       53.00
    979.64       61.50
   1003.62       70.25
    992.26       53.50
    962.89       52.75
   1005.11       41.00
   1010.36       65.75
   1001.34       34.50
   1012.91       46.00
    991.75       49.00
    993.68       42.25
    995.99       62.00
    997.09       66.25
    991.85       66.25
    980.33       66.50
    986.09       55.75
    988.26       74.50
   1004.72       54.25
    995.89       41.00
    975.86       67.75
   1001.80       30.00
    972.27       49.25
    983.21       72.50
    990.04       69.00
    987.50       67.50
    978.75       66.75
    995.05       46.00
   1009.20       53.00
    997.00       42.00
    992.22       34.50
    987.45       78.50
    976.01       61.50
    997.64       39.00
    988.91       53.50
   1000.41       29.00
    986.11       73.25
   1001.90       35.75
   1003.36       63.00
    985.72       56.50
   1009.05       30.75
    985.99       53.00
    982.22       50.25
    986.70       52.75
    997.29       43.25
   1002.14       36.25
    970.20       79.25
    990.38       50.75
    991.60       55.25
    987.49       71.75
    988.93       39.00
   1005.65       32.00
   1004.15       41.50
    983.78       57.25
   1012.10       33.75
    993.38       57.25
    995.94       65.25
   1006.58       40.75
   1000.38       36.00
    987.35       51.00
    994.49       66.50
    979.28       46.00
   1008.15       43.25
    997.82       69.25
    992.95       53.00
   1016.29       27.75
   1007.01       41.00
    984.09       53.75
    994.34       34.25
    985.71       65.00
    986.19       57.75
   1003.79       64.50
   1002.39       80.50
    994.68       72.75
   1004.17       46.25
   1001.24       38.00
    982.99       68.50
   1003.54       32.25
    986.28       43.50
    994.16       67.75
    998.07       48.75
   1003.05       58.50
    989.51       56.00
   1006.62       67.25
    991.90       51.25
    995.76       79.75
   1004.64       48.75
   1002.16       34.50
    999.93       48.50
    976.57       56.75
    998.03       63.50
    986.00       61.75
    987.45       77.00
    996.11       45.00
   1011.36       38.75
    992.71       55.00
    985.00       68.75
    995.59       54.00
    997.24       52.00
    992.58       37.25
    990.67       59.00
    999.15       63.25
   1008.00       43.25
    998.17       49.75
   1003.99       29.75
    994.33       61.75
    973.93       59.75
   1005.42       72.75
    998.10       48.75
   1000.58       62.75
    987.24       64.25
   1000.90       35.00
    981.65       52.00
   1016.37       29.00
    998.94       49.00
    995.99       60.00
   1005.64       37.75
   1007.92       43.00
    998.98       65.25
    987.58       54.00
    999.25       80.25
    978.78       51.75
    991.47       47.00
   1005.14       59.75
   1012.58       36.00
   1004.79       33.25
   1002.20       30.50
    979.41       60.00
    996.10       37.75
    989.45       54.50
   1010.77       41.00
   1000.31       48.75
    992.27       45.00
    996.68       47.25
    997.83       54.25
    996.29       83.50
   1002.95       34.75
    976.94       54.25
   1001.17       56.25
    977.68       69.00
    998.76       60.00
    998.32       54.25
    979.45       70.75
    994.73       56.00
   1004.13       34.50
    997.47       37.25
    993.48       76.50
    993.30       46.00
   1004.77       76.00
   1006.51       40.50
   1005.90       49.50
   1001.63       60.00
   1004.32       27.00
    981.13       51.00
    989.43       58.25
   1018.29       34.00
    985.49       61.25
    996.53       51.50
    990.98       60.25
    985.36       51.00
   1007.75       34.25
    991.47       51.25
    987.51       62.00
   1012.14       40.50
    985.76       68.25
    991.83       56.00
   1006.73       46.00
    985.26       44.00
   1000.53       43.00
    992.43       29.00
    996.46       68.00
    997.19       49.25
   1002.21       55.00
    996.15       42.75
    996.20       36.00
    985.79       53.50
    979.69       73.75
    996.60       63.25
   1004.10       30.50
    991.32       63.50
    959.49       62.75
   1010.89       28.25
    990.12       62.75
   1001.19       41.50
   1008.29       26.50
    986.33       61.75
    995.57       32.00
    996.75       45.00
    973.40       69.00
   1008.56       45.25
   1003.12       56.75
    995.09       66.00
    997.51       35.00
    989.64       65.25
    985.05       53.50
    994.41       51.25
    977.88       45.25
   1009.71       74.25
   1006.04       35.25
    998.70       51.75
    993.24       73.50
   1004.98       69.25
    992.56       48.75
   1001.94       60.00
   1003.66       31.50
    992.34       46.50
   1000.10       35.75
   1002.49       31.75
    997.26       78.50
    998.01       32.75
    990.60       56.25
   1004.98       55.25
    996.18       48.00
    994.50       55.75
    994.55       60.00
    989.61       63.00
    993.93       66.75
    994.12       34.50
    995.28       77.50
   1001.74       73.75
    980.77       56.00
    992.60       48.75
    995.81       35.50
   1006.41       46.00
   1012.17       26.00
    990.03       64.50
    986.77       69.25
   1016.37       36.50
    990.55       56.75
    974.32       55.00
    999.77       36.75
    971.36       77.25
    987.22       47.00
    983.91       66.00
    990.30       66.00
    983.72       58.00
    992.96       35.75
    992.89       45.25
   1001.24       56.25
   1002.91       47.50
    992.14       38.50
    998.14       29.00
    989.72       60.50
    989.80       46.00
    987.26       53.00
    980.29       56.25
    998.86       51.50
    997.43       41.50
   1001.93       56.00
    985.31       64.75
    990.18       58.75
    990.71       51.75
    975.48       46.50
    990.06       74.75
    981.07       63.50
   1002.51       31.50
    987.67       37.75
   1003.07       35.50
   1008.43       42.00
    985.78       61.00
    997.13       38.75
    986.18       69.00
    986.54       66.25
   1001.51       38.50
    986.38       58.50
   1007.00       42.75
    981.66       78.25
    997.13       57.25
   1003.94       62.00
   1003.87       44.75
   1011.90       54.50
    995.30       36.00
    991.62       61.75
   1003.78       39.50
    988.87       49.00
    993.53       58.00
    967.63       61.50
    990.21       72.25
    998.43       46.75
   1001.35       59.50
   1009.29       44.25
    987.93       63.00
   1000.40       34.00
    998.82       58.00
    974.56       83.25
   1007.01       42.25
    991.31       60.25
    994.33       54.75
    994.73       73.50
    988.16       50.50
    996.95       54.75
    992.46       52.50
   1007.60       36.75
   1004.32       48.25
    993.87       68.50
    991.38       43.00
    983.46       65.00
   1010.01       44.25
    995.09       55.75
    983.53       62.75
   1008.68       41.00
    987.08       55.50
    984.32       69.25
    978.27       71.50
    989.02       32.75
    989.14       42.00
   1004.73       39.00
    990.22       72.00
    999.38       34.00
   1002.94       53.25
    988.97       52.50
   1009.99       41.50
    990.81       55.75
   1001.88       41.50
    980.41       69.75
    991.67       43.00
   1010.92       33.75
   1005.58       39.75
    989.81       58.25
    989.02       79.25
    986.05       56.25
    986.70       62.50
    993.37       56.00
    991.27       57.75
   1002.30       44.00
    991.79       69.50
    980.26       73.50
   1005.51       32.25
   1004.34       49.00
   1008.18       43.25
    996.76       62.50
    986.64       57.50
    994.27       51.50
    990.37       60.50
   1003.69       53.50
   1004.94       58.00
   1004.58       36.50
    986.98       43.25
    987.54       65.75
    978.64       61.00
    982.39       77.25
    985.61       62.50
    975.44       64.50
   1008.96       45.75
    980.76       59.50
   1001.35       54.75
    968.62       60.75
   1002.99       31.75
    999.91       36.00
    991.90       69.00
   1009.50       38.50
    976.98       83.00
    979.50       59.00
   1000.34       38.25
    994.15       68.50
   1014.91       28.75
    997.04       61.00
    990.82       62.25
   1008.78       44.00
    978.03       59.50
    981.26       71.75
   1000.18       30.00
    970.12       72.25
   1003.80       55.00
    997.44       49.75
    988.83       70.00
   1002.06       51.25
    984.69       61.00
    982.35       80.75
   1008.38       43.75
    988.23       57.75
   1007.18       45.75
    988.49       52.75
    994.70       58.75
   1002.90       32.00
   1004.23       42.75
    997.18       60.50
    974.37       61.75
    971.16       56.00
   1007.46       61.00
   1010.92       39.25
    979.11       48.00
