   1007.77       36.25
   1007.45       30.50
    961.62       70.00
    965.88       50.50
   1008.37       31.25
    993.86       56.25
    966.80       42.75
   1001.04       34.50
    993.92       63.25
    965.18       61.00
    976.57       54.50
    963.01       48.25
    994.41       62.00
    975.21       42.25
   1005.22       37.75
   1009.50       32.75
    959.67       49.25
    979.13       60.00
    958.98       69.25
   1007.06       31.00
   1011.84       35.25
    965.83       69.25
    984.44       52.25
   1001.03       82.75
    992.28       41.75
    981.05       45.25
    967.54       52.50
   1007.62       32.50
    976.54       76.50
    958.14       63.25
    985.07       47.75
    987.71       63.25
    979.80       37.75
    979.88       67.00
    991.12       63.75
   1009.91       27.00
    953.64       58.75
    993.39       35.50
   1012.96       25.75
    968.11       71.00
    977.93       43.75
    978.66       44.75
   1003.29       64.50
    990.35       72.00
    977.55       80.75
    963.14       51.00
   1003.26       55.00
    979.09       60.75
    977.23       63.25
   1008.62       32.00
    956.21       76.00
    996.73       26.75
    984.80       58.25
    999.37       51.25
   1002.90       35.25
    973.49       77.25
   1002.96       31.00
    967.08       55.25
    989.57       33.75
   1003.38       57.00
    963.47       53.00
   1005.09       27.75
    986.22       67.50
   1007.14       61.75
    967.05       72.00
   1006.93       37.75
    987.19       60.75
    984.79       64.50
    981.34       45.75
    990.85       47.75
   1007.03       37.75
    961.32       67.50
   1001.24       41.50
    981.04       57.00
    978.72       59.75
   1004.68       27.50
   1010.16       28.75
   1003.29       60.00
    986.67       58.75
    964.29       48.75
    992.51       72.50
    988.09       63.00
    971.67       55.50
    984.69       51.00
   1008.53       29.00
    980.44       70.75
    984.53       42.50
    986.21       79.00
    965.24       81.00
    996.09       37.00
   1010.11       62.25
    953.56       64.50
    967.13       60.75
    993.19       46.50
    987.53       40.50
    973.47       41.50
    971.90       78.75
    991.16       45.75
   1002.42       41.75
    969.67       61.00
   1000.15       43.75
   1014.76       34.75
    983.63       58.00
    993.84       45.50
   1001.57       34.50
    968.84       81.50
    981.47       50.50
   1015.63       26.00
    999.12       54.00
   1006.30       41.75
    971.53       60.50
    996.46       77.75
    991.73       59.75
    990.80       58.75
    997.18       43.75
   1006.89       50.75
    985.76       77.25
    991.97       38.25
   1007.24       32.75
   1002.03       46.75
    978.73       82.75
   1002.60       57.75
    996.60       78.00
    974.71       73.75
    998.34       52.25
    977.12       71.50
    968.10       66.00
    999.68       49.00
    983.75       51.25
    996.30       49.75
   1010.75       38.00
    969.65       49.50
    995.78       37.50
    977.73       42.50
    975.36       61.25
    993.51       76.50
   1002.77       34.50
    991.36       49.25
    983.32       52.25
    976.34       64.50
    983.84       48.50
    983.25       50.25
    977.72       83.00
    964.38       82.50
    995.62       38.25
    978.81       71.75
    990.03       53.75
    984.13       76.00
   1014.04       27.75
    998.68       50.25
    983.24       63.00
    978.54       54.25
    971.60       67.00
    993.57       82.00
   1003.30       27.50
   1008.63       41.25
    998.97       37.50
    986.02       45.50
    990.38       53.25
    986.03       48.00
    982.95       64.50
    982.07       85.75
    977.83       60.25
    997.76       62.50
    969.67       64.75
   1002.04       36.00
   1013.45       36.25
   1008.36       51.00
    998.87       82.00
    987.75       41.25
    999.27       46.75
    971.29       67.50
    973.48       77.00
   1007.54       42.50
    980.15       48.00
    984.68       48.25
    990.16       64.25
    987.48       44.75
    981.44       79.25
    989.95       63.25
    993.59       41.25
    991.18       67.00
   1000.12       37.00
   1008.97       74.50
    995.42       40.50
    977.78       73.75
   1006.98       59.00
   1003.88       73.50
    999.51       43.50
    994.84       63.25
   1005.70       31.50
    975.01       49.25
    998.24       44.00
    984.46       77.75
    986.97       70.50
   1004.71       74.00
    990.13       57.50
    989.93       51.00
    994.11       61.50
    971.32       51.25
    980.15       54.75
    995.40       48.25
   1001.81       60.25
    991.97       50.75
    988.51       77.75
    964.59       56.00
    972.34       58.50
    986.72       59.00
    993.71       38.50
   1010.99       50.50
    977.88       65.00
    989.35       55.50
    981.05       50.25
   1006.44       29.00
    968.27       54.75
   1003.11       55.25
    982.38       47.50
    991.39       58.50
   1001.68       37.75
    983.63       69.50
    999.57       79.75
    964.48       50.00
    970.65       48.25
    952.68       56.25
   1002.12       37.00
   1007.95       76.75
    994.93       65.00
    993.46       30.00
    958.60       44.75
    980.38       48.00
    994.80       64.00
    994.95       48.25
    997.40       53.50
    985.74       75.50
   1003.29       57.00
    998.66       66.50
    971.18       43.25
    947.81       51.25
    992.79       59.50
    991.01       45.50
   1002.79       30.50
    978.63       64.00
    971.46       49.75
    976.87       58.50
    980.44       63.50
    993.21       75.25
    967.21       65.25
    995.72       38.75
    966.69       56.00
    993.80       44.00
    958.95       65.25
    992.35       33.50
    983.10       57.00
    995.92       84.00
    973.44       57.50
   1001.72       28.00
    989.23       50.00
    951.36       61.25
    998.51       27.50
    989.23       61.00
    996.28       36.25
    999.80       77.25
    981.56       85.75
    995.05       67.00
    957.49       51.25
    968.21       51.75
    970.04       81.75
   1007.62       57.75
   1007.00       41.25
    971.61       66.75
    980.54       49.00
    988.40       62.50
    986.81       66.00
   1006.48       30.25
   1001.73       29.25
    972.75       41.00
    988.83       63.00
   1011.10       44.25
    990.67       57.00
   1007.82       60.75
    962.81       53.50
    989.44       54.25
    963.42       54.25
    975.76       60.75
   1000.80       53.25
    976.78       70.00
   1006.86       27.00
    994.07       40.75
    986.06       52.50
    987.26       63.00
    985.02       58.00
    996.09       42.75
   1003.22       35.25
    994.59       76.50
    999.04       26.50
    984.96       62.25
    972.47       79.00
   1009.27       72.25
    994.96       49.00
    972.83       55.00
    998.77       54.75
   1007.47       43.75
    998.44       28.50
   1001.30       38.75
    958.93       49.00
   1001.95       41.75
    996.38       61.75
    968.93       49.00
    998.77       38.50
    965.71       50.00
    985.99       65.75
    983.38       80.00
    990.49       40.25
    993.84       44.00
    998.36       64.75
   1013.53       62.50
   1005.66       35.75
   1001.80       42.50
    985.57       64.00
    997.24       60.25
    982.36       73.75
    989.45       62.25
    985.33       40.00
   1012.78       74.25
   1001.08       35.50
    998.80       42.75
    998.16       63.50
   1000.55       64.75
    977.33       52.50
    989.79       50.75
    983.65       51.25
    987.06       68.25
    999.16       41.75
    993.83       41.25
    984.69       45.50
    987.23       46.25
    980.83       63.00
    986.77       74.75
    988.10       54.00
    999.53       44.25
    978.67       49.50
   1008.33       41.25
   1011.88       69.25
    972.60       44.25
    996.05       45.75
    987.67       42.75
   1010.73       77.25
    996.67       36.25
    990.59       50.50
   1005.17       70.50
    999.64       30.50
    988.36       43.75
   1002.56       33.50
    992.84       60.50
   1004.68       63.75
    963.46       54.50
    995.79       61.50
    984.51       55.75
    954.65       51.75
    993.55       63.00
    984.32       66.75
    968.88       74.00
    997.17       48.25
   1012.34       26.75
   1003.98       34.75
    993.19       53.00
    992.93       42.50
    988.47       52.75
    996.45       60.75
   1007.82       43.50
    986.14       44.25
    973.50       70.25
   1002.01       45.25
    989.03       49.75
   1001.21       33.75
    994.13       29.75
    977.62       47.75
    991.44       58.75
    982.82       52.25
    983.82       57.25
    992.38       67.25
   1009.75       34.00
    987.17       67.00
   1000.09       60.00
    998.77       51.00
   1000.78       40.00
   1002.85       39.25
    999.77       45.00
    982.90       62.00
    990.47       79.75
   1000.12       31.25
   1008.05       35.00
    987.61       47.25
    984.35       62.75
   1006.70       28.50
    981.32       56.00
    994.96       78.25
    994.67       54.50
    998.65       70.25
    999.27       43.25
    985.21       54.25
    985.27       62.50
    996.20       50.25
   1001.20       45.75
    984.71       26.75
    993.08       66.25
   1011.03       35.75
    997.24       67.75
    966.56       44.25
   1004.25       61.50
    997.20       72.25
   1000.05       36.75
    994.21       57.75
    996.62       49.50
   1002.96       43.75
    994.91       58.25
   1001.67       53.25
    999.71       70.50
    997.71       72.50
    991.62       36.00
   1003.54       48.50
    969.95       45.25
    996.60       54.00
   1000.58       49.75
    992.66       53.00
    988.93       64.25
    954.15       47.50
    989.55       59.25
    968.81       52.50
    983.72       83.75
    982.53       79.00
    995.86       37.50
    978.70       69.50
    956.69       74.25
   1009.66       27.25
   1012.37       43.50
    980.06       45.75
   1005.45       54.25
   1009.29       49.25
    946.53       65.00
    994.57       75.25
    963.29       67.00
    973.88       44.50
   1008.36       53.75
    959.79       57.75
    991.67       40.50
   1012.05       30.00
    987.96       64.50
   1018.80       32.00
    995.39       63.50
   1016.92       46.25
   1006.45       47.00
    989.45       40.75
    964.72       54.25
   1001.46       46.50
    966.05       68.50
    980.26       54.25
   1001.85       26.00
   1015.02       52.25
    987.57       56.00
   1001.73       39.50
    982.82       76.25
    975.68       56.00
   1017.37       70.25
    968.90       48.25
    970.48       71.00
    998.22       32.25
   1013.41       30.50
    963.52       44.00
   1002.65       59.25
    957.91       46.25
    981.37       41.50
    984.01       74.75
    998.11       36.50
   1005.10       27.00
   1004.51       34.50
    975.26       48.25
    985.01       57.50
    990.56       41.00
   1000.97       61.00
    999.75       62.00
    992.57       64.00
    994.25       61.50
    980.17       64.75
    985.42       52.50
    978.34       52.00
    990.30       47.75
    992.82       62.25
   1011.89       32.00
    985.07       75.00
    997.01       67.25
    978.68       40.25
    979.29       59.00
    979.15       44.50
   1009.35       68.75
    996.90       53.00
    991.56       41.75
    995.98       38.00
    999.23       40.00
    997.22       66.25
   1006.67       29.75
   1011.06       68.00
   1008.42       64.00
    964.28       42.00
    981.38       55.75
    993.61       76.00
    982.37       62.50
    991.04       42.00
    994.83       56.50
    990.37       56.25
   1011.47       74.75
    991.32       34.25
   1004.30       29.50
    989.88       37.75
    992.05       62.75
    999.17       55.50
    999.75       72.25
    992.47       57.75
    994.36       58.25
    998.92       62.00
    983.90       45.50
    984.92       45.25
    989.30       75.25
    980.55       65.25
    986.36       56.75
    983.96       52.50
    981.64       39.50
   1018.72       73.50
   1011.27       78.50
    986.87       66.25
    971.45       56.00
   1010.50       32.25
    990.64       64.00
   1001.86       38.25
   1003.87       34.75
    975.82       54.00
    987.56       61.25
    995.45       33.50
    979.72       48.75
    984.27       55.00
    985.49       60.50
    972.18       49.75
    993.35       71.75
    997.51       37.00
    995.56       52.75
    974.44       52.50
    999.36       68.25
    987.30       53.75
    949.22       57.75
    994.41       40.25
    966.01       47.25
    995.82       62.75
    977.40       48.75
    984.82       53.50
   1010.43       65.75
    998.81       31.25
   1023.06       72.00
   1005.01       41.00
   1006.61       25.75
   1002.81       28.75
    985.31       60.75
   1005.30       48.25
    992.18       64.50
    974.35       69.75
    980.71       42.75
    992.25       36.50
    997.58       78.00
    984.29       75.50
   1002.05       43.50
   1001.25       52.00
    972.79       39.25
    998.03       34.25
    999.87       32.50
    982.09       45.75
    987.51       53.25
   1002.13       56.75
    998.05       26.50
   1005.37       31.75
    990.85       49.00
    991.94       30.00
   1014.63       45.50
   1017.99       60.00
    980.50       58.50
    982.44       52.50
    999.38       32.50
    991.00       53.25
    984.17       56.75
   1003.67       62.75
    996.24       64.50
    997.54       58.75
    992.40       50.25
    985.20       58.75
    978.75       80.75
   1000.74       32.25
   1016.59       27.50
    971.70       64.75
   1000.70       33.25
    986.44       61.25
    999.03       42.25
   1001.94       53.75
   1001.44       38.75
   1005.70       54.00
    993.46       75.25
    975.86       75.75
    989.04       49.75
   1002.72       46.75
    993.12       74.75
   1008.18       44.50
    992.67       52.50
    999.13       55.00
   1005.18       54.00
    982.85       46.75
    984.44       69.75
   1003.49       60.00
   1004.93       46.75
    979.02       58.75
    998.61       53.50
    980.93       45.25
    985.56       70.50
    987.32       36.25
    995.47       39.50
   1002.36       51.75
   1005.11       38.25
    979.81       38.75
    965.77       74.75
    970.09       49.25
    989.32       54.50
   1003.70       30.00
    993.34       54.50
    985.61       75.00
   1003.10       46.75
   1002.04       47.25
    998.75       32.25
    986.05       68.50
   1003.65       60.50
    984.20       68.25
   1005.03       40.75
   1000.83       59.75
    999.14       43.75
    997.48       52.25
    993.74       78.25
    984.68       62.25
    992.89       66.00
    987.21       67.50
    988.86       54.50
   1000.15       49.50
    985.88       59.00
    998.97       48.00
   1012.83       43.75
    982.13       81.75
    986.76       50.00
   1002.05       48.25
    991.60       48.75
   1000.85       36.75
    989.49       61.50
   1003.15       42.25
   1004.72       30.50
    991.42       51.75
    987.21       54.00
   1002.56       41.75
    994.56       47.00
    992.15       82.00
    983.39       64.75
   1003.39       64.25
   1012.89       33.25
    975.95       40.50
    965.53       73.50
    987.48       36.75
    977.21       47.75
   1001.76       66.00
    996.10       84.25
   1002.26       33.75
    974.32       45.25
   1004.26       48.25
   1006.28       53.25
   1001.25       42.25
    999.35       75.75
    970.78       72.00
    958.13       44.50
   1002.87       28.75
    990.62       59.25
    961.65       41.00
   1009.83       27.50
    994.82       75.50
    987.90       34.00
   1000.70       44.25
    985.68       71.50
    968.43       45.25
   1000.36       79.75
    992.73       41.25
    988.45       51.00
    983.81       75.50
    970.64       66.75
    979.42       58.25
    965.87       62.00
    953.89       54.00
    977.16       78.00
    970.66       65.00
   1008.79       39.25
    986.15       48.25
    997.23       53.25
    952.56       52.75
   1014.70       30.00
    976.87       58.75
   1001.89       50.00
    958.74       42.75
    995.39       38.25
    996.31       57.75
    984.68       66.25
   1004.35       32.25
    960.19       41.25
    970.64       68.00
   1001.08       28.50
   1002.75       34.50
    971.44       49.00
    981.32       42.25
   1013.56       40.25
    988.96       39.50
   1002.14       50.75
    976.77       60.25
    961.31       55.75
    948.86       49.50
    956.83       77.25
    992.38       47.00
    970.11       62.75
    996.94       65.25
    978.36       38.50
    991.52       53.75
   1006.37       78.50
   1004.02       42.25
   1020.40       47.00
    995.42       42.00
    997.46       26.25
    997.81       49.50
   1012.76       60.75
    984.06       79.50
    957.54       42.50
    995.79       67.00
    994.80       36.75
   1002.66       39.25
   1004.04       27.25
    978.83       75.50
    996.48       49.00
    992.31       56.75
    998.73       56.25
    984.43       53.25
    977.98       55.50
    959.90       45.75
   1002.02       36.50
   1003.64       27.00
    992.58       49.75
    998.10       57.75
    971.72       76.75
    975.41       54.75
    996.80       62.50
   1003.21       43.50
    984.23       67.50
    977.33       67.00
    999.27       28.25
    968.73       54.50
    985.38       50.25
    994.38       40.00
    998.89       30.00
    984.09       58.50
    988.02       39.50
    981.19       44.00
   1003.69       49.00
   1002.25       36.75
    986.30       54.75
   1004.62       28.75
    986.16       52.75
   1003.70       65.25
    977.24       51.00
    985.45       66.25
    981.91       47.75
    996.57       48.75
    977.51       53.75
    997.39       33.25
    964.45       49.50
    983.85       74.75
    975.93       68.25
    991.67       71.25
   1013.69       68.75
    992.46       83.00
   1004.82       35.00
   1002.56       34.25
   1003.77       52.00
    984.44       46.75
   1001.28       58.00
    980.94       75.75
    969.70       61.25
   1007.43       48.25
    967.15       46.75
    985.72       44.00
   1002.38       44.75
    960.61       41.50
   1003.49       39.00
    997.89       34.75
    985.88       63.25
   1008.44       43.00
    991.27       42.25
    994.30       56.75
   1002.78       45.75
    995.50       34.25
    974.30       53.00
    984.13       51.00
    986.09       49.00
    992.99       47.75
    990.37       56.25
    988.12       62.25
    992.76       70.50
    986.99       61.50
    993.06       63.50
    994.15       40.50
    980.83       51.25
    990.54       60.00
    990.81       28.00
    990.77       61.00
    996.41       36.25
   1000.68       70.25
    991.30       64.00
    988.32       42.75
    983.79       60.75
   1002.02       59.50
    989.47       41.50
    987.82       51.00
   1002.55       34.50
   1008.88       38.50
    989.27       58.25
    981.68       61.75
   1002.72       42.50
    982.31       62.50
   1009.99       79.50
    990.84       41.50
    987.76       53.75
   1003.58       37.50
   1005.51       37.00
   1014.46       69.75
    992.26       60.75
    986.13       44.25
    997.03       29.00
    990.82       62.50
    988.03       47.50
    986.06       52.75
    998.62       38.50
    999.13       49.50
    981.21       46.00
   1006.64       61.75
   1017.12       83.00
    997.82       63.50
    987.59       65.75
    995.84       60.00
   1001.87       65.75
    991.63       54.75
    993.30       40.75
   1001.83       56.25
   1001.58       28.50
    995.56       52.00
    999.44       49.25
    993.35       50.00
    986.72       45.50
    973.97       37.25
    997.72       60.75
    987.56       47.25
    964.97       58.75
    959.68       50.00
    962.27       59.25
    999.75       35.75
    951.77       72.75
    999.31       77.00
   1002.25       46.50
    998.50       26.50
    989.22       59.50
    974.66       49.00
    960.54       62.25
   1016.78       51.25
    997.12       75.75
    979.08       72.00
   1001.82       32.50
    980.86       53.00
   1002.85       33.50
    979.70       50.75
    995.76       45.25
   1010.83       61.00
   1006.87       61.00
   1002.26       42.75
   1007.34       45.25
    981.78       70.25
    994.54       34.50
    939.26       64.00
    977.42       62.00
    986.88       43.50
    977.28       52.75
    987.53       42.75
    987.70       37.25
   1000.57       67.50
   1006.08       27.75
    991.01       52.00
   1005.83       27.75
   1007.54       29.00
    978.82       42.00
   1006.41       84.25
    977.26       56.00
    995.93       65.25
   1011.73       41.00
    984.88       52.75
    973.17       53.50
   1009.87       61.00
    987.97       41.75
    952.33       62.00
    999.62       37.00
    997.87       75.00
    988.42       55.00
    969.63       46.00
   1005.13       33.50
    985.96       51.50
   1007.49       60.75
    962.75       59.75
    981.45       78.75
    991.14       55.50
   1001.29       64.00
    973.30       41.00
    985.22       71.50
    958.33       52.75
    940.70       55.25
    971.67       51.00
    990.04       46.50
   1015.68       36.75
    988.61       54.25
    972.93       60.00
    963.04       54.00
    990.36       74.25
    985.89       59.25
    973.72       44.25
    981.29       54.75
    999.09       47.25
   1012.66       73.00
    994.07       56.75
    989.81       56.00
    995.68       47.00
    993.06       56.25
    996.52       49.00
    987.17       49.75
   1005.56       36.25
    994.39       70.25
    986.44       77.25
   1003.54       30.50
    949.41       66.00
    979.13       55.25
   1003.49       34.25
   1013.99       44.25
    974.74       55.50
    975.45       56.00
    977.10       55.00
   1007.39       74.75
   1001.47       39.00
    992.93       46.50
    997.89       72.00
   1013.57       61.25
    974.67       56.75
    979.64       62.75
    996.12       50.25
    997.36       70.75
    993.86       47.25
    971.29       57.00
    990.86       65.50
   1010.15       60.25
    972.53       52.00
   1001.67       64.00
    998.79       49.50
    976.98       61.00
   1005.14       32.75
    987.76       59.50
    987.09       33.25
    982.67       50.25
    990.15       76.25
   1000.47       61.25
    991.41       53.50
    976.96       48.50
    986.28       48.00
   1009.19       81.25
   1001.89       30.50
   1010.85       31.50
    978.08       49.50
    998.16       30.00
    996.93       41.50
    981.74       46.75
    996.47       35.50
    992.02       53.50
    988.73       51.50
    991.50       53.75
    994.15       63.75
    997.18       35.75
    992.49       51.00
    997.69       36.75
    969.29       51.25
   1001.35       27.00
   1001.54       29.25
   1004.61       73.75
    978.30       44.50
    986.26       42.50
    975.56       37.50
    980.02       59.50
   1004.27       31.75
    969.80       54.25
   1005.59       30.75
    985.83       67.00
    991.93       45.50
    991.24       50.50
    973.68       60.25
    986.02       40.25
   1003.19       70.25
    984.94       56.50
   1002.09       54.00
    981.91       66.25
    984.22       45.50
   1000.79       53.00
   1000.60       54.25
    969.07       51.50
   1001.06       50.25
    982.18       51.75
    992.53       52.50
    976.68       57.25
    978.67       54.50
    991.62       47.75
   1002.34       81.75
    998.79       50.75
    957.49       48.50
   1005.02       53.50
    996.26       33.25
    982.75       75.00
    982.38       44.75
    996.28       55.00
    998.58       29.75
    997.83       34.75
    975.34       51.25
   1002.87       30.50
   1003.75       65.00
    998.15       57.50
   1004.49       72.50
    995.10       58.00
    994.72       39.00
    986.26       62.00
   1000.75       39.50
   1004.90       34.00
   1010.73       67.25
   1009.61       83.25
    996.80       61.25
   1003.43       29.25
    990.72       64.50
    992.01       44.75
    984.34       59.75
    989.22       50.75
   1006.86       75.50
   1000.86       27.25
    991.66       47.75
   1003.38       49.00
   1006.40       38.50
   1005.58       29.25
    991.39       80.00
   1006.61       26.75
    986.86       47.00
    998.05       64.25
    977.83       54.25
    969.53       78.25
   1000.90       32.00
    985.61       64.25
   1003.81       47.75
    987.82       49.00
    995.17       43.50
    992.11       57.50
    991.17       57.75
    986.79       74.75
   1000.89       36.00
    974.38       69.25
    986.70       65.75
    991.88       47.00
    982.49       47.75
   1004.53       33.00
    999.15       48.00
    974.39       81.00
    988.19       50.00
    985.02       51.50
    980.38       52.00
   1009.29       54.75
   1002.21       52.00
    995.06       65.25
    990.14       63.25
   1011.76       81.50
    998.60       42.50
    962.33       73.75
    995.58       67.25
   1014.08       38.00
   1021.78       69.75
   1012.21       76.50
   1011.73       54.50
    992.48       72.75
    997.34       37.00
   1001.32       47.50
   1008.48       30.00
    989.58       45.00
    986.94       49.50
    977.40       36.75
   1010.48       56.50
    977.44       60.50
   1005.70       58.00
    972.97       37.00
    996.03       36.75
    977.54       53.00
   1013.41       80.75
    967.01       41.00
   1021.60       76.00
    966.32       62.25
    994.11       44.00
    996.18       40.75
    984.17       54.50
    989.21       60.50
    947.89       75.25
    964.01       51.25
    991.54       58.25
    988.12       34.00
    984.25       82.00
    966.21       58.75
    959.74       58.00
    961.75       45.75
    995.57       63.50
    983.01       46.50
    968.38       48.50
    990.98       40.50
   1005.92       46.75
   1008.56       42.50
    980.67       64.25
    998.55       83.00
    993.64       57.75
   1006.84       56.25
    989.82       85.50
    995.78       67.50
    983.71       44.00
    992.15       79.25
    984.85       56.75
    969.71       71.75
    998.30       36.25
    989.99       39.50
   1002.19       26.25
    979.65       49.75
    960.97       58.75
    979.04       59.00
    968.80       53.00
    978.68       51.50
    959.85       67.50
    993.59       71.75
    970.22       71.50
    992.33       55.75
   1001.11       65.00
    985.80       44.25
    995.86       26.50
    974.66       77.00
    988.88       41.00
    972.13       55.00
    973.60       62.25
   1015.94       67.50
    986.79       43.50
    993.75       46.50
   1014.25       51.00
   1013.28       68.75
    951.45       71.25
    996.35       63.25
   1004.73       36.00
   1005.80       26.25
    991.89       76.75
    969.40       57.00
    975.59       45.00
    966.57       43.00
   1007.29       71.50
    985.15       56.50
    974.22       47.00
    989.02       52.50
    966.02       50.00
   1004.79       79.75
    965.08       52.25
   1000.98       69.50
   1001.49       35.00
    994.56       65.25
   1007.01       42.25
    981.00       55.75
    998.17       28.50
    985.22       72.00
   1001.32       36.75
    991.06       38.00
   1004.16       27.00
    969.08       41.00
    994.92       52.75
    999.28       30.00
    977.27       60.50
   1003.36       51.00
    980.14       43.75
   1001.47       74.25
    999.40       26.50
   1000.48       79.50
    984.45       66.25
    966.50       58.00
    996.16       65.00
    981.12       45.75
    965.03       47.50
    999.72       26.50
   1002.96       39.00
    998.94       30.25
    999.25       28.75
   1007.06       60.75
   1005.79       42.00
    989.97       49.25
    986.00       45.75
    967.81       48.50
    993.43       47.50
   1000.95       50.00
   1002.53       25.75
    989.87       50.00
    983.89       77.00
    997.72       38.00
    983.76       52.00
    978.54       58.50
    980.32       62.50
    989.30       41.75
    989.12       57.00
   1000.46       32.75
    983.88       52.00
    979.31       42.00
    978.72       51.25
    996.59       29.00
   1009.39       51.75
   1003.15       27.50
   1009.34       36.75
    985.27       56.00
   1006.54       49.50
    983.58       47.00
    994.78       61.75
    986.63       40.75
    989.47       68.50
   1007.16       67.50
    972.55       53.00
    991.76       70.00
    985.80       43.75
   1003.80       74.25
    997.95       33.25
    970.48       50.50
    973.80       49.00
   1008.34       36.25
    981.05       59.50
    998.57       50.00
    993.18       63.50
    982.02       62.25
    991.70       41.25
    983.54       49.50
    997.71       51.50
    993.25       48.50
    997.32       46.75
    989.43       42.75
   1009.65       66.50
    990.52       49.00
    996.04       28.25
    985.88       40.00
   1004.90       36.50
    974.59       49.75
    988.68       58.50
    993.44       36.75
    984.20       75.00
   1001.43       60.75
    997.51       52.75
    974.87       52.00
    994.58       34.75
    999.70       64.75
    984.47       46.75
    997.82       85.00
    986.91       49.00
   1012.31       69.50
   1009.75       60.25
   1003.31       36.50
    982.97       52.50
   1012.07       47.75
    997.73       81.00
    994.29       78.25
    986.11       52.75
    999.43       46.50
    978.13       47.00
    989.42       67.00
   1006.46       35.75
    995.13       69.50
   1007.99       34.25
    976.29       51.00
    994.08       41.50
   1011.92       51.75
   1000.96       33.25
    996.63       68.00
   1004.55       43.50
    993.21       40.00
    954.64       58.75
   1008.56       67.50
    982.44       78.75
    991.41       48.25
    979.11       47.25
    997.28       80.00
    986.94       70.25
    997.85       37.50
    975.83       44.25
    996.24       32.00
   1004.94       29.25
    959.79       47.50
    994.72       33.75
    987.62       49.00
    966.89       75.00
    965.50       64.25
   1009.70       51.75
    951.97       55.75
    970.92       75.50
   1003.12       35.00
    972.38       37.50
    988.82       65.75
   1001.15       58.25
   1001.45       38.50
    969.47       61.00
   1001.09       34.75
    987.08       80.50
    988.90       53.25
    999.01       49.25
   1013.54       28.25
    982.36       59.50
    977.45       84.75
    969.87       39.25
    984.86       50.75
    979.59       47.25
    996.31       38.50
   1007.36       60.50
    975.60       45.25
    991.27       49.75
    989.50       79.00
   1000.94       40.50
    984.83       39.75
    986.13       74.00
   1007.36       41.25
    976.64       38.25
    982.80       34.50
    989.08       48.25
   1009.64       58.75
    968.60       62.00
   1018.15       79.25
   1003.84       48.50
    989.72       67.75
    983.80       43.00
   1007.52       49.75
    977.42       52.75
   1009.83       77.75
    987.82       45.25
   1003.85       35.50
   1011.51       56.50
   1002.59       75.75
    956.14       49.00
    999.43       43.75
    991.05       45.25
    996.14       66.75
    998.53       40.50
    981.68       57.00
    994.24       36.50
    967.41       48.50
    978.30       47.00
    998.11       35.50
   1017.71       49.25
    999.84       33.75
   1002.00       67.25
   1008.38       58.75
    962.26       54.00
    992.48       78.75
    992.93       52.75
    997.72       57.25
   1023.35       56.50
    986.47       51.25
    987.76       51.25
    999.55       61.50
   1031.04       55.50
    982.19       77.50
    999.55       45.25
    970.34       45.25
   1000.53       39.25
    994.07       45.25
   1000.14       29.50
    994.97       39.25
    991.16       60.75
    995.51       64.00
   1016.20       45.00
    953.96       52.25
    995.29       65.50
    981.67       64.00
    987.07       41.75
    976.38       45.25
    963.70       51.00
    988.04       58.25
   1003.57       39.75
   1001.43       42.00
    989.48       65.00
    992.43       41.00
    999.33       66.50
    984.22       37.50
    987.88       46.75
   1006.35       37.75
    975.02       46.25
    966.65       50.00
   1011.51       69.75
   1002.49       49.50
    994.30       68.75
    992.10       41.50
    983.37       62.50
    991.17       39.25
    983.82       57.25
    982.95       52.00
    992.58       60.75
    971.46       47.25
   1005.62       75.00
    978.79       73.00
    993.55       74.25
    995.90       32.25
    984.13       56.25
    975.69       49.00
    980.00       53.50
    977.17       54.50
    993.74       36.00
    994.58       28.25
    992.62       35.00
    987.92       51.25
    987.60       49.50
    995.91       35.25
    987.80       47.25
    991.10       50.50
    992.46       38.75
    970.83       41.50
    993.89       61.50
    994.19       45.75
    997.34       60.00
    968.13       58.00
   1014.71       66.50
   1016.61       63.25
    988.97       46.25
    983.12       42.50
    997.82       71.50
    982.30       48.75
   1020.74       59.00
   1003.95       40.75
    997.17       64.25
   1004.59       53.50
    987.69       71.50
    988.59       47.50
   1004.24       49.00
    986.96       63.50
    991.97       60.25
   1004.39       76.00
   1002.47       83.50
   1006.46       44.75
    999.09       79.00
    993.84       56.75
   1005.36       59.75
   1003.09       48.00
   1002.80       35.00
    999.82       53.50
   1004.32       46.50
   1000.96       41.75
    975.54       65.00
    997.85       41.75
   1001.22       40.75
   1007.92       73.00
    996.70       44.75
    998.02       68.25
   1000.18       48.50
    989.42       52.75
   1003.00       60.50
    983.40       59.25
   1001.16       64.50
    991.21       76.00
    995.14       51.50
    994.58       54.00
    995.07       48.75
   1000.36       35.25
   1001.47       39.50
    987.22       61.75
    981.13       50.00
    991.35       57.50
    997.72       63.25
    989.44       42.50
    981.19       59.25
   1013.47       33.25
    993.53       60.25
    988.30       51.25
   1001.03       41.50
    987.05       62.25
    992.92       40.50
    972.75       59.25
    999.67       52.25
    999.89       39.50
    983.13       56.75
    986.34       53.75
   1003.26       71.50
    985.92       53.50
    998.81       31.00
    996.28       67.75
    990.95       49.25
    934.96       63.00
    991.06       83.50
    999.62       61.50
   1011.47       33.75
    966.77       64.00
    985.30       70.50
    977.61       50.25
    954.29       61.00
    992.93       55.50
    981.92       52.00
    986.47       79.50
   1000.46       37.00
    984.24       50.75
   1003.32       60.00
   1008.12       60.00
   1012.68       37.00
    968.68       52.50
    982.97       64.00
    968.62       51.00
    972.83       57.75
    962.58       73.50
    976.16       46.25
   1000.67       30.00
    974.09       42.50
    969.15       49.00
   1003.77       48.00
    966.68       64.00
    966.20       43.50
    991.25       78.50
    987.32       46.75
   1006.95       34.00
   1014.09       71.50
   1020.82       32.75
   1012.69       40.25
    969.30       55.25
    999.19       27.75
    986.73       60.00
   1000.89       34.50
    971.37       49.75
    993.76       74.25
    969.51       58.75
   1001.96       28.75
   1006.93       66.00
   1007.70       48.00
    995.88       36.25
    961.77       50.75
   1000.46       70.25
    977.87       47.75
    989.74       55.50
   1002.72       28.25
    992.86       63.75
    960.63       62.75
    960.18       49.75
   1002.51       61.75
    970.63       54.00
    996.88       85.00
    990.30       49.50
    986.35       54.00
    984.40       38.75
    998.04       47.75
    990.10       85.75
    991.76       50.75
    963.46       62.75
    974.78       62.75
    987.24       45.00
    977.09       53.50
    974.39       52.00
    994.53       36.25
    966.11       71.50
    984.07       46.00
    994.70       60.50
    983.15       64.75
   1003.52       31.50
    954.83       49.00
   1009.00       31.50
    970.50       62.75
    972.53       63.50
    982.68       60.75
    984.93       45.25
    994.07       46.75
    978.10       46.75
    993.82       42.25
    991.77       52.50
    987.65       57.00
    987.65       51.75
    991.37       43.00
   1007.40       75.50
    976.36       53.75
    984.00       75.75
    991.14       74.50
   1014.08       43.75
    977.34       52.75
    998.30       76.00
    990.97       60.50
    984.72       48.75
    985.21       45.75
    956.51       50.00
    982.09       50.00
    976.86       73.25
    989.85       46.00
   1002.89       30.00
    963.04       75.75
    969.86       47.50
    981.01       72.25
    968.82       81.25
    978.41       45.25
   1007.52       54.50
    997.96       77.25
    972.48       48.75
   1009.49       49.50
    968.06       50.00
   1000.37       34.25
    997.79       55.75
   1004.68       59.75
   1002.77       26.25
    984.10       63.50
    994.72       51.25
    985.38       40.25
   1000.59       54.50
    961.84       78.00
    978.06       57.50
   1001.17       45.50
    975.87       64.00
   1009.99       70.25
    993.63       35.75
   1015.54       60.50
   1000.01       50.00
    985.31       48.50
    995.58       30.75
    998.93       29.75
   1011.41       28.50
    982.76       45.25
   1012.40       38.25
   1002.35       71.75
   1002.67       35.50
    979.79       57.25
    986.73       57.50
    980.91       54.75
    999.60       72.50
    989.45       65.00
   1004.32       42.00
   1003.83       36.50
    983.15       41.75
    980.08       53.25
    980.93       69.75
   1010.97       33.00
    982.81       62.75
    973.29       53.00
    979.69       61.75
    981.82       56.75
    980.01       62.25
    994.37       46.25
   1005.41       78.00
    984.17       46.50
    995.48       71.75
    989.61       60.25
   1001.69       29.75
    980.32       44.25
   1001.50       32.00
    987.19       51.75
    994.20       45.50
    994.38       27.00
   1009.83       35.75
   1004.53       52.50
    975.56       47.75
    993.95       53.25
    999.05       52.00
   1009.94       71.75
    971.93       54.50
    994.04       63.00
    980.34       52.25
   1004.28       27.25
    972.06       57.75
    984.17       58.00
    995.84       50.00
   1002.85       28.25
    990.25       59.00
    996.40       34.00
    989.90       46.75
    992.73       48.00
    990.17       57.75
   1004.23       28.00
   1004.76       29.75
   1005.15       35.50
    999.29       47.00
    999.42       70.50
    994.95       64.00
   1001.16       35.50
    991.82       51.00
    969.95       47.25
    980.30       51.25
    987.32       66.25
    992.82       51.75
    989.09       65.50
    977.47       52.00
    990.66       64.00
    991.94       70.75
    990.09       40.25
   1001.22       45.50
    993.86       39.50
   1007.05       68.00
   1026.60       69.00
   1000.01       49.75
    979.66       66.25
    966.78       35.50
    993.88       54.00
    971.81       50.25
    983.40       71.50
    997.43       35.50
    989.04       40.25
   1012.90       68.50
    964.62       68.75
   1009.34       50.50
   1008.71       63.25
    972.07       67.50
    993.88       40.25
   1011.48       40.50
    951.58       40.25
    979.76       48.00
    992.11       73.25
   1003.63       48.50
    987.39       55.75
    989.53       47.25
   1018.39       47.75
    986.82       39.75
    986.24       67.75
    976.65       46.00
    982.98       72.50
   1011.04       83.50
    983.06       61.25
    995.11       56.25
   1000.38       45.00
    999.56       84.50
    984.93       57.75
    981.55       33.25
    991.85       56.00
    984.59       47.75
    963.61       64.00
    992.80       45.50
    986.77       67.00
    974.12       39.50
   1016.23       41.25
    966.63       40.25
    993.10       71.50
    997.33       49.00
   1003.12       78.00
    965.43       73.00
    990.44       74.75
    997.03       37.00
   1019.05       51.00
   1010.93       62.75
    960.02       51.25
    963.95       43.25
    986.35       56.25
    973.67       64.75
   1002.25       46.50
    959.40       54.50
   1014.27       29.75
    982.41       64.50
    990.87       67.75
    971.36       45.75
   1007.83       44.50
    982.05       43.25
    969.57       57.00
    979.97       57.50
   1002.96       28.25
    991.98       82.00
    970.60       53.00
    956.12       55.50
    983.38       46.50
    991.78       42.50
    990.40       76.00
    990.54       46.50
    975.10       47.75
   1009.81       37.75
   1006.95       26.25
    961.51       50.50
   1001.18       48.75
   1015.89       62.00
    978.52       40.75
   1001.64       48.50
    970.38       74.00
   1011.25       28.75
    980.99       63.25
    957.21       56.75
    987.32       67.50
    988.42       59.75
    998.71       50.75
    974.54       48.00
    965.19       57.25
    987.45       57.75
    989.23       57.50
    993.68       54.25
    988.94       47.50
   1000.98       29.75
    983.68       50.00
    966.83       63.75
    962.27       48.75
    993.04       53.00
    982.77       55.25
    984.45       53.50
    989.25       56.50
   1004.26       29.00
    980.57       46.50
    981.81       49.50
    991.72       58.25
    971.14       55.50
    998.16       32.50
    972.93       49.75
    988.29       43.50
   1004.09       73.50
    997.66       48.50
   1007.42       45.00
   1013.60       82.75
    999.61       42.75
    983.06       57.75
    998.57       36.25
    997.02       67.00
    999.24       57.25
    994.75       27.75
   1003.72       44.25
    993.79       40.75
   1002.38       32.50
   1008.65       66.50
    986.36       54.50
    997.11       46.50
    987.18       61.75
   1000.36       71.50
   1006.13       55.75
    979.88       60.25
    985.43       68.50
    986.68       47.75
   1000.76       59.75
    995.86       50.25
    964.39       65.50
    980.23       54.50
    997.93       82.25
    977.01       54.50
   1001.21       49.50
    987.88       48.75
   1001.37       77.75
    972.40       52.75
   1002.26       54.00
    997.32       29.50
   1003.56       52.25
    991.47       38.25
    997.57       64.25
   1013.30       44.00
   1001.43       36.75
    981.09       64.25
   1002.41       41.00
    981.06       63.50
    987.91       55.00
   1005.00       28.50
    976.69       55.00
    971.56       62.75
   1008.43       26.25
   1007.39       61.75
    991.35       55.75
   1002.25       28.25
    982.96       51.50
    993.44       36.75
    993.79       65.50
    999.31       66.50
    992.33       62.75
    994.64       58.25
    990.98       47.00
    973.55       47.75
    998.84       55.25
   1006.81       49.75
   1000.48       37.00
    984.64       64.25
    984.55       63.50
    987.80       48.50
   1009.59       54.25
    994.60       75.25
    963.23       58.00
    986.93       52.00
    986.51       51.00
    993.43       79.50
    994.44       52.00
    963.33       75.50
    996.83       37.25
   1013.54       25.50
    988.40       63.25
   1001.07       46.75
    990.38       44.75
    995.11       55.75
   1005.54       33.50
    993.40       52.50
   1002.26       41.75
    988.36       57.00
    995.67       45.25
    982.98       52.00
    992.20       52.75
    987.59       49.75
    998.19       35.00
   1000.86       33.50
    994.60       62.25
    983.46       45.75
    993.60       64.00
    999.72       73.00
    999.41       79.25
    987.38       48.50
    994.03       64.25
   1014.33       34.75
    986.03       47.50
   1007.68       37.25
    992.07       61.25
    981.06       66.75
   1005.43       31.25
    982.58       47.75
    977.57       47.75
    994.28       44.75
    971.85       51.00
   1004.18       62.50
    977.94       43.50
    969.52       53.50
   1011.66       38.00
   1005.53       58.50
   1000.95       22.25
    982.42       41.75
    989.44       51.00
    969.71       43.25
    981.28       43.00
    992.59       51.50
   1028.29       61.75
    972.04       46.00
   1007.58       29.75
    962.35       51.00
   1006.27       27.75
    998.78       43.25
   1021.20       67.00
   1003.88       78.25
    987.04       48.25
   1019.72       75.75
    992.79       35.75
    992.65       25.75
   1004.43       44.00
    982.64       62.00
    962.11       53.50
   1007.36       49.25
    994.52       38.50
   1019.90       56.50
    966.33       57.00
    994.86       33.50
    981.29       56.25
    994.86       68.00
    980.22       62.50
   1019.54       72.00
    982.60       64.75
    978.15       60.00
    978.01       48.75
   1021.50       67.25
    993.11       50.00
   1000.09       41.75
    992.02       36.25
   1007.14       78.25
    999.89       35.00
   1000.82       60.00
   1005.94       44.00
    961.12       53.75
    938.36       53.25
   1014.74       69.50
   1013.67       77.75
    999.72       64.25
    988.00       67.50
   1010.49       31.50
    995.06       55.75
    998.17       27.25
   1015.91       47.75
    995.38       52.75
   1001.14       27.50
   1004.15       28.25
   1001.41       35.50
    978.58       49.50
    978.48       67.25
   1012.61       27.50
   1020.78       69.25
   1005.37       61.75
    971.76       55.00
   1002.04       79.50
    974.01       60.75
    984.86       64.25
   1002.72       43.75
    988.41       52.75
    975.42       68.00
    971.71       55.50
    971.89       61.50
    971.92       49.75
    972.68       44.25
    984.62       67.50
    975.33       61.75
    999.25       48.75
    979.42       52.50
    981.78       54.50
    985.22       42.50
    973.52       72.00
    977.55       56.00
    993.00       57.75
    985.23       59.25
    995.54       50.25
    991.05       31.25
    987.49       56.00
    985.06       40.25
    979.46       58.25
    999.05       56.25
    988.06       46.75
    977.09       44.75
    972.73       59.25
   1000.00       78.50
    980.22       41.50
    996.73       73.75
    987.63       63.50
    989.66       61.50
    982.97       62.25
    971.10       55.25
    995.57       42.75
   1003.40       54.25
    982.42       54.75
    962.62       52.00
    968.33       55.50
    996.37       47.00
    990.98       53.50
    985.30       57.25
    973.71       39.75
   1002.12       69.25
    987.21       53.50
    995.00       54.50
    993.62       64.50
    983.89       50.00
   1009.80       37.00
   1006.32       73.00
    996.11       30.50
    976.44       50.25
    979.18       70.25
    989.11       60.00
   1008.44       67.00
    994.03       54.50
    969.08       49.50
    999.25       55.75
    981.01       64.50
    984.41       60.75
    999.49       70.75
    993.33       60.75
    996.28       38.75
   1010.21       43.75
    989.90       65.75
    994.17       47.50
    971.46       54.00
    983.59       56.00
    995.94       49.25
    979.65       53.75
    977.02       47.50
    986.34       55.75
    992.77       69.25
   1003.04       47.75
    984.68       39.75
   1002.10       77.00
    985.16       56.50
    985.32       47.00
    985.56       67.75
   1010.06       65.00
   1001.45       45.25
   1000.51       35.00
    993.11       57.25
    990.71       63.25
   1014.18       33.00
    998.51       56.25
    993.01       53.50
   1003.76       78.25
    998.17       45.75
    999.26       40.75
    978.02       53.25
    996.67       35.00
    987.07       64.75
   1007.91       71.75
    989.21       71.75
   1004.25       52.50
    980.69       79.00
    972.10       62.50
    997.61       60.50
   1012.13       78.00
    981.99       43.75
    994.26       55.75
    991.28       54.75
   1007.62       44.50
    997.54       45.50
   1005.80       26.00
    993.13       76.00
    990.96       76.00
    998.61       54.50
    983.99       50.75
   1009.36       50.25
   1009.79       74.75
   1007.01       51.25
    994.47       51.00
    998.32       50.25
   1003.82       71.00
    995.39       46.75
   1003.21       32.50
   1006.99       39.25
    981.33       45.50
    986.90       47.00
    985.29       62.75
   1006.75       60.25
   1006.25       61.75
    999.12       79.25
   1007.56       34.75
    999.34       61.75
    990.76       40.25
    987.66       63.25
    985.76       56.75
    999.90       71.00
    993.86       59.25
    994.83       44.50
    994.22       64.00
   1003.47       36.75
   1000.85       38.50
    986.75       47.75
    997.40       57.00
    997.30       37.00
    995.50       51.00
   1000.68       44.50
    991.65       55.75
    956.69       49.75
    964.22       59.50
    997.08       50.50
    963.22       53.00
    993.19       73.75
    989.30       38.50
    956.44       48.00
    992.14       36.50
    997.03       57.75
   1016.75       42.00
    955.08       68.00
    996.93       66.00
   1001.59       35.50
   1017.52       27.75
    981.27       45.50
   1006.29       74.25
    987.48       45.75
    986.04       43.25
    992.01       38.75
    978.50       63.00
   1006.03       62.75
    992.00       39.00
    991.09       60.00
   1002.32       30.25
    999.95       68.00
    953.89       39.75
    979.49       72.75
   1001.99       25.25
    963.79       48.25
   1001.38       52.75
    994.25       62.25
    955.67       38.25
    982.21       66.25
    988.14       64.00
    974.97       44.75
   1001.45       30.75
    972.05       63.25
    994.57       79.50
    947.27       39.00
    971.08       57.25
   1015.36       37.50
   1004.59       35.75
    981.57       55.25
    989.83       53.50
    968.70       39.25
    959.26       75.00
    965.25       47.00
    983.50       67.50
    992.14       57.25
   1004.67       32.75
   1009.66       80.75
    993.88       58.25
    987.96       64.50
    995.23       75.50
   1000.03       30.75
    960.38       48.75
   1006.75       21.25
    991.37       51.00
    981.79       72.25
    978.60       46.50
    975.98       45.25
    962.14       53.50
    989.77       65.50
   1010.19       48.00
    982.20       67.00
    981.15       56.50
   1005.05       33.50
    966.10       55.75
    993.88       75.50
   1002.15       26.00
   1004.84       32.50
   1010.68       73.00
    978.68       45.50
    960.82       57.25
    983.45       66.75
    976.80       73.25
   1005.87       36.75
    986.62       48.00
   1002.59       28.25
    996.53       77.50
   1002.22       59.25
    990.17       54.25
    993.47       42.00
    982.25       46.50
    978.38       46.25
    997.37       55.75
    992.72       48.00
    989.88       38.25
   1000.98       52.75
    969.63       79.25
    981.35       52.50
    997.73       33.50
   1007.52       76.50
    977.50       53.25
    989.68       58.25
    986.68       58.25
    991.89       40.00
    967.45       47.25
   1002.63       76.50
    983.59       57.75
    979.08       60.00
   1010.94       75.00
    999.24       31.50
    983.44       52.75
    999.94       35.75
    962.69       49.25
    992.53       70.00
   1001.56       33.25
    991.46       55.50
    987.51       55.00
    994.57       36.00
   1001.09       29.25
    997.76       54.75
   1002.18       33.50
    993.72       81.50
    984.83       46.75
    997.70       64.00
    990.27       45.25
    990.88       42.00
    985.17       57.25
    980.54       66.25
    982.09       64.00
   1002.73       44.50
    992.18       51.75
    993.86       36.75
    990.86       45.50
    996.37       61.00
   1008.72       64.50
    970.80       47.25
   1006.18       33.75
    982.20       47.50
    986.85       61.00
    986.97       47.00
   1002.39       41.00
    998.46       75.50
    985.05       62.00
    992.15       76.75
    986.04       49.00
   1001.51       29.75
    996.76       59.75
    992.32       62.25
    975.80       48.25
    988.48       61.25
   1000.44       31.50
   1004.95       35.00
    982.05       73.25
    981.66       73.00
   1012.29       36.50
    972.13       53.50
    991.17       53.50
   1001.67       41.25
   1000.21       59.75
    989.80       55.75
    980.65       51.00
    993.17       56.50
    980.11       53.50
   1000.16       37.25
    987.21       60.75
    997.14       38.75
    996.99       54.00
    995.66       71.50
   1007.79       27.75
    994.93       61.00
    973.18       59.00
    979.18       61.25
    987.71       53.50
   1002.14       36.00
    996.85       45.25
    998.96       77.25
    996.95       52.00
    986.10       57.50
   1002.51       65.75
    997.44       44.75
    998.32       35.75
    996.22       74.75
    976.08       67.50
   1010.64       40.75
   1001.66       30.25
    992.22       81.50
   1012.04       28.00
    988.71       40.00
   1000.31       76.75
   1010.88       45.75
    986.18       50.75
    996.76       43.75
    996.59       50.75
    990.71       63.50
    980.03       47.75
   1001.69       64.75
   1003.04       74.50
   1002.66       39.75
    991.18       51.50
    975.61       50.00
    991.49       65.00
    978.45       58.50
    989.30       60.75
    999.04       41.00
    983.45       48.50
    994.15       55.75
   1003.97       49.50
   1005.01       70.00
    994.52       43.25
    997.76       37.25
    994.99       35.25
   1007.71       43.00
    988.52       66.75
    967.63       44.00
    978.42       42.50
    955.82       54.25
   1004.81       42.75
    968.29       62.00
    969.56       39.50
    964.62       60.75
    965.66       41.75
    955.22       51.75
   1005.65       30.00
    977.29       48.00
   1004.48       77.00
    979.56       54.00
   1002.31       43.00
    993.98       35.50
    961.14       51.50
    984.17       65.50
    976.96       53.75
   1013.37       71.25
    999.33       44.75
    982.90       69.00
    963.11       37.00
    998.23       51.25
    959.64       49.25
    979.54       54.00
    987.66       65.50
    991.44       60.25
    995.92       62.25
    993.05       64.00
    987.78       43.75
   1001.32       80.50
    957.21       49.50
   1003.75       33.25
   1003.98       78.25
    973.55       53.75
    995.15       49.75
   1001.82       28.50
   1013.77       69.00
   1003.50       30.75
    997.26       57.00
    986.13       45.50
    985.82       29.75
   1003.29       54.00
    978.65       53.50
   1007.16       31.50
    993.33       38.50
   1021.05       84.50
    974.74       44.25
    978.18       75.25
    990.52       48.25
    986.58       46.50
    989.72       68.25
    998.93       29.25
    986.73       59.75
    987.82       51.75
    998.44       67.00
    980.07       56.00
    968.63       57.75
    998.42       68.00
   1000.90       42.00
   1004.63       40.25
   1001.71       32.00
    977.13       72.75
    991.49       57.25
    994.81       75.50
    960.33       57.25
    998.03       36.50
    990.65       48.50
    992.42       39.00
    992.89       61.00
    973.22       64.25
    974.96       62.00
    979.65       43.50
    993.83       75.50
    982.76       61.50
    980.15       52.25
    994.37       50.00
    958.66       58.00
   1003.31       52.75
   1011.37       50.00
    987.31       69.50
    996.09       64.75
   1007.71       26.50
   1004.71       34.00
    972.87       39.75
    977.89       49.00
   1003.54       56.00
   1003.08       32.50
    977.67       44.25
    980.73       54.50
    982.08       74.50
    972.27       51.50
    987.59       55.00
    985.90       53.75
    990.56       71.75
    984.84       69.25
    995.79       29.75
    991.94       72.25
    985.54       52.25
    982.24       39.00
    986.78       71.25
    993.99       41.25
    991.88       52.75
    998.12       73.00
    995.65       48.50
   1000.05       31.25
    986.75       43.75
   1002.90       39.75
    983.10       42.75
   1002.57       76.75
    992.75       40.00
   1008.88       38.50
    976.38       47.25
   1003.48       77.00
    989.38       55.50
    989.84       49.25
    991.38       69.25
    960.04       46.00
    991.33       63.75
    995.40       79.50
    992.78       42.00
   1001.40       49.75
    990.45       49.25
    977.26       71.50
    987.93       43.25
    998.85       67.75
    991.80       70.25
   1003.86       33.75
    985.70       68.75
    966.69       61.75
    995.78       55.25
   1006.46       30.75
    987.57       51.50
    968.48       74.75
    984.18       55.25
    971.27       49.50
   1004.56       75.00
    970.32       61.25
    975.31       54.25
    983.78       49.50
    990.92       49.75
   1005.07       46.25
    968.48       53.00
    999.22       29.00
    974.28       67.75
    993.17       82.25
    988.03       59.25
    993.31       68.00
   1002.21       34.00
    983.21       54.25
    989.69       70.00
    995.22       44.25
   1000.50       82.00
    996.72       61.50
    990.27       47.50
    987.13       52.25
    999.82       32.75
    988.79       49.50
    998.37       41.00
    968.65       51.75
    999.63       64.00
    995.76       67.50
    991.33       54.75
    980.40       60.25
   1008.12       72.75
    996.47       37.75
    995.10       33.00
    987.38       55.75
    985.51       70.75
   1007.60       31.00
    994.30       75.00
    992.09       60.00
   1001.32       53.00
    988.07       46.25
   1002.20       52.50
    984.24       63.75
   1001.84       71.25
   1000.25       34.25
    985.33       49.25
    983.38       61.75
    980.10       52.25
    993.87       57.75
    993.13       63.50
    965.93       47.00
    991.17       50.50
    991.81       61.50
    984.73       57.25
    999.12       33.50
    998.52       63.25
    987.89       45.75
   1006.82       29.25
    996.50       41.75
    999.23       71.00
    995.85       69.75
    991.84       71.00
    993.67       52.00
   1011.68       75.50
    982.63       64.50
    993.76       46.50
    994.84       51.00
    987.31       48.75
   1003.76       26.75
    992.80       43.25
   1004.89       35.00
    999.55       43.50
   1007.12       55.25
   1000.52       59.00
   1002.87       64.50
    987.99       60.25
    983.74       46.50
    984.28       51.75
    980.72       77.25
    996.11       58.00
   1003.54       46.75
   1010.82       33.00
    993.17       49.50
    994.20       65.50
    988.89       69.50
    997.18       57.50
    987.51       45.25
    965.07       57.75
    991.96       59.00
    976.97       60.75
   1001.96       50.75
    961.20       59.50
   1011.31       28.00
    995.76       85.75
    964.55       55.00
    961.18       52.75
    999.74       36.00
    978.23       49.50
    988.18       76.00
    980.14       67.50
    963.51       47.75
   1004.20       80.75
    976.05       49.50
    982.33       48.50
    964.07       63.00
    962.50       59.75
    949.87       56.25
    987.06       51.00
    986.10       66.25
   1014.92       29.75
    986.74       42.50
    987.68       60.75
   1002.50       35.25
    977.91       54.75
    957.23       58.50
    953.87       53.75
    990.52       55.50
    967.71       54.50
    981.86       77.00
    989.02       69.25
    992.29       39.25
    993.83       47.25
   1010.84       34.25
   1002.40       78.50
    994.26       42.00
    994.61       30.00
    998.55       30.00
    980.98       69.25
    984.95       55.50
    979.78       52.50
   1010.79       42.25
    962.20       41.00
   1006.44       53.00
    965.22       52.00
    984.28       43.25
    979.34       40.75
    995.44       49.75
    997.88       61.75
    973.20       45.50
    989.08       46.25
    982.15       53.25
    986.44       37.75
    975.31       61.75
   1005.48       79.25
    998.48       27.25
    992.02       39.75
    980.89       53.25
   1005.87       67.75
    996.11       38.25
    978.84       70.50
    995.91       55.75
    969.65       51.25
   1008.26       34.00
   1003.10       84.75
    989.90       54.00
    979.00       48.50
    990.27       39.25
    976.98       72.00
    963.71       63.25
    973.01       43.25
    989.99       57.75
    981.19       57.50
    998.80       54.50
   1008.87       33.50
    989.42       73.00
    978.42       54.25
   1008.11       76.75
    981.15       36.00
   1000.72       46.50
    991.11       29.25
    980.44       61.25
   1007.46       69.00
   1027.97       65.50
    986.19       48.75
    999.01       70.25
   1009.88       53.75
    977.81       74.25
    999.13       83.75
    997.89       50.25
   1002.74       77.25
    992.18       79.00
    988.78       35.50
    990.49       42.50
    988.99       76.75
    981.92       54.25
    991.15       60.00
    986.98       38.50
    972.40       56.00
    994.71       65.00
    986.58       43.75
    977.88       51.00
    999.00       37.25
    982.49       61.00
   1010.14       40.75
   1003.39       68.00
    987.63       85.75
    994.14       48.50
    981.17       62.25
    956.65       52.50
    995.56       56.00
    968.30       51.25
   1001.63       25.50
    983.27       55.00
    999.26       74.25
    993.36       79.75
   1003.64       50.75
   1016.88       39.75
   1005.62       30.75
    990.12       46.50
   1003.58       47.25
    975.73       76.25
   1016.39       40.75
    999.28       36.25
    985.85       42.50
    997.07       62.75
    976.42       63.75
    998.72       76.50
    975.95       60.50
    984.36       58.00
    996.39       28.25
    980.36       71.75
    976.40       56.00
    976.21       71.75
    988.82       48.50
   1000.71       36.75
    997.29       45.75
    970.23       72.00
    985.95       65.00
   1004.77       35.00
    998.94       46.00
    985.68       54.75
    988.87       51.75
   1007.31       36.50
    980.74       61.75
    993.51       61.75
    989.57       50.00
   1012.05       45.50
    998.54       29.25
    971.99       49.50
    984.32       59.75
   1001.56       51.25
   1006.37       76.00
    983.27       74.75
    988.70       51.25
    992.42       31.50
   1006.30       37.25
    996.82       46.75
    980.83       52.25
    974.55       74.75
    989.48       64.00
    997.56       60.00
    983.30       55.50
    996.68       70.75
    997.33       73.50
    984.63       51.25
    999.60       37.00
    971.53       58.00
    988.95       64.75
    986.31       69.00
    991.24       43.50
   1003.54       59.25
    974.58       61.75
    995.21       39.00
    995.88       52.00
    996.97       52.50
    987.54       62.50
    994.01       79.50
    997.89       66.50
    986.21       62.25
    968.78       49.25
    987.32       69.25
    994.36       45.75
   1010.08       54.75
    999.08       51.00
    986.06       51.75
    973.78       52.75
   1001.52       50.00
    982.56       61.50
    982.73       62.00
   1001.01       79.00
   1002.01       34.75
    977.00       57.75
    985.15       64.00
    982.43       54.00
   1000.99       37.75
   1000.35       69.50
   1005.67       37.25
   1001.94       51.25
   1005.68       30.50
    984.37       52.75
   1000.60       29.00
    989.56       50.75
   1008.54       37.50
    992.91       46.00
    980.77       64.75
    998.15       60.25
   1005.47       81.00
    997.92       31.50
    990.25       67.50
    980.52       66.00
    976.62       53.50
    989.83       50.25
   1005.92       65.25
    989.38       43.50
    971.80       50.50
    991.42       78.25
   1003.47       63.25
    968.70       48.50
   1005.57       29.25
    975.72       60.00
   1008.67       69.50
   1007.80       50.50
    969.38       49.25
    999.03       53.25
   1002.33       53.75
    991.44       71.75
    978.58       53.25
    931.47       50.25
   1013.76       45.25
    953.38       51.25
    979.86       73.75
   1003.61       33.25
   1012.70       32.00
    991.46       70.00
    958.69       61.25
   1006.26       42.25
   1006.80       32.50
    993.40       74.75
    969.62       67.00
   1014.65       43.75
    976.22       78.75
   1004.15       37.50
   1008.85       28.00
   1008.37       45.00
    993.59       49.50
    999.99       32.25
    986.39       61.25
    993.31       61.50
    967.21       77.00
    959.13       45.50
   1001.21       34.50
    959.95       56.75
    979.48       71.50
    979.33       40.25
    956.56       54.25
    972.76       50.50
    987.53       43.75
    999.86       30.00
    952.84       61.75
    959.42       39.00
    998.70       53.25
    993.74       34.50
   1004.42       51.25
   1000.60       33.25
    980.54       57.75
    980.26       34.75
   1001.45       54.50
    965.09       68.75
    984.31       44.75
    991.01       35.00
    996.31       41.25
    950.98       74.50
    988.52       35.25
    993.97       60.50
    957.22       65.00
   1002.84       49.50
    976.49       76.50
   1006.13       44.75
    999.39       49.75
    990.87       54.50
    997.68       59.00
    989.62       42.50
   1003.59       32.00
    962.54       51.25
    980.27       67.25
    979.28       58.50
    975.13       63.50
    998.05       33.50
    965.04       70.50
   1006.87       26.25
    980.30       72.00
    991.10       45.00
   1004.77       32.00
    985.41       54.25
   1001.84       28.75
    979.80       53.00
   1005.11       34.50
    969.81       52.75
    978.76       56.00
    991.76       57.75
    989.55       42.75
   1000.96       61.00
    979.57       66.75
    995.68       57.25
    991.82       60.75
    967.07       72.75
   1004.02       37.00
    980.49       47.25
    994.50       76.25
    968.03       62.00
   1008.86       76.25
    974.90       59.25
    997.76       47.25
    998.20       44.25
    995.93       78.50
    998.18       72.50
    962.66       52.00
    968.98       61.25
    979.14       71.50
   1004.43       60.50
   1008.42       46.75
    963.43       41.25
   1007.31       41.50
    975.62       80.75
    986.22       56.00
    998.67       41.75
    997.93       25.75
   1005.65       47.50
   1000.98       70.00
   1012.15       56.00
    998.87       31.00
   1000.20       73.00
    968.72       56.25
    976.29       51.50
    989.42       82.25
    993.56       44.00
   1005.84       50.50
    987.29       39.00
    986.05       66.50
    999.25       35.00
    993.09       45.75
    994.96       58.50
    969.06       55.25
    973.16       69.75
    991.61       51.50
    997.34       35.50
   1006.70       73.25
    987.41       54.25
   1007.58       50.75
   1003.36       37.75
   1009.03       78.50
    979.55       54.50
    998.42       28.75
    982.48       54.50
   1004.06       76.00
    987.93       57.75
    994.58       41.00
    994.23       53.50
   1010.76       38.50
    974.85       66.25
    984.13       58.00
   1007.56       81.25
    990.19       56.50
    969.92       52.00
    982.51       54.00
    978.35       70.50
   1010.47       74.00
   1004.17       28.75
    993.13       50.25
    993.08       41.25
    986.04       59.50
    966.58       59.25
    999.78       38.50
    987.04       67.75
    999.60       55.00
   1000.76       47.25
   1006.06       38.50
    983.78       50.25
    986.31       46.25
    980.06       58.00
   1003.29       69.25
   1008.73       36.75
    985.35       56.75
   1003.25       34.25
    991.82       80.00
    977.51       71.50
    983.75       55.00
    999.13       35.50
   1005.72       37.00
   1001.46       53.00
   1002.58       52.50
    998.87       34.00
    981.24       45.00
   1007.04       50.50
   1001.16       34.00
   1002.10       48.50
    992.25       62.00
    976.04       52.75
    982.50       82.00
    989.35       65.25
    986.46       69.75
    998.84       27.75
   1004.07       58.50
    999.15       35.00
   1005.66       50.00
    984.21       68.00
    983.59       68.00
    988.26       43.50
    989.88       66.50
    990.08       63.75
   1007.24       53.25
    998.23       51.50
    979.04       40.25
   1001.44       31.25
    989.51       50.50
    989.06       49.00
   1006.40       41.00
    998.93       36.00
    981.75       80.50
    996.11       46.00
    995.84       45.50
   1005.39       45.00
    979.58       54.75
    997.76       32.50
    981.23       71.50
    995.95       64.25
    969.13       50.00
    996.70       49.50
    988.62       63.25
    989.67       51.50
    982.67       62.75
    979.72       62.50
   1001.92       35.50
    999.72       32.25
    988.53       54.75
    991.47       68.25
   1007.02       35.75
    995.70       56.00
   1002.72       66.00
    996.23       68.50
    976.07       49.75
    996.84       73.00
    966.04       48.00
    963.02       49.75
    965.09       58.00
    995.30       76.50
   1009.58       73.50
    992.03       50.50
   1015.91       54.25
    985.40       55.75
   1012.53       30.00
    968.83       67.75
    975.81       48.75
    993.45       82.50
    958.69       81.50
    972.73       50.25
    973.02       66.00
   1005.35       28.25
    992.89       59.00
   1000.05       27.00
   1010.26       41.75
    961.43       48.25
    975.07       60.75
    981.35       55.50
   1005.40       53.00
    995.80       74.00
   1015.19       66.00
   1005.49       37.00
    991.58       77.75
    976.39       37.25
    996.62       43.25
   1003.74       30.75
    994.64       39.75
    996.51       63.00
   1002.17       53.75
   1005.13       28.00
    963.71       54.50
   1016.49       42.50
    979.37       56.50
    997.10       56.75
    977.94       64.25
    995.54       70.00
    992.87       41.00
    971.45       57.50
   1002.71       64.00
    975.73       42.00
    969.85       57.75
    993.51       46.25
    967.23       45.00
    989.88       54.25
    994.09       48.75
    994.15       64.00
    991.59       62.00
    994.86       78.00
   1002.23       56.50
    991.80       35.25
    972.20       75.50
    967.89       56.00
   1015.15       26.25
    999.81       36.75
    999.55       34.50
    966.55       49.50
   1002.16       64.00
    977.83       68.00
    966.67       64.75
    979.54       56.75
    995.56       76.50
    970.76       68.50
   1004.87       35.50
    997.87       30.50
    993.95       46.00
    997.56       35.50
    978.21       54.75
    998.39       35.50
    978.81       57.75
    974.39       48.00
    966.18       46.25
    996.73       52.75
    977.60       54.25
    977.93       54.25
    977.41       79.25
    949.86       52.25
    994.24       62.00
    993.39       60.00
   1000.32       40.00
    983.99       62.00
    994.72       42.00
    991.06       37.00
    979.05       74.25
   1005.88       36.00
    996.33       66.25
    999.21       54.00
    975.61       46.00
   1002.48       60.00
   1000.71       38.25
    990.82       48.00
    997.10       42.00
    967.38       51.50
   1011.32       72.25
    980.77       52.25
   1009.25       29.75
    982.52       55.50
    993.76       38.25
    979.54       58.50
    991.23       50.75
   1000.50       66.25
    971.36       60.50
    993.08       29.25
   1006.13       65.50
    970.97       47.75
    993.64       66.00
    990.88       63.50
    999.69       80.50
    966.42       59.75
    968.55       47.00
    995.63       69.25
    999.91       42.25
    971.95       54.75
   1014.32       32.75
    981.75       50.75
   1002.03       67.50
    992.32       42.00
    988.15       60.75
    971.66       58.75
   1011.14       74.75
    999.40       34.25
    975.27       58.50
    991.58       60.75
    992.10       54.50
    991.67       56.00
   1009.08       52.75
    975.95       45.50
    972.43       48.25
    985.60       36.75
    996.21       33.50
   1004.64       54.50
    972.75       64.50
    993.10       34.50
    992.81       74.50
    991.87       54.00
    981.11       68.75
   1001.72       40.75
    983.29       58.00
    991.57       46.50
    975.09       68.25
    985.19       51.25
    975.56       44.25
    999.38       38.25
    993.71       60.25
    986.20       56.50
    983.98       55.75
    970.69       55.50
    998.92       56.25
    993.70       58.25
   1003.94       74.25
   1020.00       26.25
    991.92       56.50
    989.07       46.50
    981.76       54.25
    995.43       62.25
    986.70       43.25
   1008.99       46.25
    989.28       51.75
   1000.90       29.50
    979.65       53.25
    984.02       50.00
    997.01       68.00
    987.08       59.00
    982.00       68.50
    984.85       49.25
   1012.07       82.00
    998.24       39.75
   1009.76       50.25
   1010.20       75.00
    990.52       45.50
    980.02       53.25
   1003.81       31.00
    996.75       56.50
   1005.32       61.25
    991.55       56.50
    999.92       38.75
    990.02       48.50
    992.27       73.50
    982.27       68.00
   1000.06       58.25
   1001.66       40.75
   1004.39       41.25
    965.74       56.25
    974.11       49.00
    988.49       55.75
    983.05       47.25
   1004.64       47.00
    997.52       41.25
   1005.76       54.25
    988.32       52.00
   1002.87       59.00
    996.42       76.25
    993.03       56.50
    987.40       73.50
   1001.40       27.75
    995.51       75.50
    993.03       70.75
    981.38       52.25
   1005.48       50.25
    984.23       66.50
    983.98       48.25
    999.07       44.00
   1004.59       75.00
   1002.44       31.50
   1004.86       39.75
    992.25       49.75
   1005.52       28.50
    980.65       55.50
   1021.12       64.00
    953.65       47.00
    988.18       48.25
    982.42       68.75
    980.39       71.50
    969.94       49.75
    961.26       56.25
    982.58       71.00
    996.14       56.00
    956.46       53.00
    987.68       53.50
    986.87       78.50
   1003.67       42.25
    999.82       75.25
    963.42       48.50
   1010.31       24.50
    985.42       72.00
   1008.67       29.25
    959.05       43.25
    984.49       65.75
    946.78       49.00
    955.51       48.25
   1004.88       31.25
   1005.08       38.75
   1011.24       34.00
   1006.82       57.75
    994.40       70.50
    985.19       61.50
    982.17       46.50
    993.70       76.00
   1005.93       85.50
   1007.40       36.50
    980.73       45.25
    965.23       48.75
    996.71       49.00
    981.15       66.50
    973.81       62.00
    972.78       59.75
    990.77       52.00
    969.37       50.50
    957.76       50.50
    991.82       63.50
    974.63       57.75
   1014.61       53.50
    966.92       43.00
    968.18       56.00
    973.63       57.50
    987.08       41.25
   1000.37       74.50
    966.38       52.00
    986.93       58.75
   1000.95       29.00
   1004.76       69.50
    990.40       42.00
    994.50       29.75
    989.75       73.50
    963.50       46.25
   1003.21       62.75
    987.40       50.25
   1008.22       79.25
    973.42       46.75
    999.92       34.50
    983.53       64.75
    990.05       80.75
    983.69       38.50
    975.62       61.00
   1001.82       42.75
   1004.77       25.75
    988.87       72.25
    987.32       44.50
    989.49       37.00
   1006.16       43.50
    980.55       71.00
    976.66       67.00
    970.70       48.00
   1000.81       36.25
    974.69       50.50
    997.87       50.00
    995.43       49.75
    989.83       59.00
    988.34       67.25
   1004.33       31.75
    981.23       57.00
    984.08       47.25
    993.68       56.25
    997.43       68.00
    976.85       71.25
    972.94       58.75
    993.46       61.50
    998.53       43.75
    991.45       63.75
    972.00       44.75
    991.40       43.75
    981.93       57.75
    988.84       57.50
    986.52       63.25
   1000.61       61.25
    984.81       49.00
    970.39       66.25
    987.39       70.50
    973.98       48.75
    991.54       64.25
    993.40       45.25
    984.97       50.25
   1007.52       69.00
    989.34       81.50
   1003.11       35.00
    987.56       55.25
    994.47       58.00
    968.69       59.75
    983.07       44.50
    981.27       56.50
   1000.12       36.00
    994.87       48.00
    998.13       42.50
   1004.83       63.50
    988.29       79.50
    965.02       49.75
   1005.01       33.25
    973.19       47.00
    987.22       43.00
    995.83       75.75
   1001.48       76.25
    996.60       65.25
    996.58       49.75
    976.86       66.50
    980.64       45.75
    986.96       77.00
    991.40       46.75
    971.55       41.50
    972.30       46.25
   1009.31       71.25
    997.54       40.25
    985.59       43.25
    999.31       59.75
    999.12       48.75
   1002.92       35.00
    991.24       31.00
    994.25       27.00
   1021.57       73.25
   1009.84       52.75
    997.64       76.25
    982.65       47.25
    975.54       59.75
    983.14       40.50
   1007.73       52.50
   1001.62       35.50
    998.24       32.50
    993.25       68.00
    983.34       68.00
   1000.78       47.75
   1005.59       62.75
    989.85       82.00
    995.49       46.75
   1011.36       39.00
    999.22       58.50
   1006.53       67.50
    993.03       53.25
    988.51       39.50
    992.36       38.50
    995.01       48.50
    998.23       62.75
   1000.98       62.50
    998.04       46.25
   1011.61       78.50
    993.86       45.75
    998.35       58.50
    979.54       46.75
   1007.15       65.50
    997.55       56.50
   1003.58       75.50
    973.70       44.50
   1001.48       30.00
    987.98       55.25
   1007.61       55.25
   1002.84       83.75
   1006.69       61.00
   1003.76       61.75
   1001.25       48.00
    989.21       55.50
    984.55       72.50
   1004.39       48.50
   1001.10       37.75
    990.78       50.50
    994.68       63.75
    993.78       68.75
    987.21       74.75
    987.93       45.50
   1014.03       70.25
    975.98       70.00
    982.49       73.00
    997.67       55.25
   1009.14       39.50
    997.38       37.00
    995.75       57.25
    988.71       51.00
   1003.79       28.00
    975.76       53.50
    995.93       54.75
    992.93       39.50
   1006.68       37.25
   1010.74       76.25
    996.22       83.75
    993.88       56.75
    994.33       56.00
    998.02       37.50
    994.96       46.75
    987.43       54.75
    999.16       85.75
    987.52       51.50
    978.12       69.50
    992.61       66.25
    997.86       50.25
    992.13       42.00
    996.47       50.25
    983.79       61.00
    986.37       59.00
    976.19       48.50
   1002.96       31.00
    989.29       43.25
    985.54       55.50
    982.71       43.75
    991.18       60.25
    962.34       57.75
    993.46       75.25
    980.34       50.50
    988.00       75.00
    983.36       44.75
   1005.42       78.75
    996.99       75.25
   1005.06       38.00
    990.71       52.25
    979.76       54.25
    994.74       56.75
    974.27       56.75
   1001.58       51.50
    988.69       36.25
    978.25       53.50
    967.57       53.00
    982.81       76.50
    980.73       72.75
    995.65       47.25
   1000.29       82.00
    974.34       41.50
    997.65       46.00
    980.05       48.25
   1011.72       46.25
    958.73       54.00
    960.17       40.50
    985.68       36.00
    980.10       77.75
   1006.01       32.50
    954.63       45.25
    984.90       64.25
    991.48       33.25
    981.97       54.25
   1002.34       58.50
    979.62       67.75
   1021.18       78.75
    982.54       58.50
    981.58       49.75
   1001.91       29.25
    970.61       62.50
   1005.23       70.00
    973.03       50.50
    978.08       43.50
    996.27       71.00
    995.05       40.00
   1005.48       28.50
    985.02       41.25
    968.74       42.50
   1015.93       81.75
    981.68       64.75
    996.78       52.25
    972.13       41.50
   1006.31       73.75
    980.36       39.75
    978.72       61.25
   1007.99       70.75
    998.10       47.75
    989.63       47.75
   1001.47       31.00
    983.98       54.00
    986.56       56.50
    970.51       39.75
    991.03       41.00
   1004.25       62.00
    987.42       72.00
    966.33       63.75
   1000.04       33.50
   1000.49       60.00
    957.70       48.00
   1002.42       59.50
    979.33       55.00
   1003.28       48.75
   1000.65       59.00
    980.29       63.25
   1023.22       71.25
    998.93       29.75
   1002.37       26.75
    988.36       38.00
    999.16       58.75
    976.47       64.75
    989.02       40.75
    996.32       72.00
    986.32       53.00
   1015.98       63.75
   1009.97       47.00
    985.59       50.50
    992.06       43.75
    994.11       44.50
    974.42       53.25
    989.77       64.25
    979.37       82.75
    999.39       44.00
    979.92       63.50
    997.39       55.75
    983.98       41.75
    966.11       58.50
    990.56       62.75
    985.12       40.25
    996.41       39.00
    983.27       40.25
    977.07       58.00
   1002.54       64.00
    962.09       73.25
   1002.71       29.50
    985.57       66.75
    993.47       42.25
    996.71       48.00
   1002.20       36.25
   1000.66       26.00
    992.57       62.75
    992.14       42.00
    991.54       50.25
    966.79       58.75
    965.12       62.25
    996.17       46.00
   1001.17       50.75
    980.95       66.25
   1004.44       32.00
    998.50       41.75
    984.41       47.75
    997.04       67.75
    992.10       80.00
    995.04       41.25
    994.06       55.75
    981.27       49.50
    992.50       57.25
    982.20       50.00
    990.98       64.50
    968.57       49.50
   1011.15       82.50
    980.07       69.00
    999.85       73.50
    999.35       34.75
    961.99       59.00
    992.75       56.00
   1001.49       37.25
    983.96       42.00
    992.17       77.75
    979.77       46.25
    995.86       52.00
    990.93       67.50
    982.44       74.00
    971.08       53.75
    995.87       53.50
   1017.29       62.50
    993.74       28.25
    999.77       26.50
   1002.25       38.00
   1006.37       42.75
    977.60       71.00
    975.52       48.25
   1008.33       30.75
    976.92       52.75
    991.15       60.50
   1006.33       55.50
    981.95       70.00
    995.26       54.25
    980.22       57.00
    997.91       45.75
    992.79       49.75
   1006.09       28.00
   1006.46       55.50
    994.41       73.50
    999.33       32.00
    983.80       51.75
    994.93       33.00
    982.51       49.00
    999.88       62.25
    997.64       57.50
    981.20       70.75
   1007.34       42.25
    991.64       61.00
   1005.03       27.50
    994.01       46.50
    995.55       46.00
    973.67       51.50
   1009.27       35.50
   1005.11       68.50
    991.72       76.50
    992.08       53.00
   1006.03       52.00
    984.22       62.50
    996.81       44.75
    988.36       78.75
    982.04       46.25
    990.60       72.25
    998.35       38.50
   1014.85       28.25
   1012.29       37.25
    999.34       70.25
    996.43       38.25
    996.08       56.00
    968.49       73.00
    983.06       43.25
   1020.80       61.25
    983.17       49.25
    966.38       52.75
    991.82       70.75
   1009.06       26.75
    987.40       56.50
    949.74       58.25
   1000.14       32.00
   1016.01       75.25
    944.70       59.50
    972.19       56.00
   1013.23       59.00
   1001.20       68.00
    988.05       49.25
   1003.38       26.00
    997.36       54.25
    992.26       74.00
    977.37       47.00
    955.88       63.50
   1004.47       76.75
    981.28       61.25
    995.26       83.00
    997.01       63.75
    976.21       52.00
   1011.05       32.00
    954.70       64.00
    972.29       42.00
    999.01       56.50
    996.81       81.75
    951.40       60.50
    978.38       60.50
    962.74       75.75
   1004.28       31.75
    988.06       49.25
   1005.22       32.75
    992.40       55.75
    970.04       62.00
    988.06       79.25
    982.54       45.50
    979.91       42.75
    999.67       31.75
   1014.99       40.25
    972.11       64.25
    989.26       51.00
    999.27       37.00
    971.69       56.75
    990.03       73.25
   1006.75       29.00
   1000.93       57.25
    975.18       55.75
    999.17       51.75
   1003.32       41.75
    991.46       58.00
    984.45       63.50
   1004.54       29.25
    980.93       41.75
   1005.94       27.00
   1008.55       51.25
    991.31       66.25
    980.27       54.50
    958.48       50.50
    985.01       61.75
   1002.75       30.00
   1003.14       61.25
    979.93       66.75
    977.80       79.75
   1015.43       41.75
   1003.62       29.75
    993.91       64.25
    971.33       75.00
    967.22       52.25
    965.32       49.25
    974.68       70.50
    985.50       46.25
    991.59       43.75
   1008.73       57.75
   1009.19       51.00
    979.43       69.75
    991.37       62.25
    994.31       40.50
    965.32       56.25
    985.54       44.75
    960.39       44.25
   1003.85       38.50
    998.72       66.00
   1013.55       78.00
    992.00       44.00
    957.52       71.00
    970.36       51.00
    993.56       38.25
    998.76       33.00
   1001.36       43.75
    992.56       71.50
   1009.18       70.75
   1000.65       33.75
    987.42       77.50
    994.74       48.25
    961.88       47.00
    998.27       44.50
    985.78       51.25
    992.78       64.00
    977.30       58.25
   1011.93       56.50
    990.21       51.25
    958.95       68.50
    961.51       83.50
    996.59       58.25
    982.42       60.50
    995.30       81.25
    975.58       53.75
    956.17       48.50
    969.48       40.50
    997.44       33.00
    986.82       83.75
    988.75       68.25
   1002.91       32.50
    969.23       37.00
    994.28       59.50
    997.74       47.25
    973.01       76.25
    972.15       43.00
    989.16       71.00
    982.12       84.00
    988.01       46.75
    968.67       70.00
    986.05       72.00
    988.94       59.75
    997.93       30.75
    959.63       60.00
    971.76       51.00
   1003.10       71.25
   1009.53       32.75
    966.61       57.50
    989.27       56.50
    996.72       74.00
    974.07       49.50
    994.00       69.50
    990.91       56.25
    996.49       56.75
   1010.35       40.75
    998.03       78.25
   1002.62       31.50
   1001.80       28.00
    982.86       65.75
    991.84       54.50
    995.60       48.50
    975.14       63.75
    994.58       49.50
    999.46       52.25
    987.23       50.75
    993.10       48.50
   1007.75       27.75
   1000.72       58.00
   1004.01       50.00
    998.99       29.00
   1004.16       69.50
    990.59       51.00
    990.58       48.75
   1007.59       34.00
    983.25       57.25
    980.39       47.00
    980.97       59.25
   1009.96       73.75
    982.24       61.25
    993.10       43.25
    983.69       52.25
    991.50       45.00
    966.92       57.25
    973.56       63.50
   1006.65       76.75
    997.55       34.75
    989.34       58.00
    986.70       37.75
    986.22       71.00
   1011.89       53.00
    983.10       59.25
   1015.18       29.50
    981.02       59.50
    987.66       49.25
    983.92       66.50
   1000.04       32.75
    990.49       54.50
    986.12       51.50
    999.66       47.75
    986.12       72.00
    998.00       53.50
    983.23       62.75
    980.62       42.50
    997.41       31.00
    996.28       68.75
   1003.19       72.50
   1016.30       29.50
    999.18       85.00
   1000.12       32.00
    982.27       59.25
    993.61       60.25
    988.42       47.50
    983.80       73.75
    992.20       67.75
    990.62       54.50
    976.67       52.50
    979.29       42.75
    982.89       58.00
    989.50       66.25
    987.96       60.00
    985.29       49.75
    996.54       73.50
    991.96       61.00
    990.18       46.75
    989.40       49.00
    981.18       42.25
    984.25       66.50
    985.88       68.25
    996.51       82.25
   1007.96       33.25
    997.31       42.25
    986.51       50.00
   1002.32       78.50
   1002.69       32.50
    978.32       62.00
    991.40       45.75
    999.24       28.50
    974.80       69.00
    976.77       63.00
   1000.81       38.75
    986.55       62.50
    960.86       46.75
    971.46       57.75
    975.06       60.75
    965.48       63.75
    959.06       57.00
   1015.10       33.75
    997.41       35.25
    998.35       46.50
    976.34       59.50
    966.45       66.00
    980.42       48.50
    978.51       64.50
    976.63       41.50
    991.93       75.75
    968.71       44.25
    982.95       63.50
    970.39       55.75
   1009.70       23.00
   1004.17       59.00
    982.25       45.75
   1006.54       35.00
    992.12       47.75
    946.33       53.75
   1004.49       44.75
    989.83       50.75
    980.81       62.00
    992.40       82.00
    976.37       48.50
    990.17       50.75
    987.83       46.00
    972.12       48.50
    996.60       54.00
    991.98       69.75
    992.14       50.25
    993.09       50.50
   1004.33       45.00
    976.25       63.00
   1000.83       37.75
    985.95       61.75
    970.62       56.00
    992.82       47.25
    992.26       73.75
   1001.65       78.00
    957.68       41.25
    993.28       31.75
    989.59       54.25
    975.28       58.25
    972.85       48.50
    990.84       32.00
    999.17       30.00
   1004.26       71.75
    999.48       40.25
    996.04       49.25
    996.63       66.75
   1001.61       50.25
    978.20       40.25
   1000.83       37.25
    989.44       54.50
    984.59       68.75
    982.90       69.00
    980.78       66.00
   1006.33       31.25
   1002.03       29.00
    999.19       38.25
    995.70       49.50
    990.39       61.75
    991.78       76.25
    989.88       59.50
    967.19       59.00
   1004.02       63.50
    993.02       60.50
    997.03       37.75
    973.43       40.50
    979.75       54.00
    962.30       58.25
    949.46       40.50
    980.69       74.75
   1005.90       44.25
   1013.73       47.00
    974.91       57.50
    976.90       73.75
    995.24       47.00
    989.08       64.00
    980.75       70.50
    992.08       49.50
    995.21       38.50
    982.97       50.25
    981.79       52.75
    984.82       37.00
    999.62       46.50
    996.43       31.00
    988.36       60.50
    984.48       32.75
    999.95       35.00
   1005.35       48.00
    995.21       74.75
   1004.49       43.00
   1003.80       83.00
    983.39       63.00
   1006.03       29.25
    993.63       42.00
    972.26       47.25
    995.62       54.00
    986.16       60.00
   1006.92       34.00
    992.90       42.50
   1002.84       34.00
    985.10       57.75
    980.90       61.50
    982.65       55.75
   1005.46       65.25
    983.94       60.25
   1000.78       47.25
   1000.51       29.00
    972.13       55.25
    985.81       55.50
    977.68       65.75
    989.31       62.50
    985.82       82.75
    998.61       30.50
   1002.18       34.50
    979.11       76.00
    992.60       40.00
    978.24       44.25
    997.26       73.25
    997.83       35.25
    998.33       41.25
    970.18       53.00
    996.70       33.75
    976.96       52.75
    998.08       29.25
    991.43       72.50
    977.46       66.50
    993.31       47.25
   1005.71       27.75
    983.67       54.50
   1004.31       46.00
    993.00       47.50
    995.32       52.75
    974.79       55.50
    988.06       59.50
   1009.29       77.75
    986.27       57.50
    985.78       51.50
    985.50       51.25
    997.14       45.00
   1003.57       68.50
   1011.52       26.50
    997.23       55.50
   1003.35       68.25
    999.06       30.75
    989.16       45.00
   1007.12       70.50
    985.58       40.25
   1000.68       35.00
    988.96       47.00
    996.99       40.00
   1008.44       35.75
    997.68       36.50
    985.39       40.75
   1010.43       47.50
    997.97       81.75
    996.92       34.75
    981.60       61.50
   1015.81       73.25
    984.27       48.50
    989.07       73.50
    956.16       46.50
   1005.34       50.50
   1019.51       71.50
    996.21       44.75
    994.32       48.00
    994.87       60.25
    997.45       50.50
   1001.37       63.75
    994.49       51.75
    967.26       53.50
   1003.23       53.50
   1001.84       40.00
    988.87       76.25
   1002.42       28.25
    985.91       36.50
   1001.39       59.50
    995.89       66.50
    989.43       58.50
   1010.34       66.50
   1000.76       43.00
   1005.06       43.75
    976.47       57.75
    996.14       82.00
    978.99       41.50
    996.77       52.00
    996.15       57.00
    999.90       33.00
   1000.20       59.75
   1007.63       41.25
    985.03       48.00
    995.66       50.00
    996.59       33.25
    981.15       54.25
    978.92       51.50
    986.39       46.25
    985.05       42.75
   1001.97       76.00
    990.93       61.00
    990.36       51.50
    991.32       33.75
    990.03       51.00
    985.14       52.75
    991.26       41.25
    997.00       44.75
    979.28       79.75
    975.74       58.75
   1002.56       38.25
    982.06       53.50
    978.15       48.00
    991.57       59.50
    987.54       64.75
   1002.05       28.75
    986.03       69.75
   1003.12       76.25
    988.26       60.50
    998.98       40.50
    998.74       42.25
   1004.04       36.50
   1002.13       52.25
    998.60       38.50
    976.48       43.25
    976.82       61.50
   1009.62       59.00
    998.50       84.25
   1003.26       74.50
    991.82       68.25
    971.28       49.50
   1003.66       27.75
    994.04       74.25
    961.26       54.00
    977.63       54.75
    994.30       57.75
    959.19       61.50
    990.39       47.00
    995.85       32.50
    995.90       57.00
   1002.56       45.75
   1005.47       64.25
    950.16       47.75
    988.15       54.50
    997.95       45.00
    973.66       51.25
    974.06       49.00
    997.95       71.00
    993.25       58.00
   1001.06       80.75
   1007.62       30.75
   1001.43       48.00
    995.84       36.50
    976.59       47.75
   1003.90       46.00
   1010.15       69.25
    994.01       36.75
    968.87       62.25
    986.01       57.50
   1001.67       70.50
    985.70       56.75
    985.30       73.25
    985.48       57.50
   1012.74       45.25
    991.73       34.75
    991.79       43.25
   1002.57       69.75
    999.40       45.25
    968.25       50.25
    980.51       53.50
    980.02       54.00
    990.68       75.75
    984.69       70.00
    977.19       63.00
    994.79       36.00
    987.88       58.75
    987.79       50.75
    986.97       52.25
    995.99       37.25
    998.66       55.00
    999.78       80.00
   1000.72       61.50
    994.73       75.75
   1012.63       68.50
    993.16       48.75
    985.23       41.75
    991.77       44.25
    969.74       59.50
   1011.72       79.25
   1011.93       26.50
    984.48       42.00
    992.22       74.75
   1001.92       56.50
   1000.04       28.25
    971.85       66.75
    993.07       64.00
    963.01       57.75
   1014.55       46.50
    981.63       50.00
    969.98       42.50
    991.73       52.25
    991.52       42.00
   1001.19       64.25
    999.29       83.00
    965.90       67.25
   1004.62       26.75
    977.45       59.50
    996.54       68.00
    991.60       43.00
    990.42       48.50
   1003.09       53.50
    968.12       51.50
    982.30       53.75
   1007.05       64.50
   1000.96       27.50
    981.11       56.25
   1003.79       57.50
   1002.74       32.25
   1010.93       26.75
   1009.49       48.75
    980.37       49.25
    979.84       58.75
    999.46       48.50
    985.47       55.00
    983.60       53.75
    988.99       53.00
    997.16       32.25
   1001.17       72.25
    973.20       82.00
    990.83       36.50
    992.00       33.75
    990.06       37.50
   1000.93       29.50
    971.07       59.50
    980.32       60.50
   1001.61       74.00
   1007.32       36.75
   1001.64       49.25
   1005.52       59.75
    969.75       61.50
    986.20       54.00
    978.91       62.00
   1009.55       59.50
    982.31       70.50
   1010.02       76.50
    986.82       58.50
    996.66       66.25
    973.43       39.00
    982.25       77.50
   1003.57       28.00
    993.20       51.00
    986.43       66.75
    986.35       58.75
   1003.42       55.75
    975.98       61.25
    997.42       40.75
    985.45       68.00
    965.74       55.75
    990.10       65.50
    985.52       74.50
    993.60       39.50
    988.23       74.50
   1004.05       41.00
    994.46       53.75
    985.22       79.00
    979.37       58.75
    992.52       54.75
    980.96       50.50
    966.99       59.00
    998.84       30.50
   1010.84       33.75
    976.30       65.00
    990.83       52.50
    997.57       45.00
    998.47       84.75
    986.96       66.25
    999.93       30.50
    993.10       63.50
    990.08       55.50
    981.77       55.75
   1000.27       44.50
   1012.77       44.50
    992.89       53.00
    992.74       56.25
    987.12       54.75
    988.99       42.00
    979.17       50.00
    999.92       33.00
    996.49       42.75
    991.89       65.50
    984.31       46.75
   1003.49       50.75
    977.79       50.00
   1002.54       40.75
    977.90       57.25
    997.51       32.25
    994.24       55.00
    998.40       83.00
    988.39       51.75
    984.26       59.00
    976.46       47.25
    986.70       51.00
   1004.41       31.75
    995.08       51.25
    989.98       77.50
    980.71       60.25
    990.91       53.50
    987.01       74.50
    989.21       57.25
    998.17       53.75
   1002.35       44.00
    977.89       67.25
    980.82       51.00
    988.88       41.25
    978.12       58.75
    988.88       80.75
    994.37       57.25
   1011.00       54.00
    990.44       54.75
    987.37       29.50
   1003.22       35.00
    978.97       59.50
    966.13       55.50
   1000.36       35.75
   1003.52       39.00
    985.19       53.25
   1008.78       35.25
   1009.79       44.00
    998.16       50.75
    994.27       48.50
   1004.34       58.00
    995.04       41.25
    993.42       48.25
    997.65       68.50
   1001.89       34.75
    954.79       51.25
   1001.84       48.50
   1011.03       66.75
    984.98       66.25
    994.06       41.50
    992.49       66.50
   1003.43       47.00
    998.84       70.50
    995.66       55.75
    988.78       58.75
    961.83       75.50
    991.92       35.75
    984.66       76.25
   1004.02       33.75
    961.88       48.00
   1000.00       53.50
    990.64       35.00
    998.27       71.00
    983.73       56.50
   1005.28       31.00
    989.29       46.25
    968.24       55.50
    994.76       59.00
    984.86       74.50
    989.29       63.00
    985.35       76.75
    998.07       36.50
    990.73       45.00
   1005.88       31.00
    991.83       61.75
   1004.57       77.00
    985.11       43.75
    988.09       45.75
    974.95       57.50
   1006.69       56.50
    977.84       57.75
    975.61       45.00
    971.62       61.25
    986.42       53.25
   1005.84       34.50
    992.88       68.25
   1003.86       32.00
    999.33       64.25
   1001.46       49.00
    978.80       53.00
   1001.32       57.50
    991.07       64.75
    962.00       48.00
    995.66       70.00
   1000.41       52.75
    984.05       70.25
    966.42       47.00
   1001.19       69.00
    977.29       63.00
    981.43       64.75
    983.05       59.00
    970.12       48.00
    964.01       48.75
   1000.81       35.50
    988.11       72.50
   1001.79       72.25
    986.28       59.75
    959.26       48.50
    987.98       58.50
    989.95       38.75
    998.35       40.75
    998.59       62.00
    962.11       50.50
    987.29       51.75
   1003.58       29.00
    972.32       47.75
    967.21       62.25
    974.90       54.50
    998.68       42.50
   1004.14       28.25
    988.72       51.25
    982.71       45.75
   1013.13       79.00
    977.07       59.75
   1000.62       26.75
   1007.79       38.75
    994.61       44.25
   1000.28       67.25
   1003.82       41.00
    980.70       52.50
    972.08       43.00
    995.31       57.75
    954.55       56.25
    986.24       54.00
    981.34       52.75
    995.14       54.00
    995.28       83.25
    991.26       62.50
   1014.09       67.00
   1002.75       55.25
    997.50       37.25
    969.12       51.00
   1000.62       36.50
   1017.07       58.75
    989.00       37.25
    974.98       57.50
    972.38       83.50
    983.42       66.50
   1005.42       57.25
    980.09       51.00
    993.21       66.00
    983.05       72.75
   1003.31       30.00
    990.30       44.50
   1005.40       28.75
   1003.08       36.50
   1001.76       48.25
    998.44       64.50
    989.95       39.00
    982.99       47.50
    963.26       53.00
   1005.89       33.25
    976.46       68.00
    997.94       38.50
    995.45       27.00
    985.13       69.75
    994.44       48.50
    985.84       59.25
    998.41       62.75
    978.24       38.00
    996.44       78.00
    989.31       73.50
    983.51       48.50
    991.28       47.25
    983.08       40.00
   1008.71       71.50
    998.73       46.50
    998.14       42.50
   1002.18       42.00
    978.98       73.50
   1000.86       27.50
   1010.78       55.75
   1008.80       27.00
    989.44       58.75
    995.89       64.50
    985.38       66.50
    980.61       50.00
   1005.57       37.00
   1008.65       39.50
   1000.23       35.50
    972.76       47.25
    988.09       66.25
    983.41       51.50
    986.96       48.25
    998.14       59.25
    997.99       68.25
    989.43       41.75
    989.50       43.50
    999.66       36.25
   1013.18       63.25
   1003.89       42.75
   1001.68       37.00
    995.47       31.75
    999.79       63.25
   1014.75       68.00
    989.73       47.25
    986.00       47.75
    989.63       44.00
    979.96       40.50
   1008.35       63.00
   1004.93       45.75
   1003.64       71.25
    979.78       54.50
    977.01       48.75
    999.00       50.50
    992.40       66.00
   1001.31       38.25
    994.81       66.50
    983.30       46.25
    997.93       55.50
   1003.96       39.50
   1008.27       33.25
    988.93       66.25
   1008.78       40.00
    998.27       58.25
    998.88       56.50
    985.07       45.00
   1000.60       37.25
    994.04       55.00
    995.67       73.75
    976.15       52.50
   1003.60       69.00
    996.29       57.00
    971.35       55.50
    981.23       52.75
    989.44       66.25
    999.81       34.75
   1012.04       71.50
    989.35       56.50
    986.45       47.25
    999.85       81.25
    993.76       65.00
    995.88       48.75
   1003.36       31.00
    986.50       45.25
    993.49       47.00
   1003.90       76.50
    986.86       45.25
   1007.88       55.00
    993.31       68.50
    964.14       75.00
    999.61       37.50
    996.87       67.50
   1009.31       50.50
    978.63       77.50
    987.54       59.75
   1009.23       39.75
    964.53       50.50
    960.51       48.75
    979.90       51.50
    992.73       80.75
    991.17       57.00
   1000.95       78.50
    951.47       73.50
    975.65       48.75
    976.18       48.50
   1009.33       34.00
    993.62       54.50
    975.64       80.00
    966.41       76.50
    970.47       42.50
   1007.98       65.00
   1012.92       29.25
    999.33       49.00
    981.88       49.50
    967.27       45.25
    996.27       34.75
   1003.39       31.50
   1001.45       55.50
    981.83       63.50
    990.43       57.50
    960.57       76.75
   1010.04       29.00
   1000.66       59.50
    994.76       78.00
    997.63       54.00
    938.37       48.50
    998.57       42.25
   1005.97       28.50
    983.58       48.50
    984.42       37.25
   1015.49       60.00
    988.14       47.50
    956.45       52.75
   1006.57       26.25
   1006.19       42.75
    967.36       82.50
   1003.98       26.00
    983.35       39.50
    983.96       50.25
    979.59       83.75
    963.27       74.00
    966.40       51.25
   1004.40       31.00
   1004.40       44.25
    985.72       73.00
    995.97       38.50
    963.84       42.25
    984.02       52.00
    996.13       75.50
    976.29       53.75
    969.77       46.25
    952.26       68.00
    981.34       41.50
    986.34       67.00
   1006.96       25.75
   1019.43       40.50
    989.13       60.75
   1002.10       49.75
    995.75       47.00
    998.62       38.25
   1006.42       50.25
    963.43       59.75
    991.76       74.50
    996.34       58.50
   1007.12       28.50
   1011.28       31.50
    967.28       53.50
    975.61       53.75
    982.15       56.00
    983.10       75.25
    966.91       56.50
    964.94       49.75
    968.87       60.25
    993.81       60.50
    995.07       40.50
    979.48       68.50
    983.45       61.75
    990.31       85.00
    939.36       57.25
    969.36       60.25
    991.23       48.75
   1007.05       31.50
    981.30       82.25
    985.36       54.50
    993.72       57.25
    965.03       63.25
    971.69       57.50
    969.39       54.75
    992.64       44.25
    995.40       84.25
    996.24       49.75
    988.92       51.75
    980.63       63.25
    975.75       67.00
    985.43       46.75
    961.50       64.50
    972.98       79.50
    995.12       83.75
    981.23       64.75
    991.57       52.75
    999.51       52.50
   1000.64       55.50
    989.91       44.75
    995.80       53.00
    987.88       75.50
    996.29       34.00
   1004.23       61.00
   1000.15       38.00
    984.68       47.50
    970.88       73.00
    970.12       53.00
    977.71       63.25
   1001.28       72.75
    985.23       41.25
    989.75       67.75
    967.34       63.25
    967.54       71.25
    978.40       58.25
    991.30       65.25
   1006.54       38.50
    969.57       63.25
    991.22       48.00
    981.18       59.00
    985.43       78.00
   1001.31       35.50
    974.95       62.25
    983.14       62.50
    988.12       79.25
    992.17       37.25
    991.48       64.25
   1006.21       43.00
   1008.54       49.50
    976.78       49.75
    986.75       46.75
    999.41       61.75
    982.21       51.75
    993.76       75.00
   1001.53       81.75
    994.01       77.25
   1001.42       67.50
   1008.55       47.75
    981.42       44.50
   1000.54       63.50
    999.34       75.25
    973.74       48.75
   1000.48       67.75
    976.47       66.75
    993.18       35.75
   1003.40       43.25
    991.18       52.25
   1006.44       64.75
    981.55       76.00
    996.00       52.75
   1000.02       30.50
    998.15       50.50
    996.23       62.00
    993.99       29.75
    972.06       48.25
   1008.64       31.00
    996.47       77.00
   1002.15       37.00
   1005.00       44.50
    998.71       62.00
   1016.62       38.25
    993.02       40.25
    995.46       35.75
   1011.40       59.50
    985.45       60.50
    985.65       42.75
    976.78       43.50
    985.38       67.25
   1003.51       60.25
   1005.55       55.25
    981.84       77.50
    998.27       46.25
    983.88       59.50
   1004.49       38.25
   1009.50       46.50
   1000.95       36.00
    992.42       53.50
    969.58       47.25
   1003.84       28.00
    996.59       65.25
    987.75       42.50
    991.36       57.25
    986.60       74.00
    994.88       61.50
   1000.93       81.75
    993.99       48.75
    982.26       53.00
    986.02       60.00
    983.05       61.25
    974.28       56.50
    989.80       84.25
    995.54       53.75
    999.99       58.50
   1005.14       29.75
   1006.65       28.00
    999.79       55.25
   1007.12       32.00
    994.00       37.50
    995.29       29.50
   1008.11       61.25
    989.78       53.25
    988.01       60.00
    996.16       50.00
   1005.90       66.00
    992.78       37.00
    972.74       57.75
    997.47       48.75
    997.79       83.75
    994.64       46.75
    983.87       59.50
    986.22       56.50
    998.40       49.50
    978.56       71.50
   1007.33       49.00
    984.12       68.75
    990.31       49.50
    997.99       39.75
    996.83       53.25
    945.48       68.50
   1020.16       65.00
    977.73       82.75
    980.50       52.75
   1007.61       44.00
    992.29       38.25
    983.81       51.00
    999.80       61.00
   1000.18       35.75
    988.41       44.25
    988.44       77.75
   1008.76       79.25
    966.81       63.00
    973.25       85.00
    966.54       63.25
    963.71       53.25
    971.20       74.75
    988.38       40.75
    985.70       61.00
   1003.73       27.50
    965.13       56.25
    987.42       79.00
    966.59       47.00
    981.58       53.50
   1008.00       49.25
   1007.97       26.75
    994.05       53.75
    995.91       82.00
    966.44       61.50
    963.20       53.75
    980.94       57.50
    969.25       73.00
    965.05       50.75
    993.58       53.50
    992.45       72.75
    986.01       53.75
    982.06       69.00
    987.04       63.75
    988.19       63.00
    982.16       45.75
    996.22       78.00
    995.99       37.00
    990.34       44.00
    962.11       59.50
    980.68       45.50
    951.87       52.00
    969.38       53.50
    989.50       50.25
    996.83       79.25
   1003.11       68.75
    988.67       72.75
    964.64       49.50
    989.81       78.75
    982.59       54.25
    981.39       78.75
    978.96       49.25
   1005.53       59.75
   1008.68       35.00
   1002.32       68.00
   1001.20       69.75
    977.63       40.75
    956.07       50.00
    982.39       45.75
    989.70       35.25
    954.44       53.75
    984.75       54.50
    983.14       52.50
    984.91       49.25
    993.24       45.75
    986.55       55.00
    984.47       39.00
    950.40       46.75
    981.90       57.25
    999.85       30.75
    991.39       52.50
   1016.34       27.75
    984.84       49.00
    963.11       40.50
    967.99       57.00
    978.62       74.00
    997.13       57.00
   1000.88       57.00
    995.05       49.75
    996.59       64.25
    970.83       50.75
    997.72       45.75
    978.85       50.50
    986.21       60.25
    989.68       59.75
    993.37       59.50
    988.10       42.00
    975.41       53.75
    966.52       66.25
   1004.94       49.50
    981.23       50.25
    986.00       62.25
    997.51       29.25
    983.60       53.50
    997.11       69.75
    990.70       60.25
    981.07       52.00
   1011.83       76.50
    986.90       41.50
    997.10       79.25
   1001.64       65.00
    982.93       37.50
    987.27       50.50
   1003.36       66.75
    985.56       49.50
    998.10       48.75
    972.22       48.75
    995.39       41.75
    992.65       56.00
    995.82       76.25
    986.39       45.75
    992.55       60.25
    973.43       48.50
   1010.77       63.75
    974.73       47.75
    988.15       53.75
   1005.11       41.75
    990.41       60.50
   1004.93       68.00
    999.40       84.75
   1007.28       65.00
    997.71       30.00
   1004.26       28.25
    988.91       61.75
    980.86       49.25
    987.21       45.50
   1003.95       31.75
    980.92       57.00
   1007.31       39.25
    995.59       38.50
    991.59       67.50
    986.71       74.25
    988.93       49.25
    970.39       69.75
    982.98       57.75
    992.49       55.50
   1003.41       46.25
   1003.99       86.75
    991.83       59.50
    988.06       50.75
   1000.09       78.50
    995.90       50.00
   1002.65       28.50
   1005.83       50.50
    996.41       58.25
    993.90       37.00
    982.65       55.50
    999.63       32.75
   1006.23       45.00
    998.69       68.75
    999.85       49.75
    996.31       70.00
    988.62       47.50
    986.91       65.25
    998.01       76.75
    980.97       51.25
   1003.25       42.75
   1001.07       36.75
    985.61       50.25
   1005.48       31.25
    973.47       62.75
    990.66       45.00
    992.52       49.00
    993.33       50.00
   1013.21       30.75
    990.45       34.75
   1007.70       58.00
    980.90       74.00
    986.90       56.50
   1005.42       76.25
   1003.65       46.25
   1002.39       69.75
   1019.31       32.25
    984.77       52.25
    997.63       50.50
    988.13       51.50
    995.84       67.50
    971.14       51.00
    994.61       41.50
    993.28       48.25
    998.56       68.50
    976.55       79.25
    995.47       33.00
    984.33       56.00
    989.10       51.00
    986.42       54.50
    993.96       47.25
   1004.40       43.75
    992.39       43.25
    966.50       78.00
    969.36       49.00
    996.17       68.00
   1004.91       27.75
    976.53       80.75
    997.72       45.50
    992.12       46.25
    985.01       60.25
   1014.46       42.50
    990.53       71.75
    974.80       39.25
    976.24       61.75
    986.51       38.25
   1014.70       69.00
    994.97       45.25
    985.70       61.75
    957.40       52.50
   1012.47       68.25
    989.23       42.00
    991.09       41.00
    983.98       59.25
    990.21       39.00
    968.80       45.75
    993.62       72.00
    995.77       56.75
    970.43       52.00
    969.47       44.75
    963.46       52.75
    992.17       60.25
    997.94       73.00
   1002.12       63.50
   1004.85       69.50
    996.23       62.00
    981.43       62.75
    997.20       48.75
    986.14       54.50
    970.52       58.25
    983.27       48.25
   1006.58       33.00
    992.28       59.75
    988.74       54.50
    996.98       38.25
    996.98       71.25
    991.88       46.50
   1004.42       33.25
    976.62       43.50
    968.80       53.50
   1002.54       78.50
    999.59       36.75
    982.05       55.25
    995.35       51.75
   1002.40       58.00
    988.64       46.75
    968.79       51.50
    944.89       49.50
   1005.32       25.50
    989.37       46.50
    997.51       73.75
    961.92       49.25
    957.69       43.75
    995.56       63.50
    960.52       52.50
    983.62       51.75
   1003.98       49.25
   1015.32       74.50
   1000.78       51.25
    949.95       51.00
    990.17       40.50
   1009.26       77.25
   1019.22       71.25
    994.34       37.50
    992.63       55.50
   1002.78       27.00
    976.92       57.75
   1001.21       54.50
   1001.94       37.50
    998.25       58.00
   1009.28       25.00
    992.53       47.00
    994.88       60.25
    995.30       77.75
    997.17       36.75
    983.28       42.00
    965.59       47.00
    997.05       64.75
    972.81       58.50
    984.64       56.00
    985.73       73.00
    992.29       58.75
    991.88       51.50
    997.64       75.00
    998.75       42.25
    999.68       28.25
    993.95       60.25
    980.98       49.75
    985.57       58.00
   1003.44       37.50
   1004.53       61.00
    996.56       43.25
   1000.21       75.00
    991.86       45.75
    980.96       76.00
   1011.35       55.25
    983.60       49.25
    990.46       44.75
    997.14       51.50
    991.93       37.50
    998.03       40.00
    998.65       51.00
    981.20       66.75
    983.10       64.50
    947.89       50.50
    988.05       54.00
    992.77       73.75
   1004.52       28.00
    980.29       55.75
    989.03       41.75
   1003.15       50.00
    998.06       33.50
    997.76       39.00
    975.66       50.00
   1000.03       39.25
    970.32       61.75
    977.69       58.50
    991.11       68.00
    990.93       42.50
   1000.79       29.75
    996.70       47.75
    967.33       62.50
   1001.28       72.25
    976.30       67.25
   1008.98       44.25
    983.42       54.50
    992.60       47.25
    993.39       78.50
    995.77       42.25
   1006.97       32.75
    991.11       70.00
    994.64       47.50
    987.92       43.75
    993.55       50.00
    982.64       51.25
    974.38       64.75
    994.99       57.50
    990.65       75.00
    984.99       59.00
    993.03       55.25
    988.06       40.25
    971.69       46.00
   1014.19       34.25
    995.14       58.75
    996.05       64.25
   1008.40       35.75
    979.38       63.75
    992.29       43.25
    997.04       58.25
    984.67       63.00
   1007.36       33.75
    996.51       72.75
    985.98       62.50
    994.72       57.50
    990.30       50.00
    999.23       35.75
   1002.75       31.00
   1002.21       43.25
   1000.44       58.50
   1003.29       56.50
   1005.00       36.50
   1008.38       34.75
    994.91       57.00
    977.29       63.00
    990.26       33.25
    998.38       54.75
   1009.26       65.00
    992.10       48.25
    990.14       63.50
    977.05       58.50
    988.22       77.00
    965.59       44.50
    995.92       52.25
    985.97       65.75
    984.45       61.25
   1000.49       80.00
    989.75       68.25
   1004.04       33.75
    992.17       60.00
    989.41       52.25
    976.36       60.75
    994.85       54.25
    994.25       61.00
   1002.36       28.00
    997.26       45.75
    985.46       60.50
   1018.17       27.75
   1001.67       41.50
    988.11       62.25
    991.71       50.50
    991.20       51.50
    986.22       58.00
    999.60       59.50
   1001.26       34.25
    988.63       54.75
    990.42       58.50
   1012.45       26.75
    982.32       48.50
    990.45       39.75
    992.45       61.75
   1001.82       50.25
    999.35       29.50
    996.10       43.75
   1010.28       40.00
    987.37       55.00
    994.55       36.00
    993.47       76.00
    998.11       35.75
    977.57       54.00
    998.14       50.25
    993.57       33.50
    971.57       59.25
   1002.01       41.25
    986.82       53.50
    990.70       61.50
    999.91       38.00
   1006.11       73.25
   1005.33       47.25
    996.65       40.25
    980.59       80.25
    993.70       45.25
    999.81       26.00
    995.08       48.00
    985.15       56.75
   1000.73       43.00
    995.95       49.00
    983.44       47.75
    998.35       31.50
   1008.07       29.00
    991.96       53.25
   1008.76       35.00
    964.39       48.25
    989.67       78.50
   1003.98       61.25
   1016.71       63.50
    948.76       55.75
   1008.65       68.25
    955.83       61.00
    985.03       76.25
    956.67       64.00
    959.37       71.50
   1004.21       59.50
    968.78       71.00
   1004.72       40.50
    963.22       40.25
    957.87       47.00
    965.10       63.50
   1007.51       46.25
    991.44       58.25
    961.88       59.50
    966.16       70.50
    966.21       51.25
    977.64       41.50
    979.21       41.75
   1007.09       31.25
   1007.74       35.25
   1005.31       31.00
    983.48       64.25
    958.66       63.00
    990.71       49.50
    976.54       58.75
   1010.05       29.00
    977.84       64.50
    973.09       60.50
    977.55       50.75
    977.73       44.50
   1010.56       31.75
    976.59       62.75
   1005.85       66.25
    978.64       59.75
    998.30       77.75
   1003.26       59.25
   1005.04       29.75
    962.89       45.00
    994.74       50.50
    964.77       65.50
    976.94       77.50
    998.55       44.25
    997.34       43.75
    988.23       74.00
   1013.50       37.75
    958.63       56.00
    989.57       46.50
    964.11       51.00
    953.99       41.25
    986.69       60.75
    997.12       74.75
    997.11       40.25
    987.26       40.50
    971.16       43.75
    970.55       72.00
    977.89       75.75
    996.59       83.50
    985.30       50.25
    982.34       47.25
    996.67       47.75
    961.83       47.25
    994.99       59.00
    989.82       43.25
   1005.24       47.75
    986.88       71.25
    999.99       43.75
    996.41       40.00
    968.87       59.75
   1003.71       47.00
    986.37       69.00
    971.22       64.50
   1005.59       34.00
    971.72       70.75
    994.31       61.75
    998.34       65.50
    966.86       57.75
    992.37       57.25
    979.71       45.00
   1002.23       33.25
    985.29       51.75
    969.68       53.75
    998.61       31.00
   1006.95       51.75
    979.07       75.50
    958.85       82.00
    979.56       75.25
    985.79       59.25
    974.41       51.00
    982.28       65.00
   1015.35       46.25
    984.30       66.75
    989.09       49.25
    974.24       47.75
   1007.02       36.50
    989.90       47.25
    988.62       54.00
    982.91       81.25
    964.62       66.25
    998.67       44.00
    967.82       52.50
    958.73       80.00
   1005.36       60.75
    994.31       60.75
   1018.39       35.00
   1002.63       27.75
    999.36       63.25
    983.65       41.25
   1005.87       32.75
    972.15       51.75
   1005.57       44.25
    990.95       43.00
    970.55       71.00
   1009.63       45.00
    979.52       52.50
   1003.41       42.50
   1001.51       70.75
    992.93       48.50
    976.56       56.75
    998.54       39.25
    972.72       56.50
   1001.56       41.50
   1001.21       52.00
    990.40       72.50
    994.83       77.75
    984.46       59.50
   1003.09       60.00
    983.81       41.00
    986.40       59.00
   1003.08       39.50
    984.30       44.00
    990.75       43.00
   1004.97       63.25
    994.85       44.50
    994.18       61.00
   1005.05       56.00
    994.79       53.00
    988.79       75.25
    984.16       75.75
    990.37       62.50
    985.70       44.75
   1007.50       33.00
    999.19       30.00
    989.34       66.25
   1006.45       67.50
   1003.93       59.00
    990.52       43.75
    992.60       73.75
    991.44       52.25
    988.67       55.00
    987.83       46.75
    990.40       39.00
    990.24       73.75
    992.99       84.50
    993.09       30.50
    982.61       55.00
   1016.46       73.00
    992.36       40.25
    987.29       62.75
    966.21       45.00
    995.95       44.50
    993.09       35.25
    988.60       76.25
   1005.08       53.75
    967.95       76.50
    995.21       50.00
   1002.18       37.00
   1005.32       29.25
    996.92       57.75
    995.39       82.25
    994.36       48.00
    999.90       44.00
    993.95       49.75
    996.61       57.75
    977.25       38.75
    994.14       46.00
    979.19       73.25
    993.26       62.50
   1001.43       44.25
    997.44       63.00
    991.08       47.00
    983.94       48.50
   1002.56       31.00
    987.57       49.50
   1003.69       61.50
    984.77       60.75
    988.77       70.00
   1007.18       30.00
    998.61       41.50
    996.43       59.00
   1003.30       82.25
    999.37       35.75
   1007.67       34.50
   1005.39       50.00
   1014.15       67.25
   1011.06       75.25
    986.18       70.75
    994.49       32.00
   1001.26       36.75
   1000.18       45.00
   1006.05       29.00
    984.86       49.50
   1008.24       45.00
    996.83       34.00
    952.70       54.75
   1001.51       84.25
    996.70       40.25
    981.36       55.00
    975.28       46.50
   1008.51       43.50
    941.50       62.25
    980.17       77.50
    998.86       26.50
    987.49       56.75
    945.42       64.50
   1007.77       28.50
   1003.78       52.25
    992.75       80.00
    980.77       43.00
    970.87       54.25
    943.66       69.50
    970.33       45.00
   1008.79       26.50
    961.96       59.00
    948.93       53.25
    988.76       61.00
   1011.12       34.50
    971.37       72.75
    975.84       48.25
   1007.32       37.00
    968.57       52.25
   1011.68       41.25
   1005.88       45.75
    970.97       62.00
    968.06       64.75
    993.17       44.50
    990.61       54.75
    992.40       54.25
    996.92       32.00
    956.16       72.00
    970.84       51.75
    965.37       44.00
   1001.33       67.75
    989.76       61.75
    970.65       70.25
    966.64       48.25
    983.91       42.25
    971.15       72.25
    982.29       64.75
    990.02       77.50
   1004.09       39.00
   1010.52       32.25
    986.41       78.25
    985.54       70.25
    983.68       64.25
    964.33       71.00
    971.76       56.25
    989.22       55.75
    998.52       37.00
    972.41       54.75
   1008.01       47.25
    973.99       62.50
    979.09       64.00
    986.45       74.75
    986.47       78.50
   1018.27       30.50
    972.79       57.50
    985.32       51.75
    985.97       60.25
    993.31       75.50
    999.21       38.00
    999.27       27.50
    998.45       66.25
    974.49       60.75
    998.73       30.00
    981.65       51.25
    987.32       61.00
    984.42       55.00
    974.09       60.50
   1003.76       35.75
    991.64       27.00
    997.44       49.75
    989.67       78.75
    972.27       70.75
    966.00       54.25
   1017.75       78.25
   1008.17       52.25
   1007.75       41.75
    981.96       55.25
    964.65       64.00
    979.61       70.75
   1002.56       44.50
    996.08       36.75
    994.96       81.50
    998.82       66.75
   1005.89       50.25
    969.93       60.00
    986.00       68.00
    997.02       55.25
    971.55       48.25
   1001.34       84.00
    975.19       49.25
    983.59       51.75
    983.46       48.00
    960.42       44.75
    982.59       57.75
    975.95       74.50
    969.15       59.75
   1007.34       23.25
   1014.31       28.25
   1020.38       31.00
    977.93       53.75
    991.17       48.25
   1001.06       46.50
    976.40       82.00
   1004.39       62.75
    983.88       49.50
    969.61       54.25
   1002.46       62.75
    989.95       75.00
    973.89       45.00
    985.80       57.50
   1000.72       50.50
   1004.39       31.00
    979.62       86.75
    982.30       62.75
   1001.03       51.50
    974.90       65.25
    992.71       53.50
    993.48       76.00
    984.42       53.25
    986.76       59.00
    977.79       55.75
    983.00       64.00
    984.70       45.50
    999.41       57.75
   1017.04       71.25
    986.45       51.50
    999.95       76.25
    994.41       45.00
   1006.61       75.00
    990.99       64.75
   1004.29       32.25
    990.74       41.25
   1006.47       25.75
    993.70       66.75
    982.56       50.50
    988.89       53.25
    987.03       63.00
    993.68       63.00
    995.62       44.25
    991.52       68.25
   1006.30       35.00
    996.37       48.50
    981.05       48.50
    993.25       38.25
    981.04       64.25
    987.25       56.50
    997.99       64.00
    993.88       49.50
    997.18       36.25
    977.53       55.50
    987.98       71.00
   1002.18       35.75
    998.24       75.50
    978.88       43.75
    988.03       58.25
    996.81       50.00
    969.86       62.75
   1002.26       50.00
   1008.47       48.00
    979.40       55.75
    998.84       61.25
    991.92       44.25
    984.10       47.00
   1007.01       45.00
    980.57       46.75
   1007.36       33.25
   1019.14       30.00
    986.38       57.25
    986.15       66.00
    991.61       52.75
    997.64       30.50
   1013.58       43.75
    982.40       55.50
   1007.26       45.00
   1001.49       60.00
    979.50       63.00
    986.11       64.25
    998.50       66.25
   1003.79       33.50
    990.77       78.00
   1004.61       44.50
    988.81       72.25
   1008.04       30.00
    976.16       52.75
   1006.73       53.25
    998.60       38.50
    991.85       67.25
    998.84       51.25
   1004.09       45.50
   1013.83       26.50
   1001.82       43.25
   1007.90       74.25
   1000.78       56.75
    996.86       30.25
    967.16       48.75
    986.75       54.25
    994.00       60.25
    972.12       55.75
    998.36       61.75
    987.00       53.75
    994.96       73.75
    984.42       47.00
   1006.59       43.00
    987.02       56.25
   1000.59       26.00
   1005.36       72.50
    992.49       55.75
    997.57       55.00
    971.67       56.25
   1010.40       43.25
    982.23       60.00
    981.18       59.00
    972.07       62.75
    991.13       42.25
    990.77       52.50
   1004.18       27.75
   1001.15       46.50
   1007.18       28.00
    984.17       40.25
    984.93       62.00
    997.68       52.75
    964.88       45.25
    997.93       42.00
   1001.60       78.75
    957.96       53.25
   1001.19       46.50
    964.63       62.75
    987.74       57.75
    993.45       44.75
    971.71       77.75
    999.49       38.50
    983.59       50.50
    947.68       61.00
   1001.15       63.75
    998.46       61.75
    996.69       36.50
   1008.01       31.00
    962.05       48.75
   1006.49       28.25
    998.11       53.25
    951.69       46.75
    983.33       82.75
   1010.58       38.00
    984.98       56.25
    986.36       51.50
    987.17       56.00
   1008.88       45.25
    968.73       42.50
    976.23       56.00
    985.56       45.75
    966.10       68.00
   1002.10       26.25
   1005.22       62.75
   1000.36       30.00
    982.67       51.25
    968.51       62.50
   1003.06       32.00
   1002.90       60.25
   1013.44       59.75
    982.17       39.00
    981.15       53.50
    971.32       53.25
    947.40       55.00
   1004.59       29.00
    993.12       60.25
   1003.74       25.50
    977.70       62.25
    998.74       68.75
   1000.78       58.25
    994.18       46.25
    992.56       71.75
    996.78       62.75
    971.09       52.75
    996.56       78.00
   1003.43       64.75
    970.51       77.25
    954.72       46.50
   1001.27       33.75
   1016.07       33.75
   1004.30       52.25
    964.90       58.00
    998.86       43.50
   1002.26       42.50
    989.83       60.00
    981.04       53.50
    977.04       50.00
    982.35       52.25
    985.98       54.75
    992.70       54.75
    995.36       61.50
    977.57       52.50
    977.68       54.75
    994.96       28.00
    984.33       52.75
    995.35       78.00
    984.40       56.25
    992.66       45.00
   1001.20       29.25
    986.16       53.50
    984.30       49.25
    954.71       55.50
    996.72       51.25
    992.36       53.50
   1004.63       26.25
    978.22       42.50
    984.64       63.00
    994.40       53.50
    987.65       61.75
    973.03       45.75
   1001.10       68.75
   1000.07       72.00
   1007.83       32.00
    992.01       59.75
    993.55       66.25
    994.88       48.25
    982.24       61.50
    962.26       43.00
    993.85       72.75
    996.86       44.50
   1005.03       46.50
    968.29       50.50
    988.46       67.75
    992.90       47.00
   1001.48       31.00
    996.08       60.00
    997.50       48.00
    998.08       67.75
   1011.16       73.75
    987.98       57.00
    979.33       65.50
   1005.00       71.50
    994.49       30.00
    998.27       34.00
    970.09       50.25
    984.52       60.75
    976.66       65.25
    994.78       37.75
    980.67       48.00
   1016.38       70.00
    976.57       44.50
   1005.08       72.00
   1003.08       28.50
    995.39       45.00
   1008.76       51.50
    972.93       62.75
   1002.84       30.00
    976.49       55.00
    998.03       45.75
    994.83       55.50
    994.20       61.50
    996.39       38.50
    963.18       46.00
   1004.79       56.25
    983.09       41.75
    994.92       41.00
   1002.21       45.75
   1000.83       34.00
    988.20       46.00
   1004.08       33.00
    995.81       61.25
   1004.56       67.25
    987.32       59.00
   1001.60       32.75
   1002.17       40.00
    983.64       57.25
    996.36       29.00
    994.73       71.50
    976.12       40.25
    984.61       47.25
   1004.57       36.50
    992.78       38.50
    999.95       67.50
   1004.94       45.25
    980.14       48.25
    985.14       65.75
    985.20       56.50
    982.81       45.75
    979.98       49.50
   1000.30       34.25
    998.96       33.75
    988.16       58.75
    997.21       66.75
    995.15       37.50
    994.61       57.75
    982.81       76.00
    992.83       57.75
    992.96       47.75
    984.68       53.25
    979.39       63.25
   1013.42       51.25
    987.54       66.25
    997.49       51.00
    990.27       44.25
    991.78       50.25
   1007.62       27.50
    986.73       48.50
    999.69       43.25
    990.48       75.75
    991.56       47.00
    995.21       57.00
   1003.95       60.50
    984.14       43.00
   1010.95       58.25
    996.45       52.25
    983.60       61.50
   1002.95       28.00
   1002.89       61.50
    998.95       39.00
    991.70       64.25
    986.43       52.00
    993.76       52.25
   1000.57       46.00
    998.12       55.25
    994.07       65.75
   1005.74       59.50
    975.33       47.25
   1005.68       31.50
    996.26       80.00
    983.60       44.00
   1007.01       51.25
    986.69       64.00
   1011.56       33.50
    994.93       64.00
    997.98       52.25
    986.08       44.00
   1005.52       57.00
    990.82       50.75
   1004.93       30.25
    997.17       45.75
   1007.30       76.25
   1000.86       72.00
    986.12       80.00
   1004.28       31.50
   1002.03       48.25
    994.51       28.50
   1004.79       47.00
    977.96       54.50
    985.51       69.00
   1010.91       28.75
   1000.13       26.50
    992.21       68.00
    982.37       79.00
    977.71       53.00
    984.07       47.00
    979.95       58.50
    963.85       54.50
    995.96       53.25
   1006.81       27.00
   1012.23       31.50
    995.29       38.50
   1012.68       37.75
    981.02       41.25
    949.99       51.50
    968.97       78.50
    972.71       81.25
    965.06       36.50
    977.62       45.00
   1010.80       30.50
   1008.70       37.25
    970.81       69.25
    969.26       73.00
   1003.17       31.00
    964.70       67.75
   1001.89       34.25
    998.13       69.25
    983.69       66.75
    999.01       30.25
    970.10       63.75
   1007.92       43.25
   1007.94       43.75
   1014.02       44.25
    987.00       55.00
    994.96       43.00
   1016.15       49.75
    997.27       52.25
    972.70       59.50
    963.60       45.25
    979.84       78.50
    981.47       59.50
    982.51       78.00
   1002.46       31.00
    997.61       78.00
    996.35       40.00
    997.36       56.25
    986.24       42.25
    981.14       81.50
    984.52       38.25
    968.35       61.25
    966.85       44.00
    988.48       59.50
   1011.90       67.75
    989.97       67.00
    992.03       59.75
    983.72       42.25
    961.57       48.00
    978.74       76.00
    996.26       29.25
   1002.38       52.25
    961.85       73.75
    981.48       48.25
    975.48       47.50
   1001.80       35.25
   1008.80       36.25
    970.26       73.25
    983.47       73.75
    967.93       54.50
   1004.03       28.25
    972.90       44.50
    986.85       70.25
    973.02       68.50
    977.47       44.25
    995.77       42.50
   1009.34       55.25
    999.94       63.25
    994.98       65.25
   1004.75       35.75
    996.11       63.75
    993.72       35.00
    968.86       62.00
    993.69       55.00
   1011.83       55.00
    984.57       54.00
    975.68       73.75
    985.89       43.25
    976.08       50.75
    999.56       69.75
    997.23       38.25
   1007.50       35.25
    984.03       66.00
    975.25       44.50
    991.80       65.25
    963.43       47.00
    982.93       68.75
    999.14       47.75
    951.78       50.25
    995.08       38.00
    996.70       66.75
    990.94       63.75
   1010.16       78.25
    991.31       56.00
   1004.80       46.25
    988.21       59.50
    996.23       54.25
    999.11       38.75
    989.72       60.25
   1004.66       70.50
    998.37       75.50
   1003.80       79.50
    991.48       48.50
    980.28       61.00
    976.88       49.00
    981.51       40.25
    992.15       68.00
    985.38       48.50
   1001.76       45.75
    987.11       43.00
   1000.40       63.25
    978.04       61.00
    998.38       52.00
   1005.33       74.25
    988.28       67.50
   1003.06       76.00
   1000.40       45.75
    997.43       78.75
   1000.13       25.75
   1000.84       39.25
   1001.37       45.25
    975.61       68.50
    967.25       53.00
   1002.35       28.50
   1003.25       36.25
    992.14       43.00
   1006.21       68.50
    985.05       65.25
    987.33       60.50
    989.57       51.25
    976.09       49.25
    998.89       34.25
    983.65       68.25
    969.93       60.50
    975.27       45.75
   1002.80       67.25
   1013.20       49.50
    984.41       44.50
    968.16       55.50
    999.38       34.50
   1004.81       73.00
   1004.49       78.25
    984.28       49.00
    974.18       52.50
    999.73       68.50
   1002.14       26.25
    986.97       52.00
    999.25       26.50
    991.83       45.25
    989.41       42.75
    994.97       68.75
    976.67       52.25
   1012.93       75.75
   1015.89       66.00
    994.87       35.75
    986.54       58.25
    984.84       44.50
   1002.37       43.75
    991.05       58.25
    993.03       54.50
    980.26       57.50
    983.22       40.75
    980.14       44.50
    986.12       67.25
   1002.96       33.50
   1005.66       32.75
   1011.73       80.50
    999.70       38.00
    988.26       63.00
    984.46       57.00
   1000.85       65.25
    999.70       35.75
    993.15       63.25
    997.19       61.25
   1003.56       36.50
   1000.19       78.25
   1003.27       32.00
    993.91       64.00
    985.50       47.25
    974.15       57.50
   1005.29       75.00
    988.48       41.75
    980.48       65.50
    987.11       55.00
    992.03       72.00
    998.31       40.00
    988.59       54.75
    980.13       52.50
    992.45       63.00
    997.90       34.75
    981.07       48.50
   1005.98       36.00
    990.89       43.00
    998.27       47.50
    991.30       74.75
    985.02       64.50
    997.59       74.25
    984.29       40.75
   1007.31       75.00
    990.34       64.50
    990.91       55.00
    990.27       61.00
   1002.79       30.25
   1006.46       38.00
    999.67       73.50
    981.22       52.00
   1001.26       51.00
   1000.38       25.75
    991.06       41.50
    983.74       52.50
    989.67       72.75
   1009.92       46.50
   1031.83       56.25
    979.90       47.00
    965.20       58.25
   1019.28       71.75
   1015.83       61.25
    993.14       36.50
    985.20       42.50
    974.43       55.25
   1006.61       28.25
    998.61       67.75
   1006.76       68.75
    995.34       41.25
    963.06       61.75
   1004.78       61.50
    994.95       65.25
   1000.20       65.50
   1004.74       65.50
    986.21       52.25
   1007.95       48.25
    978.03       51.00
   1002.16       71.00
    984.00       49.50
    986.36       56.50
    964.83       56.50
    998.73       44.00
   1008.68       26.75
   1001.41       58.50
    965.80       57.25
   1011.05       73.75
    975.87       76.25
   1003.29       70.00
    967.66       69.75
    989.51       44.50
    989.76       38.25
   1009.53       35.75
   1000.15       30.50
    967.19       51.00
   1002.42       29.50
    991.86       39.25
    988.54       59.75
    989.45       72.75
    990.33       42.25
    976.37       57.50
    978.89       53.25
    978.87       66.25
   1000.67       77.00
    970.89       48.00
    982.15       64.50
    994.13       68.75
    966.94       46.00
    989.95       51.50
    985.87       47.75
    995.15       40.50
    978.88       59.50
    994.96       72.50
    983.52       53.50
    991.32       72.25
    984.47       55.75
    981.00       48.00
    974.29       64.50
    994.24       36.75
    980.10       62.75
   1007.96       38.00
    994.25       52.50
    997.83       50.75
   1003.42       41.75
    996.81       71.75
   1001.77       49.00
   1003.97       69.75
    977.33       50.25
    996.71       71.00
    985.37       49.50
   1000.92       30.25
    976.72       46.50
    968.03       53.50
    964.54       49.25
    973.14       56.00
   1006.13       49.00
   1002.08       25.25
   1014.45       76.50
   1001.85       65.25
   1000.76       36.50
    966.97       54.25
    996.30       69.00
   1004.23       28.25
    956.61       51.00
    997.07       56.75
   1004.34       71.50
    988.06       64.25
    981.82       71.75
    977.81       47.50
    997.06       31.75
    974.69       47.00
    997.14       78.00
    967.81       56.00
    997.60       61.50
    968.81       52.50
    991.97       41.25
    975.68       73.25
    945.77       49.00
    999.82       46.25
    990.02       75.00
    984.34       65.75
    997.62       49.75
    985.99       39.25
   1004.89       36.25
    997.38       47.50
   1012.86       79.00
    998.47       36.00
    986.10       63.50
    993.91       72.50
    991.07       69.00
    979.56       45.25
    996.32       52.00
    995.47       40.50
    998.01       45.00
    989.24       53.50
    989.63       68.25
    997.70       55.25
    968.90       54.00
    999.90       31.00
    982.19       66.00
    978.92       48.25
    984.94       71.50
    977.70       56.75
    992.65       54.75
    982.97       65.75
   1000.38       31.50
    999.75       35.75
    980.60       77.25
    992.18       59.00
    995.23       85.50
    991.79       56.00
    993.00       48.75
    970.31       61.00
   1003.98       42.25
    991.09       33.00
    994.12       69.00
    971.89       53.50
    984.07       68.25
    992.89       57.00
    989.88       67.50
    996.94       49.00
    972.41       51.75
    994.20       56.00
    972.94       64.25
    999.29       50.25
    992.67       38.25
    972.18       57.75
    971.20       54.25
   1004.15       33.50
    971.97       57.50
    994.57       65.00
    977.48       52.25
   1002.94       55.25
    996.04       37.75
   1000.43       43.75
   1002.70       31.25
    962.99       55.50
    983.76       69.50
    992.57       84.75
   1007.49       42.25
    977.26       47.00
    992.87       50.50
    998.25       56.50
    967.60       58.00
    974.46       58.25
    995.75       65.25
    995.93       47.00
    993.53       36.00
    988.39       45.75
   1003.40       81.75
    995.95       53.50
    988.78       56.00
    987.30       61.50
   1000.13       81.25
    998.79       59.75
    984.75       49.50
    986.73       76.25
    998.33       31.50
   1008.50       46.25
   1002.92       34.75
    982.15       51.00
    981.50       52.00
    970.66       65.25
    996.17       78.25
   1002.56       48.50
    994.74       62.75
    996.03       56.00
   1004.77       84.00
    996.70       54.00
   1000.72       36.50
    987.25       41.75
    995.34       61.00
    983.76       56.25
    984.16       74.75
    998.47       34.00
    996.82       36.25
    984.81       55.25
    976.33       57.00
    976.92       53.00
    979.70       56.50
    997.94       76.25
   1003.59       35.50
    999.09       51.50
    964.39       53.50
    994.23       49.00
    986.90       63.75
   1004.90       29.75
   1005.50       34.75
    980.31       66.50
    962.27       78.00
    978.40       70.00
    969.74       52.50
    993.95       50.00
    997.19       35.75
   1000.42       52.50
    987.60       45.00
    992.42       75.75
    996.52       36.75
    961.92       57.75
    974.30       63.00
    982.01       63.50
    970.14       55.50
   1005.80       26.75
    953.73       60.50
   1001.73       67.00
    997.40       74.75
   1001.32       58.25
    951.38       52.75
   1003.57       58.75
    960.62       60.00
    993.30       68.25
   1005.29       29.50
    975.90       73.00
   1000.10       26.50
    970.89       56.25
   1004.38       37.50
    990.93       78.25
    990.85       52.00
    961.89       39.25
   1000.14       35.00
    982.11       59.00
    977.47       61.50
   1007.37       28.25
    989.32       50.00
    997.19       41.25
    986.46       61.50
    992.06       37.50
   1002.22       63.75
   1021.75       32.50
    968.99       65.00
    975.30       44.25
    989.03       57.00
    981.39       70.25
    995.44       31.75
    955.94       46.50
    991.42       77.75
    980.75       73.75
    978.45       60.00
    985.55       73.25
    962.76       58.75
    986.66       37.50
    973.68       45.25
    999.90       31.00
    988.56       52.75
   1010.29       62.50
   1015.78       32.50
    977.82       44.00
    990.14       65.75
    991.94       70.50
    966.51       49.75
    991.03       84.75
   1008.21       38.25
    998.79       26.50
    948.90       66.25
    986.32       62.50
    975.70       77.50
    980.46       73.75
    971.80       61.25
    991.63       31.25
    946.56       57.75
    981.17       47.75
    998.27       34.50
    990.34       45.00
   1000.48       38.25
    973.32       73.75
    966.92       58.50
    994.20       77.00
    948.00       46.50
    990.79       61.25
    961.88       74.25
    997.22       37.75
    998.52       59.25
   1003.91       27.50
   1010.66       29.50
    980.97       61.25
   1005.43       32.50
    965.75       50.00
    957.76       74.25
    961.38       60.25
    989.30       61.50
    985.10       62.75
    983.84       40.50
    993.67       48.50
    964.66       46.75
    966.01       53.50
    965.95       47.00
    979.54       77.75
   1003.15       36.25
    986.07       65.50
    996.59       46.00
    996.62       34.50
    994.72       63.25
    989.09       48.25
    969.05       61.00
    963.32       44.00
    997.42       39.50
    975.08       40.75
   1006.11       44.25
    989.40       78.00
    994.93       75.75
    983.09       39.25
   1003.35       33.75
    945.72       57.75
    997.00       52.25
    989.70       51.25
    983.21       55.00
    973.06       48.75
    983.63       61.25
    982.14       60.75
    990.36       50.75
    985.64       43.25
    991.29       51.75
    995.29       65.50
    983.28       54.50
    981.04       50.50
    997.73       79.25
   1000.05       61.25
    981.46       53.75
    981.68       46.00
    987.92       44.75
    998.17       26.75
    978.08       59.25
   1011.68       26.75
   1000.30       60.75
    981.20       50.25
    990.74       52.75
    978.27       50.50
   1007.62       48.25
   1004.87       35.75
    992.58       65.25
   1003.41       39.50
    976.31       71.25
    999.01       40.25
    979.29       58.75
   1002.33       33.25
    996.36       33.00
    992.46       59.75
    988.74       63.75
    974.53       62.00
    985.78       52.50
   1005.23       58.25
    973.21       55.25
    990.80       63.25
    971.77       48.75
   1001.70       45.50
    997.92       26.25
   1008.32       56.00
    994.85       53.25
    972.93       73.25
    983.86       64.50
   1004.29       31.00
    995.54       34.25
    971.62       62.50
   1005.29       64.50
   1004.58       33.50
    992.11       46.75
   1008.20       61.75
    997.43       41.75
    990.60       72.50
   1003.82       36.00
   1003.78       71.25
    971.82       48.00
    993.89       68.25
   1010.38       70.75
    976.37       52.50
    999.31       51.50
    997.79       58.75
    985.75       56.75
   1003.96       51.50
   1001.53       38.75
    996.05       47.25
    998.94       64.00
   1007.56       42.50
    996.78       42.00
    981.70       44.75
   1000.05       27.50
    983.17       49.25
    992.71       39.50
   1000.08       63.75
   1001.37       40.00
    993.91       63.50
    998.89       41.00
    987.82       48.25
   1003.66       51.75
    977.08       52.50
    980.17       51.50
    990.88       60.75
    983.52       46.25
    991.97       68.50
    985.99       50.00
    981.38       67.00
    992.06       63.50
    982.80       65.00
    992.38       68.00
    979.74       48.75
   1001.90       30.25
    994.16       57.00
    992.36       61.75
   1005.22       35.50
    998.93       39.00
    994.73       60.50
    998.35       50.50
    989.07       62.50
   1003.80       77.25
   1000.62       42.50
    998.50       68.25
   1003.73       33.00
   1009.86       75.00
    985.04       66.25
   1000.00       49.75
    993.11       40.00
    999.47       81.25
   1010.56       52.00
    976.32       41.75
    986.37       43.75
    995.01       49.25
    982.98       62.50
    972.89       62.25
    967.58       57.25
    981.99       79.00
    978.35       71.25
   1002.86       27.25
    980.46       58.25
    998.26       44.25
    961.40       58.50
    994.87       63.75
   1002.96       53.00
    998.60       47.75
   1004.06       72.75
    986.61       42.00
    964.84       78.50
    980.21       54.50
    958.34       59.50
    962.75       71.50
    954.81       61.25
    968.84       72.25
    980.15       57.00
    951.33       81.50
    971.96       59.00
    982.32       71.00
    975.35       71.50
    964.53       49.75
    963.50       48.25
    996.61       30.50
    984.55       59.75
    994.85       36.50
    999.34       41.25
    996.78       32.00
    970.18       83.25
   1000.81       30.75
   1015.02       32.25
   1011.46       33.25
    972.97       78.25
    962.26       47.75
    992.16       59.75
    954.03       55.75
    965.65       82.50
    985.65       63.75
    990.39       62.50
   1011.56       60.00
    979.10       48.50
   1005.91       45.50
    992.32       47.25
    965.53       70.00
    987.73       73.50
    973.63       58.00
    983.10       47.50
    987.38       51.00
    990.53       60.50
    997.96       57.00
   1004.13       42.25
    981.32       68.75
    986.84       69.25
    980.63       66.75
   1002.61       26.75
    999.36       29.25
    985.58       52.50
    991.07       42.75
    984.13       42.25
    999.42       60.00
    981.63       82.75
    999.62       65.00
    968.77       43.50
    995.85       53.50
    983.36       67.50
   1002.11       53.25
    981.26       69.75
    973.50       40.50
   1006.51       52.25
   1004.51       38.75
    965.69       61.75
    970.18       83.50
    972.16       71.25
    952.35       64.50
    992.99       84.75
    998.22       39.50
    989.55       52.25
    998.88       60.00
    994.79       66.50
   1003.65       40.75
   1005.90       31.00
    974.21       78.00
    988.28       73.00
   1009.85       28.75
    968.50       44.75
    989.95       57.25
    971.48       44.75
    970.10       55.00
    997.19       33.75
   1005.51       61.75
    995.68       70.25
    980.24       76.25
    971.34       41.50
   1006.78       47.50
    996.52       51.50
    977.80       65.25
   1008.25       64.75
    974.39       59.00
   1008.97       36.25
    994.16       48.50
    969.96       74.00
   1006.18       32.75
    987.51       53.50
    961.48       72.25
    971.71       61.75
   1013.22       30.25
    973.15       46.50
    970.69       42.75
    981.33       69.00
    986.72       83.50
    984.07       51.50
    978.14       44.50
   1000.97       40.25
    996.66       38.50
    978.41       80.25
    985.65       47.50
    981.97       45.75
    993.71       80.50
    982.38       53.25
   1001.73       36.00
   1000.36       26.75
   1001.68       76.00
    988.34       56.25
    987.38       74.25
    994.22       48.50
    984.81       49.75
    982.04       77.00
    994.00       58.25
    989.24       42.00
    989.45       58.25
    969.93       53.00
    988.03       80.25
    994.56       55.25
    981.58       55.75
    985.07       51.50
   1006.49       34.50
   1003.99       46.75
    988.47       62.75
    994.96       42.50
   1013.17       37.50
    988.92       50.25
    991.91       80.25
   1000.99       33.50
    986.91       45.25
   1013.58       30.25
    983.99       61.25
    982.57       52.75
    998.93       33.50
   1004.46       40.50
    993.78       58.50
    980.23       53.50
    986.89       50.50
   1005.51       60.75
    989.08       43.75
    994.50       54.00
    978.49       71.75
    961.91       54.50
    990.83       61.50
    977.77       49.75
    996.40       33.50
   1008.71       73.75
   1003.70       62.50
    970.66       76.75
    977.71       54.25
    958.24       76.25
   1014.27       27.25
    979.89       56.00
    975.61       71.00
    991.67       68.75
    993.11       61.25
    971.94       48.75
    988.07       54.75
    997.33       55.50
    999.76       45.25
    983.59       77.00
    983.48       48.50
    992.32       64.00
   1002.25       32.75
    995.85       61.00
   1004.50       57.25
   1000.65       32.00
    969.97       66.75
    995.56       57.25
    967.09       51.50
    987.88       62.00
   1000.15       48.00
   1000.20       77.75
    968.60       54.00
    980.12       48.00
   1002.71       49.00
   1001.48       34.50
    989.08       55.75
   1006.54       30.50
    997.89       79.75
    984.31       61.25
    973.52       51.75
    993.28       51.50
    992.19       46.00
   1003.84       36.75
    989.48       50.50
    995.16       66.75
   1007.57       72.25
    988.58       54.25
    989.40       55.00
    992.92       46.75
    995.01       41.75
   1003.63       31.25
    984.11       57.75
    966.58       47.50
    992.28       58.25
   1011.58       31.50
    960.95       80.25
    991.04       53.75
   1003.06       26.50
    979.47       63.00
    992.54       45.25
    981.83       62.50
    958.07       57.75
    985.47       52.25
    990.85       65.00
   1004.01       28.25
    998.47       48.50
    956.23       64.00
   1008.86       81.50
   1004.58       30.00
    971.66       61.00
    994.66       59.50
   1009.60       42.75
    987.52       62.75
    960.47       57.50
    980.11       50.00
    992.94       58.50
    976.95       54.50
    952.94       74.25
    967.67       54.75
    995.14       56.75
    999.82       39.00
    968.64       62.25
    976.23       49.50
   1002.57       42.00
    989.35       77.00
    999.17       38.00
    994.97       41.50
    972.82       63.00
    999.94       29.50
    976.62       53.50
    984.35       74.75
    995.16       60.00
   1001.21       79.75
    983.88       44.25
    997.96       37.00
    977.51       62.75
    985.81       61.50
    968.09       79.25
    988.33       76.25
    958.83       55.25
    981.78       43.50
    988.79       64.50
   1018.97       38.25
    985.50       57.25
   1000.31       28.75
    998.07       30.00
    987.74       56.00
    965.74       72.50
    949.27       60.50
    960.58       68.00
    994.77       50.25
    954.12       75.50
   1008.71       33.25
    968.22       47.00
    981.09       56.00
    990.82       45.25
    996.53       80.50
    990.68       40.50
    995.65       48.50
    990.88       55.00
   1001.22       80.75
    990.67       55.75
    997.73       63.75
    972.80       51.00
   1022.37       40.50
   1014.12       50.00
   1004.83       34.25
    994.71       26.75
    977.72       51.00
    985.28       68.75
   1012.65       57.50
    987.60       59.50
    996.13       37.50
   1008.40       65.50
    993.14       82.75
    997.53       44.25
    984.13       53.75
    989.98       60.75
   1002.36       61.00
    995.18       59.50
    963.98       67.50
    987.23       37.00
    999.18       40.25
   1005.15       51.25
    992.84       42.50
    997.71       70.25
   1005.40       59.25
    984.71       49.75
    966.91       42.25
    982.50       57.25
    993.00       38.50
    978.00       63.75
    968.89       76.75
    995.99       55.75
    981.05       49.00
    992.98       38.25
    995.57       69.50
   1002.96       62.00
    992.90       54.25
    970.83       62.75
    979.15       53.75
   1003.07       56.75
   1009.43       47.75
   1004.32       28.50
   1001.24       66.75
   1019.03       65.50
   1000.62       35.75
    980.16       46.75
   1002.34       76.75
    973.71       66.25
    994.73       73.00
    989.80       80.00
   1005.04       26.50
   1007.12       34.25
    991.17       58.75
    998.76       41.75
    989.46       62.75
    997.33       48.75
    999.70       76.25
    982.30       42.75
   1007.89       32.00
    997.37       36.50
    999.15       80.25
    984.76       50.00
    977.62       49.00
    995.49       81.00
    996.63       51.00
    990.75       83.25
    998.21       58.00
   1007.49       39.25
   1002.96       55.50
    981.67       54.75
    994.48       57.50
    990.20       51.25
    984.15       68.25
    999.51       33.50
   1011.51       36.00
    990.41       39.00
    997.21       56.75
    991.92       61.00
   1006.01       76.00
    999.90       70.50
    978.61       43.00
    981.50       47.25
    965.14       51.25
    981.51       64.25
   1009.19       78.00
    996.37       33.25
    989.70       48.25
    999.58       57.50
   1006.73       43.75
    999.45       37.75
   1005.42       30.00
    996.77       34.75
   1000.01       61.00
    982.74       51.00
   1002.88       35.75
    989.58       52.00
   1005.27       57.25
    985.79       43.50
    983.71       49.25
   1006.42       35.25
    982.89       42.50
   1015.22       73.75
   1004.66       50.25
   1002.28       35.75
    985.18       43.25
   1005.05       71.75
    993.80       38.75
   1006.30       65.25
    986.16       37.75
    987.13       53.50
    987.81       64.75
   1009.70       33.25
   1010.71       53.50
   1012.33       57.25
   1008.27       68.00
    980.99       53.00
    982.12       51.75
    993.17       28.25
    989.31       63.50
    996.54       36.75
    989.89       77.75
    985.03       66.00
    993.66       69.75
    981.11       51.50
   1007.56       33.75
    986.25       56.00
    993.84       38.00
    999.13       38.25
    997.58       79.50
    992.52       36.50
    996.40       66.25
    977.71       57.75
    980.09       74.75
    990.92       59.75
    990.99       63.75
   1005.59       29.75
    980.34       54.25
    979.09       62.25
    992.28       56.25
   1017.26       34.25
   1016.65       28.25
    989.49       41.25
    983.32       76.50
   1003.18       38.75
    989.71       46.75
    985.28       58.75
   1000.84       78.00
   1003.20       34.50
   1000.76       55.25
    998.91       84.00
   1007.12       45.75
   1002.39       74.00
   1003.30       44.75
   1002.99       25.75
    980.17       49.75
    993.26       63.25
    976.25       49.75
    968.40       51.75
   1002.89       76.00
   1000.25       47.50
    976.65       49.75
    990.81       68.50
    980.15       65.50
    971.13       48.00
    986.66       44.75
   1000.96       51.50
   1003.18       39.75
   1001.09       31.00
   1000.93       25.50
    957.62       59.25
    979.58       75.25
    981.38       77.00
    978.44       52.75
    951.27       51.75
   1005.33       32.75
    974.25       49.75
    957.39       44.75
   1017.22       62.75
   1003.14       47.50
   1006.86       79.50
    988.74       45.75
    984.90       50.75
    930.41       57.25
    996.39       58.25
    989.99       63.00
   1001.63       34.25
    964.82       41.00
    963.87       48.75
   1009.83       68.50
    956.27       80.00
   1010.62       74.25
    996.89       45.00
    969.05       75.75
    972.49       47.50
    955.95       83.75
   1012.73       46.25
    975.59       50.25
    987.73       75.00
    988.97       46.50
   1024.74       50.75
    989.34       71.25
   1009.76       37.00
    987.95       40.25
    980.87       58.75
    979.59       49.25
    981.57       54.25
    991.64       69.50
   1002.99       68.00
   1013.02       53.00
    986.36       47.75
    976.47       59.25
    965.87       51.25
   1001.30       46.00
    998.68       77.00
    970.01       54.00
    981.06       67.00
    996.63       62.75
    995.55       32.50
   1017.42       26.50
    965.46       59.50
    977.77       46.75
   1010.64       39.25
    974.90       50.25
    989.16       45.25
   1024.00       41.50
   1003.95       33.75
    979.73       49.00
    991.06       55.50
   1004.15       75.00
    991.49       42.75
    996.63       71.00
    984.81       59.00
    966.04       58.00
    982.72       57.50
   1006.55       25.50
    959.32       46.50
    992.28       44.25
    975.20       65.50
    975.33       58.00
    997.94       37.75
    996.52       34.50
    981.54       52.00
    988.27       51.50
    996.31       58.25
    997.41       42.00
   1014.42       74.75
    978.95       66.50
    995.42       53.25
    999.32       57.50
    988.76       58.25
    998.29       35.25
    973.82       50.00
    984.61       47.75
   1008.66       75.75
    981.24       67.75
    992.08       45.25
   1006.00       51.50
   1002.84       28.25
    994.77       57.25
    984.19       42.75
   1000.80       55.00
    993.23       70.50
   1003.03       43.25
   1009.08       34.50
    997.16       76.50
    980.58       40.00
   1014.06       38.75
   1010.38       70.50
    996.60       30.25
    986.49       55.75
    991.29       51.00
    956.27       51.25
    962.97       50.75
    994.05       40.75
    985.62       50.25
    997.18       66.00
    982.43       46.75
    974.29       53.25
   1012.85       32.25
    976.70       52.00
   1002.09       28.25
   1008.50       46.75
    985.59       48.75
    981.64       45.50
    996.83       29.00
   1004.88       46.00
    998.24       78.00
    996.06       30.00
    968.68       77.25
   1012.22       50.00
   1001.89       58.75
    997.17       46.50
   1007.79       53.50
    990.75       72.00
    976.38       53.25
   1003.63       79.50
   1009.25       66.25
    979.15       72.25
    993.27       43.75
    985.16       82.00
    988.51       60.75
    999.93       44.50
    999.05       44.25
    989.37       69.50
    999.37       37.00
    988.58       48.25
    997.86       56.00
    995.29       64.75
    976.89       79.75
    997.35       37.75
    984.17       60.50
    981.78       58.50
    992.09       48.50
    991.61       53.00
   1009.78       30.00
   1005.52       28.00
    986.17       55.75
    983.74       65.00
    985.68       50.00
    984.93       71.25
    984.17       60.25
    968.59       62.25
   1002.12       36.25
    988.57       74.00
    976.32       43.00
    987.89       76.75
   1009.48       38.50
    985.79       47.25
    985.26       62.75
    997.71       52.00
   1006.12       72.25
    991.42       37.00
    987.10       59.00
    980.97       55.75
   1006.65       85.25
    995.45       53.00
    993.82       36.75
    993.99       51.50
    986.34       60.75
    996.56       64.25
    980.51       48.50
   1013.47       27.25
   1003.22       49.50
    992.12       64.25
   1004.78       28.50
   1002.36       38.00
   1001.13       38.25
    984.24       54.00
   1001.00       59.25
   1004.54       27.25
   1008.30       32.75
    996.59       55.00
    989.82       63.00
    976.40       48.00
    988.86       39.00
    982.65       48.75
    994.61       33.50
    984.41       50.00
    993.02       57.50
   1002.43       59.25
   1002.64       33.25
   1005.06       76.25
   1004.13       37.25
    995.38       39.50
   1000.93       71.00
    982.40       73.25
   1006.08       34.50
    979.18       60.75
    991.19       68.25
   1001.67       40.00
    988.67       32.50
    984.78       58.50
   1007.16       38.75
    990.45       55.50
    990.18       43.00
    992.38       46.00
    953.31       41.75
    974.75       58.00
   1002.19       49.00
   1004.99       50.50
   1006.41       30.75
   1027.94       69.25
    968.95       76.50
   1008.75       42.00
    974.23       67.75
    991.08       57.25
    973.87       49.00
    992.68       53.00
    971.59       52.50
    995.37       42.25
    969.84       57.25
    996.38       37.00
   1012.91       66.75
    977.23       57.25
    993.04       51.50
    966.19       73.25
   1013.86       34.50
   1008.82       53.50
    997.30       33.75
   1006.30       32.50
    988.17       47.00
    954.51       60.25
    987.46       61.50
   1004.75       33.75
   1007.22       51.00
    981.77       58.25
    992.82       58.00
    998.54       26.50
    982.95       78.00
    971.99       52.25
    976.60       70.50
    973.52       55.50
   1013.66       34.75
    954.27       58.50
    982.70       52.50
   1014.48       31.75
    968.95       70.50
   1007.82       73.00
    971.82       52.00
    990.68       38.25
    992.04       46.75
    965.32       54.00
   1002.12       48.75
    989.76       43.25
    979.89       61.00
   1005.72       61.75
    974.72       45.75
    984.41       43.00
    991.35       42.50
    982.50       64.25
    993.84       47.25
    979.70       71.00
   1002.24       28.50
    979.24       44.50
   1006.14       33.00
    999.39       36.25
    989.91       69.75
    973.70       60.50
    999.19       50.25
    988.77       53.50
    984.98       55.50
    990.32       67.50
    998.87       42.00
    989.12       74.00
    981.65       49.25
    996.31       62.50
    969.10       53.25
    999.20       29.25
    960.69       60.25
    996.48       31.25
   1004.71       74.25
    988.41       30.00
    988.68       40.00
    991.92       79.00
    972.52       51.50
    981.23       65.75
   1007.00       41.50
    990.11       76.50
    990.85       70.50
    984.03       61.00
    957.60       58.50
    979.66       50.25
    967.61       53.75
    978.71       49.75
   1004.30       76.00
    996.54       34.75
    973.24       55.50
    993.26       49.75
   1000.40       78.25
    965.35       51.00
    991.01       46.00
   1000.93       28.25
   1004.86       75.25
    988.12       46.00
   1006.40       81.50
    987.17       63.50
    975.63       46.50
    994.77       58.50
    970.75       55.00
    992.86       42.00
    998.01       50.25
    979.18       49.00
    985.91       47.00
    993.96       57.50
   1001.44       31.50
    999.79       54.75
   1013.93       45.00
    983.70       75.00
   1000.23       63.75
    979.37       50.50
   1004.50       59.50
    992.76       52.00
    982.45       50.75
    976.82       51.50
   1001.60       68.50
    997.39       69.75
   1018.14       67.25
   1000.84       35.25
   1008.38       34.75
   1007.89       59.00
    974.49       48.50
   1005.75       40.75
   1001.66       67.50
    991.00       53.50
    982.26       47.50
    992.15       53.00
    969.19       78.00
    991.55       72.50
   1001.91       41.50
    978.35       65.75
    995.73       61.00
   1003.30       74.00
    999.77       31.50
    981.41       61.75
    973.30       52.50
    982.87       52.75
    975.79       75.00
    999.92       61.75
   1008.17       36.00
    984.44       53.25
    988.04       80.75
    987.07       47.00
   1008.11       29.00
   1013.54       45.50
   1003.13       40.00
    981.20       78.00
    979.87       37.25
    992.90       60.75
    994.80       40.75
    992.45       61.00
    997.82       58.25
    983.83       61.50
    988.50       82.50
    973.02       65.25
   1000.74       32.25
    968.10       62.75
   1002.01       59.50
    979.70       83.50
    978.91       48.75
    987.63       69.75
    995.62       69.25
   1014.06       51.50
    974.35       39.00
    985.30       84.00
   1001.57       52.25
    984.40       66.00
   1009.83       37.25
    993.30       57.50
   1013.34       38.50
    997.10       60.00
    988.63       73.75
    990.98       44.50
    965.72       70.25
    985.32       84.75
    970.02       58.00
    996.96       28.75
    987.77       47.00
   1007.80       51.75
   1001.16       71.25
   1000.34       32.00
    994.99       51.75
   1014.31       40.75
    988.38       68.00
   1010.54       41.25
    979.00       77.75
   1000.45       33.00
   1001.55       49.00
    992.99       63.75
    997.39       43.50
    991.31       36.50
    985.35       80.25
   1001.40       48.75
    986.94       69.50
    997.92       47.00
    983.38       52.00
    989.65       71.50
   1001.69       71.00
    992.01       41.50
    987.78       50.75
    993.88       26.50
    984.15       56.50
    995.40       62.25
    981.27       50.50
   1011.20       43.00
    950.24       52.00
    991.96       69.50
    991.78       41.50
   1005.66       46.00
   1005.33       78.75
    967.63       37.50
    971.91       57.00
    974.59       45.50
   1004.83       57.50
    997.92       64.50
    967.39       63.75
    980.41       46.50
    999.79       70.25
    973.53       47.25
    950.67       47.25
    988.16       60.75
   1012.52       49.75
   1001.19       42.00
    967.32       72.75
   1001.28       51.75
    977.34       58.25
    973.14       42.25
   1005.40       31.25
    988.86       48.50
    988.29       50.25
    973.91       68.75
    975.68       44.75
    980.47       53.25
   1012.82       74.00
    973.15       78.50
    979.89       69.25
    995.65       63.00
    970.98       37.25
    994.93       32.75
   1009.58       62.00
   1008.59       37.00
    995.63       43.25
    997.48       40.00
   1005.03       77.00
    991.71       44.50
    997.01       73.25
    957.79       63.25
    973.88       58.25
    995.70       81.50
    995.23       27.75
    990.85       48.50
    986.73       61.75
    977.34       55.25
    983.98       51.25
    997.27       35.50
    989.13       60.75
    992.88       44.75
    993.80       83.00
    982.45       39.25
    988.65       61.75
    988.98       67.00
    979.66       50.25
    993.15       37.75
    979.03       47.25
   1004.47       27.75
    956.57       50.50
    994.30       43.75
    976.07       48.00
    979.55       57.25
    970.31       57.50
   1003.27       49.50
    987.27       80.00
    950.95       53.25
    978.71       80.00
    985.97       50.25
    997.20       54.75
    980.03       66.25
    976.20       66.75
    970.30       49.25
    977.89       48.00
    999.21       59.50
   1005.67       41.25
    992.33       51.75
   1005.49       37.00
    952.96       57.50
    962.51       55.75
   1013.96       30.25
   1007.30       50.75
    972.04       68.00
    986.64       40.75
   1002.89       35.25
   1009.38       45.00
    992.29       65.00
    976.95       45.00
    996.16       71.25
    984.90       70.00
    993.77       57.25
    987.52       54.50
    993.96       29.00
    994.91       43.50
    995.89       48.25
    980.10       70.50
   1007.92       52.00
    997.54       30.75
    976.79       76.50
    985.93       46.25
    985.80       61.50
    999.64       28.50
    987.48       60.50
    993.49       37.25
    989.12       53.00
    991.60       53.75
    974.64       37.50
    998.77       72.50
    991.31       59.00
    992.93       45.50
    978.38       60.75
    997.40       55.75
    993.39       73.75
    997.11       77.25
    996.35       54.25
    967.23       55.00
    995.30       62.75
   1005.40       48.25
    991.37       66.75
   1000.71       27.75
   1006.14       43.75
    991.76       59.00
   1013.84       67.50
    995.16       51.00
    986.88       54.25
   1005.31       36.00
   1006.45       37.75
   1000.07       72.75
    998.33       29.00
   1003.13       47.00
    980.49       51.75
   1002.50       39.25
    986.68       67.25
    967.28       52.50
    987.50       42.25
    990.87       43.25
    988.95       53.75
    982.88       66.50
    997.10       29.75
   1003.15       30.75
    998.51       38.00
    998.53       49.75
   1003.03       31.00
    995.32       55.50
    996.98       48.25
    984.94       60.00
    986.10       52.75
    990.81       73.25
    980.78       53.50
    997.32       48.75
   1000.52       47.75
    976.55       52.50
    993.65       71.50
    994.98       56.25
    978.13       66.50
    987.21       68.00
    981.13       44.50
   1004.04       34.00
    997.46       45.50
    998.48       54.50
    988.34       54.00
    973.33       59.50
   1002.23       77.25
    988.60       50.25
   1006.89       38.50
    998.06       37.50
    990.47       62.75
    998.01       64.25
    981.39       64.50
    990.47       36.75
   1001.07       69.25
   1000.60       44.75
    985.34       74.50
    982.31       53.50
    998.06       47.25
    985.42       73.25
    999.94       34.50
   1002.21       36.50
   1001.88       27.75
    990.65       49.75
    986.43       48.25
    979.40       80.00
    988.32       72.50
   1002.69       40.75
   1001.48       80.25
    992.20       48.25
    987.15       70.75
    963.33       50.25
    990.76       53.00
    983.83       82.50
    987.04       60.00
    993.12       36.00
   1007.55       39.50
    995.16       46.50
    988.74       70.25
    982.09       58.75
   1005.07       57.75
   1005.76       78.00
   1002.31       37.50
   1001.86       34.00
   1002.82       61.00
