    992.50       67.25
    992.67       53.50
    995.18       57.50
    986.86       63.00
    968.09       64.25
    996.75       59.25
    974.40       64.75
    990.43       59.00
    983.86       56.75
    982.00       58.75
    989.71       66.75
    975.01       59.50
   1008.36       35.75
    971.95       76.25
    996.96       57.25
   1009.43       29.50
    978.85       61.75
    980.66       64.25
    987.11       57.75
    972.46       54.00
   1000.39       45.75
    985.16       51.00
   1003.27       62.50
    978.73       54.50
    991.17       69.75
    958.80       62.00
    992.16       45.00
   1002.72       44.75
    989.68       38.75
    974.41       54.50
   1003.86       72.25
    993.10       72.50
    984.18       55.50
    971.72       56.25
   1000.40       46.50
    966.76       55.00
    987.47       57.50
   1002.23       30.25
    958.37       58.00
    975.47       73.25
   1004.77       41.75
    994.27       50.75
    993.70       39.75
    969.74       60.75
    986.30       66.25
   1005.79       37.00
    986.76       69.00
   1003.13       51.25
    986.16       65.50
    969.55       57.75
    985.33       72.00
    985.90       57.25
   1000.25       46.00
    987.95       49.50
    969.06       58.25
    976.77       55.00
   1006.65       66.50
   1009.45       40.00
   1010.60       40.25
    988.95       82.00
    983.31       58.00
    978.33       74.00
   1001.70       38.25
   1002.54       53.75
   1003.81       34.00
    956.51       67.75
   1001.51       48.25
    977.86       71.50
    961.85       59.25
    993.72       59.25
    992.78       77.00
   1012.61       45.75
    992.12       56.75
    978.67       68.00
    979.40       64.50
    977.63       71.00
    958.42       57.00
    992.57       58.50
    985.83       43.75
    960.86       51.00
    973.71       59.00
    966.70       81.50
    973.92       51.75
    970.25       51.00
    980.08       70.25
    962.92       60.00
    993.78       72.25
    957.16       68.75
   1000.60       67.00
    961.82       84.50
    972.66       58.00
    980.29       68.50
   1004.43       55.25
    990.65       58.75
    989.13       66.00
    971.04       58.00
    990.08       58.75
    996.40       42.00
   1007.59       37.75
    961.51       49.25
    955.59       52.75
    973.56       62.50
    994.03       51.50
    984.44       63.25
    994.62       69.75
    986.56       39.00
    956.74       59.75
   1002.13       50.75
   1009.83       28.00
    971.88       50.25
    989.80       57.50
    994.37       70.25
    993.42       39.00
   1015.06       40.50
    999.19       74.50
    971.54       58.25
    985.41       67.25
   1003.22       32.75
    980.68       60.00
    980.49       71.00
    983.45       61.00
    996.27       48.50
   1007.46       28.25
    956.66       50.75
    997.28       50.25
    989.78       39.00
    985.89       61.50
    995.21       51.00
    950.37       49.00
   1005.65       73.25
    995.39       62.00
    978.03       59.50
    971.57       46.75
    987.04       43.50
   1007.06       57.75
    990.15       67.50
    990.43       71.75
    993.76       72.50
   1003.04       36.50
    976.57       76.50
    985.42       60.75
    959.56       46.75
    989.64       74.00
    992.74       59.00
    969.62       70.25
    978.10       59.75
    974.89       69.50
    966.81       55.75
   1000.78       81.00
    980.68       59.00
    989.84       81.75
   1006.64       38.00
    954.54       60.50
   1021.02       33.25
    972.79       64.25
    967.38       67.50
    989.77       38.50
   1012.66       38.75
   1005.33       44.00
    988.96       68.25
    999.41       34.00
    992.25       55.75
    959.45       55.00
    988.32       64.00
    979.62       66.00
    989.37       71.50
    972.82       53.25
    989.71       63.00
    973.28       56.25
    959.38       63.50
    997.62       53.75
    965.34       59.25
   1009.83       43.00
    986.84       31.00
   1002.57       36.50
    996.19       70.75
    979.01       62.50
    990.55       56.25
    975.26       60.00
    975.40       49.50
   1004.40       79.50
    975.39       74.75
   1016.32       42.00
    960.90       56.00
    974.26       57.25
    973.60       58.50
   1007.26       58.75
    986.99       65.25
    988.66       45.25
    987.46       76.00
   1012.81       26.50
    995.48       40.00
    978.47       73.75
    984.11       66.25
    986.47       67.25
   1010.83       24.50
    975.77       62.25
    979.38       57.25
    974.58       55.50
   1010.75       35.75
    999.15       46.00
    977.80       84.00
    994.54       48.50
    977.42       64.75
    971.48       53.75
    993.30       59.25
    997.60       48.00
   1006.69       30.50
    985.53       60.75
    987.99       57.00
   1000.61       37.75
    962.23       69.50
    983.09       61.25
    995.62       54.75
   1004.94       57.00
   1004.00       86.00
   1008.78       31.75
    987.44       55.25
    984.69       51.00
    964.98       63.25
    990.54       64.50
    987.63       51.00
    982.33       58.00
   1013.44       27.25
   1003.59       72.75
    989.85       71.75
    966.02       62.50
   1008.61       31.00
   1008.03       40.50
    991.82       85.25
   1013.52       56.50
   1006.30       40.25
    959.90       60.00
    986.85       68.00
    982.90       63.75
    998.20       55.75
   1001.76       49.00
   1015.68       39.00
   1008.07       41.75
   1001.08       67.00
   1003.54       33.00
    983.04       75.50
    989.35       48.00
   1000.48       48.25
    981.95       65.50
    972.28       48.75
    988.40       58.00
   1003.83       29.00
    997.13       56.75
   1007.59       38.50
    974.03       71.00
   1010.36       35.75
    992.54       59.75
    969.55       60.00
    972.60       64.25
    984.81       66.50
    956.56       62.50
   1009.03       33.50
    973.19       70.75
    995.34       38.25
    993.14       54.50
   1001.78       40.25
    993.81       63.50
    953.79       57.50
    996.13       64.50
   1001.84       38.00
    994.47       48.50
    968.58       62.50
    998.70       63.25
    971.10       41.75
   1007.69       45.25
    984.88       62.75
   1013.12       46.00
   1006.36       52.50
    997.00       70.50
    979.71       77.75
    984.23       66.50
    987.81       48.75
    994.78       61.25
   1010.65       36.25
   1000.53       60.50
    984.34       75.50
    995.77       62.00
   1000.86       51.75
    953.71       60.00
   1001.29       49.25
    987.79       68.75
    991.69       34.75
    983.61       48.75
    995.98       44.25
    990.11       69.00
    988.54       40.75
    993.49       77.75
   1020.12       47.25
    970.19       63.25
   1008.41       28.25
    994.03       69.75
    969.46       76.50
    990.52       40.75
    990.24       72.00
    998.77       56.25
   1001.96       54.00
    969.50       75.50
    976.27       62.50
   1010.53       35.75
    989.00       51.25
    966.28       53.00
   1005.98       47.00
    994.59       41.50
    942.79       53.75
    988.67       54.25
    977.68       47.25
   1005.78       52.50
    968.32       43.25
    971.87       56.75
    983.93       66.25
   1006.16       74.75
   1010.74       30.00
    982.29       46.50
    963.58       50.75
   1001.57       38.75
   1006.54       47.50
    999.80       74.00
    977.21       39.00
   1003.09       58.25
   1002.43       34.75
    977.06       57.25
    985.75       70.50
    993.33       53.25
   1000.07       65.75
    966.78       49.25
    959.53       42.25
    970.43       61.75
    980.12       65.50
    965.09       59.25
    983.38       67.00
   1015.67       45.75
    984.88       55.75
   1010.97       42.00
    951.07       60.50
    986.99       52.75
    988.89       44.25
    970.48       64.50
   1003.01       42.25
    992.22       68.50
    994.81       75.25
   1003.63       64.25
    954.75       63.25
    991.18       49.50
    994.75       40.00
    989.94       53.25
    987.28       74.50
    982.69       83.50
   1003.04       65.25
    986.53       57.50
    964.40       54.25
    961.48       53.00
    983.14       59.00
   1013.52       28.75
    996.14       71.00
    977.47       54.00
    972.82       64.75
    984.77       65.25
    956.69       58.25
   1014.24       43.00
    972.16       61.00
    952.42       50.00
    993.15       42.25
    984.09       56.25
    969.79       40.75
    965.10       49.25
    985.48       63.50
    997.53       65.25
    996.96       37.00
    975.21       79.75
   1007.20       50.75
    972.72       67.25
   1004.18       67.25
   1011.53       36.50
   1007.76       34.50
    987.28       37.50
    969.24       79.50
    997.40       41.00
    994.37       75.00
    960.09       56.75
    988.51       66.00
    969.92       49.75
    971.90       61.25
   1003.42       50.25
    990.15       36.00
    967.36       56.25
    974.25       64.50
    958.83       52.75
   1014.60       30.25
    964.45       70.25
    993.49       57.00
    995.71       58.50
    965.98       43.25
    997.73       60.25
    990.03       48.25
    975.99       58.75
    993.39       66.00
    998.71       66.00
    969.43       56.50
    997.80       59.75
    976.93       62.25
    975.77       45.00
   1006.20       30.00
    991.04       48.25
    996.24       62.50
   1013.09       29.25
   1010.61       32.00
    978.06       60.50
    979.14       50.50
    967.28       62.50
   1006.73       35.50
    977.48       58.00
   1000.90       57.75
   1012.17       33.25
    963.63       58.50
    986.57       55.00
    978.37       40.00
   1005.66       35.75
    992.41       58.25
   1000.81       84.00
   1009.99       55.25
   1003.85       53.00
    992.80       50.00
    995.69       27.00
    983.60       57.25
   1003.55       80.00
    991.28       35.00
    956.46       51.25
    993.28       50.75
    991.41       58.75
    974.51       59.50
   1000.00       73.25
    992.32       57.25
   1013.82       72.50
   1004.64       44.75
   1019.27       66.75
   1000.08       41.75
    999.36       39.25
    970.93       64.75
    995.07       61.75
    990.47       50.25
   1009.92       51.75
    998.47       72.50
   1007.44       29.25
    989.71       74.25
    999.00       49.25
    994.33       51.75
    996.53       69.25
    993.51       53.25
    980.22       61.75
    980.80       72.75
   1009.46       37.75
    968.14       59.00
    994.56       42.25
   1011.86       26.00
   1000.26       83.50
   1003.23       59.75
    991.98       66.00
    988.17       52.50
   1010.35       29.75
    992.12       43.50
    959.96       69.00
    991.98       54.00
    983.25       59.75
    992.38       69.75
   1006.04       35.25
   1006.39       27.75
    992.16       58.50
    984.32       67.75
    999.67       47.25
    998.19       27.75
    986.34       67.00
    998.29       56.25
    982.04       72.50
    993.46       41.25
   1004.98       32.75
    964.89       46.50
    988.10       59.25
    974.72       69.25
    982.86       60.25
    990.77       40.00
    993.64       74.75
    994.61       74.00
   1006.39       49.25
   1009.56       33.75
    983.68       76.25
    960.89       57.25
    989.56       67.25
    993.42       59.50
    978.49       75.00
    987.45       57.25
    962.62       44.75
    979.68       57.00
   1014.71       59.00
    981.04       54.00
    999.67       63.50
   1002.29       52.00
   1006.35       33.75
    980.68       48.50
    974.72       46.50
    976.35       55.75
    990.76       72.00
   1004.05       35.00
    991.51       76.25
    999.44       62.25
   1007.84       36.00
   1006.52       29.75
    972.07       58.75
    975.34       77.50
   1001.04       42.50
   1005.10       50.25
    997.05       47.25
    999.56       54.75
    963.41       47.25
    991.80       63.50
    998.23       72.75
    976.84       62.25
    983.95       51.50
    998.00       68.75
   1006.54       32.75
    983.98       63.25
    969.20       76.75
    967.17       51.50
    971.97       56.25
    980.29       49.75
   1000.28       67.25
    984.43       50.25
    995.06       74.50
    998.99       67.00
    976.12       76.75
    988.13       55.75
    970.80       45.75
   1001.51       38.25
   1010.51       46.00
   1009.26       48.50
    949.22       61.50
    955.77       51.00
    972.78       55.00
    970.69       58.00
    993.38       48.00
    978.11       81.00
    980.40       64.00
    997.02       69.75
    976.14       59.50
    992.25       67.75
    985.18       64.50
    992.24       46.75
   1004.94       38.50
    955.41       63.25
    973.30       53.75
    983.89       60.75
    984.95       76.75
    992.89       66.00
   1007.96       55.50
    989.06       82.25
    968.16       70.25
    979.99       76.25
    968.69       76.00
    985.76       60.25
   1009.84       49.75
    986.73       34.75
    960.58       60.00
    988.75       73.75
    956.47       52.50
   1002.40       70.00
    987.26       56.25
    996.73       56.00
    984.14       46.50
    967.68       59.00
    963.28       63.25
    967.66       59.00
    944.66       63.50
    984.10       51.75
    997.98       74.50
   1008.31       34.00
   1019.02       39.25
    974.32       63.50
    976.49       54.25
    998.08       68.50
    983.11       61.50
    982.84       42.50
    981.21       45.25
   1007.88       76.00
    983.81       55.00
    972.79       48.75
    980.51       51.50
    938.42       63.25
    990.28       64.75
    999.73       35.50
    947.00       57.25
    931.46       60.00
    979.03       66.00
   1008.82       41.00
   1000.73       40.50
    973.60       67.75
    988.26       52.00
    952.90       58.00
    959.31       57.00
    975.02       49.25
    958.94       55.50
   1002.49       43.00
    974.05       49.75
   1006.82       35.00
    965.03       69.75
   1001.61       47.00
    990.33       62.00
    996.60       51.50
    990.56       82.25
   1009.26       38.25
    997.21       53.50
    984.07       66.00
    981.39       62.25
    987.39       57.75
    993.07       55.50
    973.10       57.50
    984.12       45.75
    979.35       58.75
   1004.26       29.25
    994.23       62.00
   1002.82       29.50
    974.29       82.00
    994.40       57.00
    989.43       53.75
    996.63       36.50
    980.70       62.25
    990.48       51.00
   1004.60       80.00
    991.34       58.75
   1001.19       27.75
    980.76       60.50
   1017.25       28.75
   1011.98       35.50
    962.75       56.25
    990.87       52.00
    999.34       59.25
    980.69       56.75
    993.41       58.25
    979.45       50.25
    987.05       73.00
    985.50       70.25
   1006.04       31.00
   1005.15       38.00
    983.11       70.25
   1004.01       38.25
   1006.08       42.75
    999.36       67.75
    982.67       45.50
   1002.63       53.00
    978.90       58.75
    986.86       69.25
    978.52       59.00
    970.31       53.00
    989.59       72.50
    998.49       41.25
   1006.31       35.25
   1000.79       58.25
   1009.26       29.75
    976.45       65.00
    984.49       36.25
    963.86       56.25
    975.74       51.50
    991.91       52.50
    991.42       72.00
    997.86       73.25
    970.95       61.50
    975.65       50.00
    980.02       46.00
    987.94       63.75
    989.71       72.50
    974.85       63.50
    981.51       61.75
    987.00       52.25
    987.37       49.50
    996.83       40.50
    990.25       41.50
    978.02       72.75
    996.54       62.75
    993.11       56.00
    989.19       55.00
    994.06       37.50
    979.08       45.25
   1005.06       39.25
    980.73       74.00
    972.76       52.00
    959.25       70.25
   1001.86       39.50
   1018.14       41.50
    990.56       50.50
    993.09       66.25
    967.47       55.50
    969.74       53.25
   1010.24       45.25
    974.50       65.00
    993.56       57.25
    987.20       40.75
    998.06       43.25
   1007.75       52.25
    965.28       66.75
    972.48       64.25
    970.12       65.25
    994.18       44.25
    982.75       59.00
    978.52       59.00
   1001.22       31.75
    988.46       68.50
    990.61       63.25
    987.84       45.50
    969.61       50.00
    976.46       36.00
    987.33       60.25
    987.99       76.00
    979.11       66.50
    986.87       78.50
    996.49       55.50
    959.03       76.75
    979.13       68.75
   1012.36       25.25
    968.07       53.25
    986.37       67.50
    966.91       59.75
    967.35       59.25
   1010.41       46.50
    996.92       54.75
    966.55       53.25
    975.07       50.00
   1013.68       36.50
   1008.54       33.75
    990.10       76.50
   1006.08       38.25
    991.10       41.25
    991.95       65.25
   1008.93       39.75
    994.05       64.00
    974.01       65.50
    981.17       55.00
    995.81       52.75
    948.68       67.50
    985.13       45.25
    977.52       52.50
    987.35       42.00
    986.17       61.75
   1010.02       27.50
    965.62       83.75
   1011.63       35.75
    992.82       44.25
    989.19       54.50
    953.78       59.50
    992.27       81.00
   1003.47       67.00
    961.28       54.50
   1007.00       34.75
    992.30       60.00
   1003.49       41.25
    967.59       85.50
    999.81       55.25
    986.57       53.00
    964.08       65.25
    954.28       64.50
    999.63       72.50
    948.92       61.50
    980.51       57.00
    993.09       72.50
    981.44       38.75
    949.33       65.00
   1008.24       35.50
    962.31       69.50
    989.53       70.50
    980.78       60.75
    995.09       76.00
    967.74       62.50
   1025.50       54.00
    983.99       59.00
    973.51       79.50
   1032.24       53.25
    957.14       59.75
    973.70       53.75
   1018.20       44.50
   1000.53       41.25
    987.54       58.25
    998.55       69.50
    996.85       36.00
    959.53       54.75
    974.09       48.00
    963.58       79.75
   1021.71       55.50
    992.20       46.50
    958.11       58.50
    969.84       46.50
   1010.10       37.00
    961.73       75.50
    983.80       58.25
   1007.09       32.25
    982.13       82.00
    974.28       81.00
    983.76       55.75
    935.76       60.25
    980.10       64.25
    959.05       50.75
   1002.26       58.50
   1001.54       39.25
   1021.12       44.75
    979.47       44.50
    988.49       46.75
    976.70       60.75
   1010.05       35.75
    989.84       59.25
    998.05       41.50
   1000.00       49.25
    989.40       72.75
    976.08       51.00
    993.73       61.50
    998.22       72.00
    982.46       81.75
   1001.56       38.50
    995.13       58.25
    992.39       68.50
    998.00       56.00
   1003.29       36.75
    995.58       32.25
    966.31       56.00
    981.45       59.25
    982.68       66.00
   1004.67       31.75
    988.89       76.00
    991.89       58.75
   1016.13       30.75
    975.47       56.00
    999.90       59.75
    949.02       50.25
    980.58       54.75
    977.31       60.75
   1000.19       47.00
   1007.68       51.00
   1007.96       33.75
   1006.11       30.75
    990.46       39.00
   1001.83       42.50
    990.08       69.50
    961.44       53.75
    998.85       74.00
    980.65       68.75
   1001.65       36.75
    966.17       70.50
    975.18       83.50
    971.82       68.00
    967.14       62.25
   1011.12       33.75
    986.64       62.00
    994.88       55.00
   1003.68       46.75
    981.56       58.25
   1011.06       35.25
    993.52       53.75
    988.98       63.00
    999.38       54.00
   1006.22       29.00
    986.87       60.00
   1000.31       74.00
   1008.11       30.75
    970.98       62.50
    995.35       43.25
    999.78       38.00
    956.16       79.25
    999.99       73.25
    988.17       70.75
   1003.77       29.25
   1012.19       59.75
   1007.35       35.50
   1001.82       57.50
    968.81       73.25
    982.78       55.00
    978.41       44.25
    987.16       54.50
    966.78       75.00
    979.92       59.75
   1010.69       28.25
    964.89       49.75
   1002.54       57.50
    967.49       53.25
   1007.59       35.00
    971.01       53.00
    988.15       83.50
    997.05       46.00
    992.98       35.50
    971.82       55.50
    969.83       77.50
   1001.92       59.25
    990.81       68.25
   1003.71       65.50
    982.59       72.00
    974.64       76.25
   1008.21       37.00
    986.86       46.75
    992.71       37.75
    988.84       68.50
    973.26       67.75
    967.06       55.50
   1004.16       44.00
    977.53       74.00
   1000.28       36.25
   1005.45       30.25
    990.79       63.25
   1013.80       48.25
   1009.11       44.50
    989.11       51.25
    980.71       76.75
    962.89       51.50
    971.66       76.00
    968.36       56.75
    974.00       51.00
    991.10       53.25
    984.28       68.75
   1013.51       27.25
   1009.15       32.50
    991.94       67.75
    978.11       75.25
    993.08       64.50
    971.54       59.75
    984.12       49.25
    998.61       67.00
   1007.94       30.25
   1004.82       57.50
   1005.87       33.00
    969.31       65.50
    994.11       35.50
    998.64       58.00
    955.36       58.00
    997.59       31.50
    973.27       51.75
    976.84       61.00
   1008.52       31.75
    989.77       51.25
    969.11       50.00
    964.28       50.75
    963.07       58.75
    988.12       77.75
   1001.00       39.75
    977.84       66.50
    997.52       36.25
   1007.27       38.25
    977.83       72.50
    986.29       48.25
   1001.92       40.00
   1006.60       57.50
    956.48       53.75
    963.45       59.50
    986.78       80.00
    960.65       60.00
    972.69       66.25
    998.06       68.75
    980.23       68.00
    985.66       65.00
    961.12       59.25
    979.10       58.75
    966.61       63.00
   1013.16       29.50
    977.61       74.25
    992.79       58.75
   1012.49       45.25
    970.47       61.25
    989.78       56.50
    979.67       54.75
   1010.12       41.50
   1002.01       47.50
    974.79       76.25
    995.04       64.75
    984.89       75.75
    996.80       33.50
    945.46       63.75
    950.69       67.00
    979.70       75.25
    974.48       54.25
    983.84       64.25
   1006.19       43.75
    989.95       53.75
    993.16       55.75
    961.78       57.75
    984.88       67.00
   1005.89       36.25
    997.30       45.00
    983.26       76.50
    957.07       60.75
    975.63       46.00
    997.14       82.25
    964.18       78.75
    962.98       63.00
    966.81       53.25
    949.66       60.50
    978.38       68.00
    994.11       60.00
   1006.30       36.00
   1014.44       39.00
    989.19       38.50
    975.58       78.75
    957.89       74.00
   1004.68       29.75
    992.75       57.75
    998.95       55.75
    957.48       52.00
    965.72       64.75
    992.78       39.50
    968.27       57.00
    992.61       55.75
    989.83       45.25
   1011.05       31.00
   1003.09       63.00
    996.70       50.75
    970.03       51.00
    998.87       52.00
    985.91       61.00
    986.00       67.25
    993.95       44.50
   1003.90       37.75
    978.62       54.00
    994.27       73.25
    993.94       57.25
    984.61       63.00
    985.81       77.00
   1013.61       25.75
    989.97       55.00
    999.06       50.00
    980.09       64.75
   1010.08       32.25
    985.26       53.75
    994.30       78.00
   1000.48       52.00
    981.92       67.00
    985.65       69.50
   1005.77       39.50
    988.46       57.75
   1002.20       34.00
   1001.61       29.50
    988.33       68.00
   1002.96       58.75
    983.25       66.75
    972.74       63.25
   1007.90       45.75
    962.21       51.75
    986.68       69.00
   1007.99       63.00
    982.93       80.50
    989.73       58.75
    992.32       71.75
    990.10       46.50
    997.85       65.50
    970.22       44.75
    961.88       64.00
    970.44       75.00
   1001.04       49.75
    972.94       62.25
    979.37       60.50
    995.60       76.00
   1006.86       39.00
    975.34       76.00
   1011.43       27.25
    985.39       57.00
    949.09       60.50
    975.46       70.25
    990.06       49.25
   1005.41       38.50
   1005.42       69.00
    983.71       61.75
    997.38       78.75
    992.52       52.75
   1010.17       32.25
    992.62       68.00
    978.21       55.00
    997.30       49.75
    997.39       55.50
    992.72       46.00
    979.16       50.50
   1001.02       47.75
    984.81       77.00
    993.46       43.50
    965.04       52.00
    994.32       43.00
   1004.81       63.50
   1008.36       79.25
    979.65       46.50
    992.70       70.25
   1005.66       38.25
   1012.66       36.75
    976.15       66.50
    985.54       65.75
   1001.79       57.00
    984.64       65.25
   1004.23       44.75
    975.67       49.25
    986.68       70.00
    987.62       63.25
    981.07       61.75
    974.37       68.00
    969.23       53.75
    966.71       54.25
    986.79       38.50
    971.41       54.75
    966.13       54.00
    980.41       62.50
    997.33       77.75
    993.86       68.50
    995.64       78.50
    974.17       66.00
   1001.00       38.25
    992.79       65.25
    979.28       60.75
    977.30       65.50
    980.76       73.50
    974.88       61.00
    963.27       51.50
    961.46       69.50
    982.77       54.75
    987.24       57.50
   1004.16       29.75
   1014.77       35.25
    976.61       59.25
    979.24       56.00
    993.56       62.00
    972.92       82.00
    991.63       63.25
    966.20       57.25
   1001.88       65.50
   1012.04       37.50
    986.11       54.50
    992.44       66.00
    991.24       44.75
   1012.03       32.50
    955.70       64.75
    992.68       49.75
    993.57       70.25
    978.95       44.00
    992.17       68.00
    999.14       53.75
    957.14       59.00
    966.55       68.25
    964.88       53.50
   1005.02       29.00
    984.73       49.25
    974.92       40.00
    982.06       62.00
    982.69       77.75
   1003.64       43.25
    990.68       54.75
    991.52       57.00
    970.38       61.50
    992.59       48.75
    991.87       72.75
   1004.66       50.00
    962.75       54.75
    988.91       60.00
    983.92       74.50
    992.46       65.00
    961.79       57.25
   1004.98       81.50
    976.79       68.25
    987.19       62.00
    954.81       62.75
   1005.76       34.25
    947.01       48.25
    964.86       52.00
    989.64       66.75
    975.57       54.00
    999.82       47.00
    980.41       55.00
    996.21       69.50
    989.76       49.75
    990.24       56.00
    968.91       54.00
    966.14       60.50
    977.14       54.25
    991.53       83.25
    983.78       60.00
    963.70       54.00
   1011.01       27.00
    999.77       77.25
    989.17       40.00
    973.62       63.00
   1003.23       40.00
    978.94       67.50
   1008.58       29.25
    970.89       79.75
   1010.11       25.75
    985.24       50.00
    969.86       56.50
   1017.35       41.50
    981.01       48.00
    989.69       45.50
    997.50       45.00
    967.22       50.75
    998.63       36.50
    988.11       70.00
   1004.27       38.50
    988.56       66.00
    977.31       50.00
    954.85       66.50
   1004.72       46.75
    982.50       55.00
    978.40       67.25
    984.14       52.00
    991.96       79.25
    978.67       48.00
    990.96       45.75
    999.93       37.00
    947.98       61.75
    991.99       68.50
   1004.61       35.75
    999.71       53.25
    990.10       70.75
    983.32       76.75
    965.63       48.50
    978.93       77.25
   1003.31       38.50
    977.59       46.75
    980.63       57.50
    995.09       64.25
   1000.33       40.25
   1000.81       55.00
    981.01       55.00
    995.57       42.25
   1007.77       44.00
    988.02       62.25
    992.25       47.00
    982.31       55.25
    994.16       71.50
    997.68       56.50
    991.71       78.50
    992.74       50.50
    972.92       54.25
    981.83       53.25
   1002.62       27.25
    988.03       53.75
   1003.18       50.00
    988.35       62.25
    997.53       69.50
    999.58       33.75
    987.02       80.25
   1001.24       54.25
    987.54       36.75
    995.43       54.25
    992.94       59.25
    989.22       59.25
    990.17       50.00
    990.60       70.00
   1000.27       36.00
    996.05       70.00
   1000.34       40.75
    989.35       63.50
    990.33       46.75
    993.51       73.25
    961.60       63.50
    996.50       64.25
    975.72       64.50
    996.76       42.75
    998.50       60.00
   1003.83       28.75
   1011.16       85.75
    968.39       63.75
    987.04       46.75
    997.42       45.00
    971.75       57.50
    996.46       69.75
    997.72       45.50
    972.06       70.75
   1002.84       55.00
    985.61       66.00
    993.54       75.00
   1009.47       58.75
   1012.68       34.75
    970.82       62.00
    985.07       52.25
    999.89       39.00
    988.38       57.25
    980.25       64.25
   1004.03       33.50
    957.50       41.00
    970.17       60.50
   1000.17       77.25
   1016.85       33.50
    989.38       69.00
   1010.32       49.00
   1006.09       34.25
    979.76       62.00
    981.06       52.50
    979.36       54.75
    993.02       55.50
   1008.85       36.75
    960.87       73.75
   1004.78       30.75
    980.11       50.00
   1001.71       50.50
    950.38       70.00
    977.74       51.00
   1005.61       52.50
    987.76       58.50
   1000.16       81.25
    976.96       50.75
    969.27       78.50
    979.42       59.25
   1000.44       41.75
    981.81       63.25
    986.53       77.50
    998.56       53.00
    970.69       58.75
   1008.27       45.25
    955.94       50.00
    983.67       64.25
    982.26       57.75
   1004.14       80.25
    960.77       49.00
    972.88       52.25
    996.63       38.75
   1004.17       44.75
    990.83       43.00
    965.39       45.00
    976.93       52.50
    986.09       59.50
    989.64       75.50
   1011.75       72.75
    962.98       48.00
   1007.55       36.50
    978.42       59.50
    993.72       72.75
   1009.85       50.25
    993.75       52.50
    996.68       79.75
    982.90       76.00
    973.80       54.50
    979.21       51.50
    984.54       56.75
    998.32       46.50
   1007.52       30.00
   1008.50       38.75
    989.91       61.25
    990.00       72.50
    977.45       42.00
    977.47       54.75
    949.09       58.75
    975.62       53.50
   1008.23       43.75
    987.57       60.25
    963.96       43.75
    988.00       68.50
    998.03       62.75
    979.44       57.25
    979.32       72.75
    974.48       54.25
    963.11       56.00
   1000.24       52.00
   1008.11       34.25
   1009.40       22.00
    955.95       57.50
   1014.54       40.25
    982.96       53.75
   1000.49       59.50
    978.45       58.00
   1018.37       36.25
    972.31       58.00
    977.84       46.00
   1019.27       48.25
    952.28       59.00
    988.85       74.00
    980.31       68.50
    972.17       59.25
    982.72       75.50
    969.39       68.75
    984.21       40.50
    992.77       66.50
    972.18       53.75
    977.85       62.50
    999.16       33.25
    960.83       50.25
    987.27       76.75
   1008.26       33.25
    974.28       50.50
    995.79       50.25
    990.64       49.25
    982.87       47.25
   1014.74       40.25
    981.17       43.00
   1002.50       59.50
    993.56       43.50
    995.53       46.75
    965.60       60.25
    983.85       79.25
    971.72       56.50
    994.24       72.75
    979.06       76.00
   1010.81       43.75
   1009.88       70.25
    997.18       60.50
    984.20       42.25
   1014.04       43.75
    981.44       51.25
    975.79       60.25
    956.99       61.50
    972.11       59.25
    976.95       47.25
   1001.33       66.25
   1011.09       68.00
    977.19       60.75
    987.60       39.75
    993.84       36.25
   1005.74       72.75
    976.36       49.75
    974.06       45.50
   1014.58       70.25
   1003.64       29.00
    984.38       51.50
    989.04       79.50
    956.41       52.50
    990.89       54.50
   1001.85       67.75
    982.70       62.25
   1004.51       60.50
   1007.34       54.25
   1004.09       36.75
    971.39       74.75
   1005.16       32.75
    976.08       61.00
    987.27       62.75
   1012.67       39.25
   1007.82       38.00
   1000.39       60.25
    999.06       57.50
    978.19       56.50
   1006.83       41.25
   1018.49       58.00
    986.96       76.00
    980.83       59.25
   1002.77       41.00
    990.80       83.50
    993.16       61.00
   1015.27       50.25
   1007.71       35.50
    972.38       63.00
    992.19       57.00
   1008.33       54.00
    970.71       62.50
   1004.03       46.00
   1008.48       42.75
    984.87       58.00
    991.29       50.25
    983.08       56.25
   1013.15       42.25
    972.84       46.75
    971.35       60.25
    979.51       47.25
    998.60       55.50
    982.86       73.50
    992.39       63.50
    998.74       53.25
    971.63       58.25
    983.11       70.50
   1002.14       35.00
    989.98       40.50
    991.16       58.50
    970.24       51.25
    985.86       75.00
    953.61       62.00
    988.83       72.00
    995.61       62.75
    999.16       40.25
    969.81       45.25
    974.56       76.25
    982.21       77.25
   1006.86       33.25
    997.71       44.00
    975.40       51.00
    982.97       50.75
    980.95       67.75
    985.56       77.50
   1006.86       34.00
    972.95       64.00
    981.32       51.50
    992.83       55.00
    975.11       66.00
    999.70       64.75
    991.22       43.50
    972.77       67.50
   1006.99       38.75
    983.95       46.25
    996.09       66.50
    973.21       56.25
    966.77       49.75
    987.41       51.75
    968.52       51.00
   1004.28       28.25
    985.64       48.50
   1009.30       31.00
   1010.15       36.25
    980.59       54.75
    971.16       59.50
    979.03       70.50
   1003.46       40.00
    984.80       61.75
    985.55       50.00
    954.83       64.75
   1004.70       68.00
    974.39       49.75
    998.76       40.50
    980.03       51.75
    984.60       56.50
    981.65       37.00
    971.02       43.25
    986.88       61.25
    997.69       64.75
   1006.47       36.00
    973.76       72.25
    993.59       41.50
   1000.66       57.75
    994.16       55.75
   1007.18       38.75
   1004.88       44.00
    973.65       77.50
   1005.36       38.75
    995.78       46.25
    979.97       51.75
   1001.90       40.25
    981.34       57.25
    992.05       72.00
    975.14       49.50
    989.05       48.50
    966.53       46.00
    986.18       57.00
    976.64       56.75
    966.05       72.25
    984.98       68.00
    952.13       81.00
    979.63       72.50
    964.03       61.50
   1007.05       29.25
    963.26       75.75
    998.00       47.00
    986.05       50.75
    984.12       46.50
    983.01       59.00
    995.59       62.00
    977.31       37.75
    980.22       51.50
   1002.45       55.75
    976.52       52.25
    977.80       75.25
   1001.15       63.75
    973.44       62.00
    971.08       62.25
    985.70       53.00
   1006.73       36.00
    987.58       53.50
    954.79       55.50
    987.90       64.50
    961.36       50.75
    973.82       51.00
   1001.52       29.50
    991.94       55.50
    996.35       73.00
    973.34       46.25
    980.40       69.75
   1016.07       38.00
    981.18       65.50
    996.70       71.50
    979.42       58.50
    964.00       51.75
    969.65       53.00
    986.89       61.25
    973.91       51.75
    973.94       79.00
   1005.36       68.25
    971.47       53.75
    959.94       52.50
    992.50       41.75
    984.05       69.25
    955.85       46.75
   1009.74       47.25
   1001.78       36.00
    968.72       58.25
    969.54       61.00
    974.64       78.25
    970.94       44.50
    975.33       42.75
    998.38       82.50
    996.79       40.00
    988.78       60.25
   1008.08       32.75
    979.96       42.75
   1011.01       28.25
    957.05       55.75
    998.09       36.25
    984.89       81.50
    993.51       57.25
    987.96       74.50
    989.84       57.50
    953.61       47.75
    978.13       55.00
    950.91       58.00
    985.87       64.00
    990.30       51.25
    985.17       33.25
    964.50       51.25
    993.31       79.25
    991.82       46.25
   1002.99       53.25
    983.73       46.25
    990.06       53.50
    960.89       46.25
    991.28       76.75
    985.76       70.25
    997.04       39.75
    982.63       44.25
    995.68       58.75
    985.39       46.50
   1007.34       34.75
    995.36       69.50
    996.96       48.50
    971.43       57.00
    989.18       50.50
    995.54       65.25
   1001.13       29.00
   1001.95       66.75
   1011.59       36.25
   1011.29       74.25
    993.40       67.75
   1003.29       34.75
    976.54       69.25
    979.69       58.50
    993.19       69.25
    998.95       39.75
    977.57       64.75
    991.58       45.50
    986.30       64.25
    979.60       54.25
    983.27       62.25
    999.59       46.50
    980.95       59.50
    981.08       77.50
    981.40       55.50
   1000.84       31.00
    998.13       45.25
    990.84       59.75
    993.91       55.50
    976.01       61.75
    986.58       48.50
    994.22       62.25
    977.95       53.50
    979.26       67.75
    983.20       46.25
   1009.03       41.50
   1003.03       43.00
    996.88       56.75
    983.30       54.50
    985.36       67.25
    999.68       36.50
    974.63       62.00
    990.07       74.50
    998.60       40.75
    991.45       73.25
   1012.32       45.25
    960.87       62.00
   1008.79       26.75
   1000.52       52.50
    986.12       55.50
    992.17       61.00
   1001.85       47.75
    996.61       50.75
    992.64       45.75
    984.83       59.75
    997.03       74.50
    992.55       62.50
   1006.51       56.75
   1001.28       80.50
   1005.70       29.25
    992.96       58.75
    968.70       52.75
    980.02       72.25
    972.35       56.50
   1002.41       39.00
    995.79       53.50
    982.85       54.75
    977.15       64.00
    995.59       55.75
   1014.16       27.25
    990.54       77.00
    977.15       67.50
    987.34       46.75
    981.21       78.25
    995.65       63.50
   1004.14       34.00
    972.14       80.75
    970.38       61.00
    994.55       60.75
    989.72       59.00
    979.53       63.50
   1013.09       31.25
    995.78       55.25
    969.84       58.25
    991.21       63.00
    984.46       55.75
    956.80       68.50
   1004.19       39.75
    984.00       47.75
   1014.70       32.75
    975.81       65.25
    996.52       78.75
    979.69       63.25
   1001.97       50.25
    971.40       64.00
    979.42       53.25
    981.32       50.75
    983.07       70.00
    969.10       65.50
    986.21       67.00
   1008.89       33.75
    991.42       46.50
    961.87       55.25
    979.51       51.25
    971.46       69.75
   1007.09       49.25
    968.27       68.25
    979.98       75.25
    980.71       47.25
    997.26       57.75
    945.25       43.50
    992.69       43.25
    976.47       64.25
    975.25       62.00
    976.22       53.00
    962.28       58.00
    977.02       62.25
   1001.79       78.25
   1014.20       26.00
   1004.80       39.25
    959.80       60.50
    983.40       63.75
   1002.42       36.00
    999.26       43.75
    993.07       47.25
    976.93       41.25
    982.45       51.25
    977.51       55.50
    979.76       62.50
    994.48       54.25
   1000.59       79.25
    960.28       50.00
   1011.69       28.50
    987.11       75.00
    967.07       50.00
    948.32       64.50
    976.69       63.00
    947.95       57.00
    978.53       76.50
   1012.39       30.25
   1005.36       67.75
    988.18       73.50
   1007.15       30.50
    980.06       54.50
    992.06       52.75
    997.19       67.75
    967.13       44.75
    996.02       45.50
    959.48       52.00
    979.31       62.50
   1003.78       36.75
   1005.38       68.25
    991.40       68.25
    968.77       47.75
    975.94       58.25
   1008.27       50.25
    999.74       45.50
    984.53       49.00
   1013.27       76.75
   1002.78       67.25
    967.83       51.00
    994.13       61.75
    967.37       51.50
    999.67       49.00
   1004.68       72.50
    955.38       56.25
    960.02       60.75
   1004.55       75.75
   1016.97       71.75
    999.41       38.75
    953.54       62.25
   1011.01       28.50
   1010.72       29.50
    966.03       44.50
    955.37       52.25
    960.42       48.75
    985.73       64.25
    980.85       52.75
    967.90       75.75
    991.81       42.50
    983.59       68.00
    993.84       65.25
   1006.63       40.00
   1009.07       26.25
    968.96       69.25
   1004.42       35.75
   1004.31       37.25
    986.59       59.50
    995.97       50.00
    993.83       66.75
    950.50       53.25
   1012.67       46.25
   1003.93       71.25
    999.97       35.25
    985.51       53.75
    984.71       64.50
   1004.02       40.50
    979.34       38.25
   1006.31       33.50
    962.14       54.00
    980.86       82.50
    991.91       41.25
    966.85       45.25
    965.73       55.50
    961.83       76.75
    978.30       62.25
    993.16       55.25
    958.02       60.25
    997.47       57.25
    982.86       54.75
    998.28       38.75
    973.39       60.25
   1002.80       44.00
   1000.81       35.00
    977.27       59.00
   1005.52       32.00
    999.06       77.25
    991.34       71.75
    992.79       80.25
    967.57       60.00
    971.83       77.50
   1004.07       37.25
    996.18       37.25
    978.81       54.75
    999.75       62.50
   1003.76       55.25
    997.94       51.75
   1003.70       40.50
    986.83       54.25
    962.67       55.75
    992.62       49.25
    973.97       53.50
    998.56       30.00
    999.38       52.25
    998.16       47.00
    997.91       60.25
    996.87       58.50
    952.37       51.25
    992.50       79.25
    988.65       79.25
    992.23       73.25
   1006.31       58.75
    972.41       50.00
   1001.44       28.25
    950.30       56.75
    987.87       71.25
   1004.85       55.00
    993.37       49.00
    967.24       69.00
    996.65       53.75
    998.76       75.75
    993.05       52.50
    972.11       77.00
    980.47       64.75
   1002.79       30.50
    973.71       73.00
    987.96       63.00
    981.85       53.25
    972.18       56.50
   1004.54       31.75
   1005.18       49.00
    964.55       62.75
    995.65       61.00
    999.33       72.75
   1006.84       39.25
    973.35       51.00
   1006.21       28.50
   1010.75       28.25
   1009.06       33.75
    994.56       57.00
    974.44       61.00
    977.86       77.25
    994.77       44.50
    995.69       66.00
   1002.86       48.75
    978.79       52.50
    966.16       75.75
   1000.98       37.50
    990.74       62.50
    981.33       59.25
    993.09       62.00
   1005.77       35.50
   1004.16       42.00
    992.28       50.00
    989.88       56.50
    989.22       54.50
    993.20       64.25
   1008.75       81.75
    986.84       50.25
   1009.58       35.25
    979.45       54.00
    985.29       62.75
    978.29       54.00
    969.14       53.00
    984.23       52.00
   1007.18       71.75
    992.79       59.25
    994.31       44.25
    968.78       83.75
    999.69       41.75
    992.94       60.25
    995.60       54.75
    981.30       49.25
   1002.59       67.75
    982.04       57.75
    959.05       57.25
    976.15       79.00
    975.80       53.00
    974.91       59.25
   1005.40       30.50
    969.89       56.75
    979.23       69.50
    984.58       53.75
   1008.51       46.75
   1006.84       29.25
    984.22       82.75
    965.81       44.25
    984.25       60.25
    995.56       68.75
    998.06       38.75
    997.50       53.25
    981.44       74.25
    971.30       76.25
    974.57       58.00
    976.17       51.25
    991.61       49.50
    975.74       68.00
   1007.49       34.25
    967.64       58.75
    991.82       71.75
    978.00       58.00
    962.06       53.00
    966.80       63.00
   1011.71       27.75
   1009.11       26.00
   1006.09       42.25
    962.19       53.25
   1010.48       27.50
    984.62       68.00
    977.08       66.00
    997.64       34.00
    991.56       78.50
    982.54       54.00
    984.39       55.50
    992.00       63.00
    963.32       53.00
    995.89       40.75
    995.27       39.75
    974.74       82.50
    981.65       62.50
    979.83       62.00
    990.18       71.00
    983.65       70.50
    974.17       59.75
   1006.69       49.25
    971.75       53.50
   1011.85       36.00
   1007.71       32.25
   1004.43       43.50
    985.57       51.00
   1002.36       40.25
    982.66       36.25
    997.96       43.00
    995.32       79.25
    974.09       68.75
    979.10       47.25
   1002.71       46.00
    984.62       67.25
    987.38       54.75
    936.33       55.75
    995.70       48.00
    960.90       45.25
    985.98       54.50
    986.88       44.25
    987.14       64.50
    974.90       60.50
    991.93       56.00
    993.44       43.00
    960.95       78.75
    995.86       48.00
    962.70       54.25
   1006.10       69.00
    974.77       53.25
    960.26       62.50
    999.63       51.50
    997.69       39.00
    971.44       79.75
    981.67       63.25
    976.93       50.50
   1014.01       32.25
    991.94       44.75
    981.13       74.50
    952.71       62.00
   1013.90       49.25
    972.59       58.25
    955.95       52.50
    964.67       72.50
    956.49       48.00
    994.26       74.50
    977.24       41.50
    948.00       49.50
    957.02       56.75
    974.19       61.75
    996.69       69.25
    981.70       58.00
    987.91       58.75
    986.22       73.00
   1003.35       47.25
    999.55       57.25
    972.30       61.75
   1004.29       29.75
    993.88       49.00
    985.39       58.25
    945.98       42.25
    977.83       48.25
    987.42       59.00
   1002.67       38.50
   1012.07       30.25
    986.09       55.25
   1006.43       42.50
    989.17       70.50
    988.14       56.00
   1008.85       44.00
    962.36       59.50
   1004.77       25.25
   1015.20       26.50
    989.50       59.75
    995.44       61.00
   1009.61       35.75
    986.92       65.75
    979.26       82.25
    990.24       51.25
    976.16       60.50
    970.67       82.00
    982.76       56.25
   1002.95       32.00
    962.99       58.75
    998.00       44.00
    984.92       77.50
   1000.05       45.00
    999.25       53.00
    994.47       51.00
    995.78       42.75
    977.79       76.75
    965.37       57.75
    982.51       70.00
   1006.02       63.50
    983.29       54.50
   1003.98       37.00
   1003.15       32.00
   1010.03       31.50
    991.90       79.25
   1007.60       36.75
    989.01       56.50
    974.76       64.00
    977.12       54.75
    965.58       62.75
   1001.67       41.25
   1006.82       58.00
    956.28       61.25
    981.53       60.75
   1007.38       45.50
   1012.50       48.50
    982.95       78.75
    985.88       45.25
   1009.28       73.25
   1006.14       79.00
   1000.82       45.25
    978.69       52.75
    973.66       78.50
    972.66       62.50
    995.29       70.25
    977.85       46.00
    983.14       77.25
   1002.36       32.25
   1009.17       45.50
   1007.38       69.75
    992.12       66.50
    976.15       74.50
   1000.79       37.25
    952.17       55.00
    965.36       57.75
    997.31       31.25
    983.18       73.00
    987.37       71.50
    968.08       49.25
   1002.89       29.75
   1004.74       46.50
    962.21       48.75
    991.03       70.50
    982.37       58.00
    992.73       74.50
   1002.89       59.25
    954.41       56.75
    996.39       64.25
    943.44       60.50
    985.09       50.25
   1009.26       28.50
    993.37       62.00
    992.41       49.50
    984.13       75.75
    971.18       55.75
    988.90       73.50
    995.51       59.00
    992.22       41.75
    998.69       39.00
   1004.84       31.00
    998.67       33.75
    993.78       71.75
   1004.11       31.75
   1007.48       36.75
    986.66       66.75
    960.40       56.25
   1001.00       40.50
   1003.14       82.50
    978.49       57.25
    973.92       56.00
    995.87       52.75
    954.44       50.50
   1012.87       36.00
    987.35       68.00
    943.99       58.25
   1008.23       79.00
   1012.88       26.50
    979.96       46.25
    992.24       46.75
    990.18       59.00
    986.85       69.25
    949.09       53.75
   1005.91       58.25
    996.44       87.00
    964.84       49.25
   1001.45       49.00
    971.73       54.75
    981.94       62.25
   1001.74       68.25
   1010.09       27.75
    987.66       51.50
   1002.75       61.50
    988.90       74.50
   1017.38       72.75
    994.54       77.50
    989.85       53.50
    968.30       52.25
    989.40       71.00
    965.04       54.50
    985.55       47.00
   1016.38       44.50
    991.79       56.00
   1007.19       43.00
    981.06       57.75
    993.75       64.75
    950.59       57.00
   1015.62       51.00
    969.91       50.00
    993.13       84.75
    991.75       54.25
    999.71       47.00
   1007.13       27.00
    968.29       64.25
    951.48       50.75
    998.11       49.00
   1030.78       64.00
    973.87       57.00
   1001.83       62.50
    960.77       49.75
   1005.35       81.25
    983.17       48.00
   1001.27       57.50
    967.43       54.00
    963.82       50.00
    995.37       46.75
    958.05       51.50
   1000.62       72.50
    977.41       79.00
    988.40       49.75
   1005.09       41.50
    971.38       46.00
   1000.57       44.50
    997.46       50.75
   1002.05       47.75
    987.77       63.75
    970.26       49.00
    997.70       72.50
   1005.93       83.50
    962.92       53.00
   1010.88       35.00
    969.06       52.00
    992.95       59.25
    998.93       60.00
    998.74       65.25
    966.89       53.75
    954.93       50.00
   1002.13       67.00
    959.96       54.50
    977.22       54.25
   1007.56       44.00
    950.86       43.50
   1002.82       62.25
    996.58       37.25
    958.24       52.25
    972.75       51.25
    996.38       63.25
    989.45       59.50
    983.45       60.75
   1011.32       43.00
    990.11       52.75
   1004.49       43.50
    984.32       75.50
    993.90       57.50
    982.26       61.00
   1002.81       38.75
    997.84       53.00
    974.87       53.00
    995.31       46.75
    981.18       61.50
    997.94       49.75
    975.90       56.75
   1000.90       39.00
    991.44       77.00
    983.59       55.50
   1001.97       47.00
   1013.77       29.25
    953.58       56.50
    996.16       64.50
   1006.76       52.00
   1000.55       30.00
   1006.95       49.50
    976.59       60.50
    979.36       82.50
   1007.65       34.25
    992.69       70.25
   1001.81       49.50
    993.99       72.00
   1010.06       36.00
    995.28       59.25
    996.78       74.25
    994.69       58.00
   1008.71       46.25
    976.97       56.75
    998.82       83.25
    992.35       62.00
    989.94       80.50
   1001.65       29.75
    999.99       41.75
    970.31       53.50
   1006.69       40.50
   1004.78       34.75
    999.13       57.50
    995.84       39.75
    975.88       59.50
    997.16       38.75
    978.47       58.75
    979.03       71.50
    978.75       80.00
   1012.00       36.25
    996.75       54.25
   1009.80       31.75
    982.32       63.25
   1007.23       38.50
    964.99       51.50
   1006.76       70.00
    981.32       68.75
    998.04       69.50
    983.77       67.00
    997.26       35.00
    984.84       59.50
   1004.59       50.00
    994.80       72.75
    994.71       81.50
    956.55       53.25
   1008.98       39.25
   1008.34       44.75
    998.99       53.25
    974.88       53.00
   1009.38       27.50
    991.67       58.50
    999.88       52.50
   1006.60       38.50
    982.13       79.75
    964.66       57.25
    997.81       50.75
   1003.17       46.25
    979.67       67.00
   1008.72       34.00
    991.82       75.75
   1003.15       50.00
    992.69       54.00
    964.30       57.00
   1003.27       46.75
    992.97       63.25
    963.56       53.00
    983.32       58.50
    976.29       54.75
    987.05       58.00
   1003.54       41.00
    990.93       54.00
   1011.57       36.50
   1008.85       36.25
    978.28       71.50
    979.38       53.00
    968.81       64.50
   1012.67       36.00
    989.09       50.25
    989.04       72.00
    982.89       58.25
   1002.87       49.50
    974.64       78.75
    980.89       44.50
   1009.99       40.75
    986.78       61.75
   1005.55       31.75
    993.38       47.25
    991.08       58.25
    974.61       51.75
    974.44       60.00
    992.52       51.50
   1013.84       25.50
    992.45       46.00
    992.52       66.75
   1004.99       33.50
    974.92       48.00
   1011.54       36.50
    962.57       52.50
    963.46       51.00
    968.36       77.50
    988.95       61.25
    974.26       68.75
    981.78       58.00
    951.32       64.50
    958.38       78.75
    967.00       53.00
    989.24       54.50
   1005.05       43.25
   1018.75       49.00
    972.14       59.50
    989.27       65.25
    981.27       59.00
    989.93       34.25
   1008.73       35.25
    959.12       54.75
    996.78       67.50
   1004.34       35.25
   1008.48       29.25
    961.43       68.00
    949.02       54.00
    959.06       55.75
    993.73       61.00
    981.18       65.25
    983.65       59.00
    981.38       64.50
    963.66       82.25
   1004.59       29.00
    952.93       77.50
    977.99       70.25
    988.41       57.50
   1007.91       42.25
    980.26       61.75
    991.25       38.25
    992.86       63.25
   1011.60       25.75
    999.48       46.75
   1008.02       34.75
    948.70       70.00
    972.41       50.00
    959.26       77.00
    964.22       54.00
    994.70       55.50
    994.49       64.50
   1011.97       31.50
    953.81       54.00
    993.02       58.00
    957.29       54.25
   1011.57       35.50
    972.06       52.00
    972.83       66.50
    986.28       62.75
   1002.38       31.75
    952.73       51.00
    960.06       44.75
    964.09       62.50
   1000.13       34.00
    981.01       70.00
    943.54       46.25
    987.58       52.50
    993.81       37.75
   1002.89       57.50
   1009.58       27.50
    964.30       77.75
    982.22       76.50
   1001.52       52.25
    978.68       43.50
    989.16       40.75
    980.91       58.75
    962.74       57.75
    989.07       68.75
    980.20       34.00
    965.58       64.75
    952.52       65.25
   1009.73       30.25
    984.31       47.25
    959.19       75.25
    995.52       77.75
    968.49       49.00
   1011.05       33.25
    959.48       62.75
    964.31       71.00
    972.67       46.50
    964.65       56.50
    989.69       46.50
    989.00       63.25
    997.18       35.50
    955.69       69.50
    970.07       45.25
    996.41       67.25
   1024.42       43.00
    987.51       41.00
   1010.64       39.50
   1012.41       35.25
    987.47       78.25
    982.03       68.75
    980.70       73.75
    988.20       84.00
    996.85       70.00
   1010.69       38.50
   1017.36       38.00
    987.89       61.25
    993.75       77.00
    977.21       74.50
   1003.23       47.50
    958.79       45.25
    991.23       56.25
    983.19       51.75
    992.52       73.50
    996.28       55.75
    969.75       53.25
    997.54       79.50
   1003.73       36.00
    983.98       59.50
   1000.86       51.50
    972.05       77.75
   1000.11       62.75
    988.91       47.00
    996.85       48.00
   1015.33       31.50
    981.38       59.00
    997.74       49.00
    987.28       74.00
    985.56       61.25
    990.17       53.25
   1010.69       45.75
    978.85       46.00
    988.81       55.50
    994.14       49.50
   1001.17       65.00
   1003.29       43.75
   1005.28       35.50
    959.72       63.25
    977.58       78.75
    986.61       50.00
    990.70       62.00
   1009.74       28.00
    979.90       62.25
    991.34       54.75
    989.92       54.00
    988.32       71.25
    989.98       36.75
    987.48       61.50
    999.52       37.75
    976.93       67.00
    996.43       63.25
   1007.27       52.75
    987.08       58.25
    995.65       69.75
   1006.07       46.00
    981.64       54.75
    995.15       62.75
   1011.83       39.25
    990.60       49.25
    990.43       62.25
    986.07       61.25
    999.76       59.00
    994.74       49.50
    977.73       73.25
   1001.83       36.00
    973.41       58.50
    987.93       57.75
    966.78       63.75
    976.80       55.00
    972.66       54.00
    959.43       58.00
   1010.65       56.75
   1000.46       53.50
    976.17       59.00
    996.65       40.75
    986.52       67.00
    978.76       79.50
   1005.59       57.50
    983.48       72.00
    962.77       46.00
    989.16       51.50
    954.60       50.25
    993.31       53.25
   1007.28       28.00
    985.80       73.00
    994.14       53.00
   1000.74       39.50
    989.34       51.25
    997.98       55.75
    995.26       68.25
    990.56       35.50
    984.20       45.50
    969.43       53.25
    990.70       38.75
   1009.73       43.25
   1007.19       70.75
    970.33       41.00
    968.15       59.00
    978.63       66.50
    968.73       47.75
   1004.14       36.75
    993.40       72.00
    988.79       65.50
    988.11       78.50
   1009.83       43.00
   1014.54       52.75
   1007.92       26.50
   1006.76       46.75
   1010.85       29.50
   1000.41       46.50
    973.55       55.00
    999.92       59.25
    961.46       43.25
   1009.63       62.75
    996.38       53.50
    990.33       58.50
    976.21       50.00
   1011.43       62.00
    987.34       54.75
   1005.51       66.75
    994.57       44.50
    973.05       60.50
    954.43       58.25
    988.33       84.75
   1008.73       52.75
   1000.64       41.50
    961.97       55.25
    992.16       44.25
    950.53       45.75
    949.86       53.75
    977.75       49.75
    998.24       54.25
   1003.08       35.25
    995.13       69.00
   1007.04       46.00
    970.83       44.75
   1002.53       38.50
    955.59       51.75
    962.45       52.75
    951.29       46.75
    959.15       43.50
   1013.55       29.00
    997.92       38.00
   1003.74       54.75
    998.40       66.25
   1008.35       72.00
    993.40       64.00
    976.41       54.75
    997.31       60.75
   1005.13       35.00
    997.33       42.50
    969.51       51.00
    952.09       60.25
    975.57       48.75
   1001.35       38.50
    971.56       55.00
    997.19       64.00
    978.30       43.50
    999.91       27.25
    960.63       52.75
    998.09       74.75
   1007.84       42.50
   1013.50       33.75
    986.80       49.75
    992.42       77.75
    997.40       54.75
    957.77       53.25
    970.20       51.00
    981.96       78.25
   1003.93       48.25
    994.40       48.75
    960.72       46.75
    995.36       58.50
   1016.19       46.25
   1010.25       33.75
    962.88       50.00
    956.15       56.50
    994.47       69.25
    994.61       35.25
    975.99       63.50
   1017.32       37.00
    999.21       53.75
    973.15       57.25
    970.19       44.00
    999.57       60.00
    996.75       65.75
    965.76       55.00
    979.10       38.00
   1009.66       29.50
    990.50       62.75
    950.08       62.25
    998.13       36.25
    995.77       62.75
    988.36       57.50
    997.54       68.00
    964.37       55.75
    955.16       45.25
    988.61       69.00
    991.66       56.00
    966.25       56.25
    985.80       53.50
    999.89       46.75
   1001.48       41.50
    994.32       74.75
    990.91       61.00
    993.56       50.75
    994.38       62.25
   1002.10       50.25
    964.15       60.50
    982.30       71.00
    999.17       77.00
    984.05       54.50
    957.09       60.25
    980.48       54.00
    990.36       70.75
   1000.89       35.00
    983.67       57.50
   1005.91       32.25
    989.53       55.75
    994.66       48.75
    986.79       64.50
   1000.97       67.25
    996.45       53.25
   1007.54       37.50
    953.98       79.50
   1005.14       35.50
    979.24       74.25
    992.22       50.75
    985.80       71.00
    994.06       83.75
    965.03       51.25
    996.43       45.50
    970.19       83.50
   1007.86       31.50
   1007.28       32.75
    982.04       60.00
    976.87       46.25
   1003.48       45.25
    970.96       70.00
    977.75       58.00
    968.01       55.25
   1007.10       32.75
    979.90       61.75
    998.93       45.00
   1000.32       63.75
   1002.59       37.25
   1005.45       62.25
    979.68       81.25
    989.46       47.25
   1010.82       66.00
   1006.69       27.25
    992.60       43.50
    990.14       77.75
   1004.59       74.00
    967.04       50.25
   1007.46       42.25
   1002.31       75.00
   1000.36       66.50
   1000.61       35.25
    993.68       63.75
    994.41       54.00
   1014.18       43.00
    978.40       60.50
    976.22       61.50
    978.61       60.00
   1006.58       37.00
    987.17       61.50
    971.52       63.00
    970.20       57.50
    984.02       50.25
   1010.69       47.75
    989.36       51.75
    973.63       49.25
    985.68       65.50
    992.40       81.75
    974.18       50.75
   1021.51       50.75
    986.80       61.00
   1007.96       29.00
    978.47       58.50
   1006.80       80.00
    983.33       74.75
   1007.41       31.50
    960.46       51.00
    973.36       45.00
    972.53       55.50
    995.51       80.00
   1006.56       38.75
   1010.32       28.50
   1004.01       35.00
   1005.12       28.75
    959.46       51.00
    983.57       43.25
    997.61       60.75
   1001.27       68.50
    984.36       69.00
   1008.73       31.00
   1002.20       68.25
    997.08       53.75
    999.09       39.25
   1014.51       28.00
    975.26       56.75
    976.01       52.25
    996.93       55.50
    975.44       48.75
    981.27       58.50
   1008.09       33.50
   1008.19       23.75
   1006.56       72.75
    983.16       62.75
    997.39       39.25
    988.00       64.00
    994.58       50.50
    996.08       54.25
   1009.36       33.25
    983.89       59.25
   1004.01       36.75
   1005.59       37.50
    989.35       54.00
    974.84       66.00
   1006.08       27.25
    958.53       47.75
    979.85       51.25
    948.32       73.50
   1015.83       41.50
    968.00       50.25
    996.27       37.25
    966.39       56.25
    998.01       65.00
   1013.13       27.50
    993.16       37.50
    998.84       76.25
    967.28       53.75
    983.36       69.75
    965.23       55.00
    973.48       50.00
    993.78       49.75
   1005.23       27.75
   1008.48       42.75
   1002.65       76.75
   1005.33       30.00
    989.10       69.75
   1005.07       51.75
    988.90       52.25
    977.25       71.00
    959.45       52.25
   1004.01       73.00
   1005.69       36.50
    995.40       52.50
   1011.32       44.50
   1007.79       72.00
   1007.88       68.50
    980.55       57.50
    998.23       36.75
    988.82       60.50
    973.31       49.50
    976.88       64.00
    992.42       54.75
    976.46       58.50
    970.71       71.75
    971.99       51.75
    981.98       52.75
   1014.01       51.25
    969.40       47.00
    986.10       46.00
    971.32       59.25
    990.88       53.75
   1004.58       29.75
    980.34       65.75
    981.53       64.00
    998.24       74.50
    973.92       64.50
    969.22       65.50
    992.32       50.00
    995.57       37.75
    978.85       61.75
    985.32       78.25
    969.58       67.25
   1002.12       45.25
   1000.78       80.50
   1000.97       64.75
    971.34       57.75
    975.94       54.75
    995.11       38.75
    997.12       58.25
    983.85       80.25
    960.37       65.00
    989.65       66.75
    982.60       54.50
    999.67       27.75
   1017.07       33.25
    953.43       58.00
    969.92       62.00
    967.55       50.50
    968.64       56.50
    992.98       43.50
   1008.07       28.75
    996.26       37.50
    978.09       61.25
    979.45       75.25
    973.33       63.50
   1017.43       42.50
   1013.76       48.25
   1014.67       55.00
   1005.84       37.00
    983.63       60.25
    997.81       59.00
    995.69       38.25
    978.54       72.25
   1003.81       51.00
    997.72       54.50
    995.53       76.75
    998.27       57.50
   1000.26       36.00
    978.00       63.75
   1008.22       47.25
    979.47       50.00
    997.27       82.00
    978.20       70.50
   1013.86       28.75
   1002.95       45.00
    966.07       57.00
    999.93       49.50
    950.85       61.25
   1005.92       39.00
    978.59       60.25
    966.67       71.00
    994.09       54.25
   1007.62       28.00
    991.65       50.25
    980.56       59.50
    996.59       85.00
    972.27       65.50
    986.37       69.75
   1016.41       33.25
   1008.61       35.25
    986.36       67.25
   1014.62       36.00
   1008.07       26.75
    979.08       58.00
   1004.83       37.50
    997.23       61.25
   1010.40       30.50
    972.01       68.50
    981.14       60.00
    978.64       59.50
   1008.21       75.25
    983.43       70.50
    981.29       58.75
    975.62       67.75
    998.54       57.50
    996.49       41.75
   1001.45       58.50
    994.70       79.75
    975.26       62.00
    986.86       62.50
    991.72       54.25
   1003.42       81.25
   1003.87       34.75
   1006.40       39.00
    987.84       69.75
    987.65       60.75
    976.83       53.75
    973.24       63.00
    990.21       54.00
   1004.05       29.75
    998.58       64.25
   1000.11       80.00
    992.18       79.00
    996.60       58.00
   1008.08       38.25
   1000.19       56.75
    986.02       44.75
   1008.03       34.25
    969.16       62.75
    970.79       53.00
    990.02       70.00
    955.45       56.25
    981.22       72.75
    960.52       50.25
    992.63       61.25
    997.38       48.50
    972.58       56.75
    997.79       37.75
    994.02       53.00
   1002.05       33.00
    984.22       68.00
    969.69       51.00
   1000.87       36.00
    985.61       79.00
    976.73       69.00
   1009.09       27.75
    981.60       60.00
    988.07       63.75
    981.76       69.25
   1012.45       41.50
    988.84       54.00
   1001.56       40.25
   1005.36       33.50
    978.09       44.50
   1006.80       26.50
    985.80       54.50
    979.39       59.25
    979.33       73.25
    979.37       49.75
    985.62       45.25
    992.27       72.00
    983.59       56.00
    941.30       65.00
    985.22       59.25
    998.98       76.00
    981.14       53.50
    980.58       63.50
    995.15       53.00
    963.20       51.50
    967.44       55.25
    999.19       48.75
   1000.79       35.00
   1014.27       55.25
    992.33       73.50
    980.05       45.50
   1001.81       49.25
   1008.02       29.00
    981.42       50.00
    978.34       65.50
    952.08       47.50
    986.41       69.75
    960.20       57.75
    979.36       60.25
    979.46       68.75
    971.19       54.75
    973.65       72.25
    961.09       43.25
   1001.92       38.75
    988.50       58.50
    996.20       86.00
    999.79       54.75
    974.51       53.25
    953.55       57.50
    989.22       73.00
    982.16       43.75
    993.92       49.00
    996.80       42.75
    998.98       49.50
    964.44       47.25
   1008.88       37.25
    987.38       65.50
    974.74       65.25
    991.69       57.50
    996.08       59.75
    972.81       57.25
   1002.66       29.25
    949.10       78.25
    963.89       58.00
   1017.45       41.75
    972.61       47.25
    992.11       58.25
   1008.20       58.25
    959.24       58.00
    973.59       63.50
   1003.02       59.25
   1010.51       33.00
    988.07       58.25
    987.39       44.00
    982.27       46.50
   1002.33       37.50
    977.64       66.00
   1010.01       27.00
    966.49       71.75
    964.02       68.00
    990.84       59.25
    957.30       51.50
    963.09       58.00
    969.27       57.50
   1014.10       36.25
    980.95       68.25
    984.65       75.00
    987.65       71.50
    980.63       71.25
    955.20       57.50
   1002.10       45.75
    969.29       53.50
    984.51       69.25
   1002.19       38.75
    953.16       52.25
    965.00       55.25
    974.93       59.75
    984.69       54.25
    981.79       55.75
    982.85       72.75
   1004.38       42.00
   1014.58       36.25
    949.58       50.00
    985.23       69.75
    988.22       48.50
    991.33       41.75
   1013.30       31.75
    998.29       61.25
    993.18       72.25
    978.05       65.50
    987.32       84.50
    961.91       55.25
    966.50       46.50
    976.59       70.00
   1009.79       51.50
    976.74       48.25
    977.78       56.75
    967.36       70.50
    992.06       75.25
   1002.81       37.50
    983.80       33.25
   1009.07       36.00
   1002.07       62.25
   1005.05       55.25
    970.65       81.50
    983.83       75.75
    988.75       62.00
    980.81       65.25
    984.92       33.00
    986.02       51.75
   1003.15       37.75
   1003.04       41.75
    974.62       75.00
    999.52       62.00
    991.72       58.50
    999.72       50.00
    996.73       45.00
    971.51       60.75
   1002.73       42.25
    973.83       72.50
    985.73       59.00
    981.10       75.50
   1000.71       35.00
   1001.97       48.25
    983.66       72.00
    993.65       71.00
    981.85       62.50
    971.68       74.75
    967.91       79.50
    985.86       71.50
    975.90       69.00
   1008.10       49.25
    995.17       57.50
   1008.65       31.50
    975.14       70.00
    988.39       54.75
    967.70       53.00
   1010.45       29.00
    995.86       57.75
    960.87       62.25
    988.75       68.25
   1009.77       45.25
   1000.34       39.25
   1006.73       29.25
    995.34       62.25
    955.13       58.00
    993.80       58.00
    972.77       60.25
    982.10       67.25
    990.97       82.25
    993.13       58.50
    975.33       54.00
    986.32       62.50
    984.69       51.50
    997.75       70.25
    987.17       62.00
   1005.59       40.00
   1010.81       50.00
    984.19       62.50
    982.68       71.50
    965.49       60.75
    997.86       83.00
    983.34       54.75
   1007.74       45.25
    997.92       41.25
    968.49       52.50
    966.59       62.25
    985.07       54.75
    993.97       49.00
    964.20       55.00
    998.16       53.25
    997.94       34.50
   1002.51       47.50
    995.81       74.75
    965.72       76.25
    990.01       68.00
    973.71       54.50
    982.17       60.75
   1020.66       42.25
    992.95       66.75
   1012.13       51.75
    989.43       60.50
    993.01       65.50
    981.43       46.00
    997.31       54.50
    970.50       63.75
    975.54       64.75
    963.19       61.25
    986.99       70.25
    987.32       62.25
    977.13       62.00
    999.50       44.50
    975.33       76.00
    977.18       70.50
    956.79       51.50
    987.68       71.50
    972.01       49.00
   1010.25       35.75
   1001.73       60.75
    957.37       63.50
    990.46       63.75
   1009.22       31.25
   1009.94       27.75
    967.86       74.75
    982.23       53.25
   1010.61       30.75
    989.30       51.00
   1006.58       34.50
    967.65       55.50
    978.13       58.75
    979.06       68.50
    997.70       65.75
   1007.30       35.75
    970.92       45.75
   1007.86       52.75
    987.66       64.25
    986.53       46.50
    946.65       58.00
   1013.38       28.75
    990.41       85.50
    984.68       47.00
    984.56       59.00
    988.69       62.00
    968.61       55.75
   1003.39       47.00
    982.85       56.25
    999.95       44.75
    981.18       71.50
    993.46       52.00
    984.21       51.25
    963.34       58.75
    967.75       62.75
   1018.93       41.50
    996.15       77.00
   1007.13       34.00
    974.85       58.00
    979.14       50.25
   1008.88       32.75
    986.81       59.75
   1000.25       83.00
   1002.08       72.25
   1002.35       46.00
    986.25       48.25
    998.59       73.50
   1015.16       49.00
    965.98       59.00
    973.22       62.25
    953.72       40.50
    969.87       64.50
    984.29       56.00
   1000.62       37.25
    978.13       73.75
   1013.52       34.50
    959.35       63.00
    957.61       49.50
    969.64       47.00
   1005.70       56.00
    979.98       51.50
    985.67       58.75
    966.10       48.25
    965.00       48.00
    974.23       64.00
    988.00       59.25
    993.64       51.00
    981.01       79.00
   1002.09       47.00
    996.70       78.00
    975.01       72.25
    988.81       64.00
    972.16       56.50
   1009.26       43.50
   1008.06       58.25
    974.72       54.75
    967.37       65.75
    987.96       76.25
    985.54       40.50
    972.86       60.50
    986.13       38.50
    983.44       41.75
    977.80       70.50
    962.69       50.25
    996.08       72.50
   1008.77       43.00
    979.31       43.25
   1011.51       37.50
    972.83       75.50
    988.63       56.50
    985.66       82.75
    980.77       49.00
    980.16       66.50
   1012.11       27.25
    982.49       77.75
    984.44       55.75
    992.64       56.50
   1006.06       32.25
    986.69       58.50
   1010.49       41.75
   1002.45       33.00
    989.99       82.25
   1015.92       40.25
    982.37       63.50
    973.77       61.00
   1000.35       55.50
   1012.69       27.00
    974.23       58.25
    990.95       67.75
   1004.63       38.75
   1007.22       33.25
    983.54       40.75
    966.14       76.25
    986.49       72.75
    990.00       63.25
   1013.94       33.25
   1004.39       51.75
    978.57       52.25
    994.01       34.00
   1000.01       41.75
    984.15       60.75
    982.95       78.00
    983.77       69.00
   1007.46       29.25
    978.23       74.25
   1004.71       51.25
    995.26       71.75
    982.09       62.25
    974.41       78.25
   1005.41       43.25
    960.38       55.50
    980.67       70.00
   1001.48       29.75
    977.29       56.00
   1002.83       54.50
   1011.10       47.00
    988.81       65.25
   1005.54       45.00
   1000.01       57.00
    977.47       54.25
   1001.25       36.25
    994.16       66.75
    997.19       64.25
    971.89       67.50
    985.66       78.75
    997.28       53.50
    982.54       54.75
    972.94       85.50
    977.27       58.25
    987.47       54.50
    999.95       59.50
   1003.26       33.00
    981.21       63.00
   1010.52       32.25
    997.05       53.75
    994.88       58.25
    979.78       66.75
   1006.64       33.75
   1002.26       55.50
    989.41       60.75
    996.75       50.00
    995.29       64.00
    955.32       46.75
    996.98       58.75
   1005.08       42.50
    973.31       58.00
    995.99       79.00
    982.14       63.50
    992.22       52.25
   1000.94       71.00
   1000.82       29.25
   1010.66       35.50
    988.21       64.25
   1003.13       43.00
    973.22       78.00
   1006.07       35.50
    979.21       61.25
    982.70       55.50
    985.86       68.75
    963.05       58.25
    972.82       52.00
   1004.43       36.25
    974.35       71.50
   1001.13       62.25
    997.81       39.00
    984.84       53.00
   1000.78       34.50
    988.96       73.25
    955.19       53.25
   1008.85       51.75
    997.93       34.25
    976.57       51.50
   1009.75       48.50
    988.48       64.25
    980.73       52.00
    987.98       51.00
    991.50       57.50
    959.66       50.75
    978.57       48.00
    986.31       57.00
    988.13       54.75
   1003.43       44.75
    973.80       45.50
    977.65       43.75
    992.88       62.50
    984.82       62.00
    988.55       72.75
    986.17       58.50
    972.31       57.75
    994.10       71.25
    982.22       77.00
    998.28       55.50
    989.90       60.25
    965.88       49.75
    987.99       41.00
    972.25       57.50
   1006.86       33.25
    995.89       72.75
    982.13       59.50
    981.00       52.75
    965.07       48.00
    995.92       50.75
    995.10       72.00
   1008.82       40.50
    983.80       54.50
    997.61       35.50
    980.33       56.50
    999.19       78.25
   1008.14       27.75
   1001.13       38.25
    961.05       66.00
    991.13       77.75
    986.67       45.50
    999.04       46.75
   1000.48       64.00
    997.25       54.00
   1008.80       29.00
    981.14       73.25
    955.73       65.75
    972.20       49.75
    984.92       63.75
    983.45       80.75
    993.28       35.75
   1006.73       70.75
    980.94       51.50
    988.37       60.75
    979.91       66.00
    967.03       62.25
    998.23       60.50
   1001.37       35.50
   1011.48       26.75
    998.32       53.00
    990.89       55.50
    991.23       80.25
    995.16       37.75
    967.04       45.50
   1009.66       28.75
   1003.71       67.00
    999.40       52.75
    977.36       77.00
    998.05       45.00
    995.54       66.25
    989.37       82.75
   1007.58       39.50
    965.65       56.00
   1004.33       33.00
    949.15       60.25
    979.88       64.75
    990.14       55.25
    955.38       66.50
    977.30       56.75
    988.33       73.25
    970.02       68.00
    988.72       35.00
    977.41       50.25
   1010.13       29.00
    998.17       69.00
    985.16       48.00
    999.67       61.00
    978.95       57.50
   1009.85       27.75
    990.44       80.50
    943.96       62.50
   1003.20       70.75
    965.61       61.25
    992.66       42.25
    987.36       58.25
    983.38       74.75
    959.25       56.25
   1000.27       48.75
    988.83       54.50
   1021.27       49.75
   1009.07       32.50
    966.09       67.00
    947.00       48.25
    988.96       46.75
    932.98       62.00
   1018.76       46.00
   1012.47       64.50
   1012.02       67.75
    973.63       56.00
    964.82       59.75
    983.89       55.75
    965.57       52.00
    993.12       68.00
    955.20       50.25
   1003.78       38.25
    992.86       62.25
    961.94       59.00
    992.62       70.00
    995.98       43.50
    988.94       68.50
    993.56       38.50
    996.88       56.50
   1001.06       33.50
    995.63       59.00
   1006.36       29.75
    983.90       60.25
    990.41       63.25
    980.87       58.75
    986.55       71.25
    992.88       41.25
    983.21       58.25
    993.54       76.25
    984.42       74.50
    965.09       56.50
   1004.07       43.25
    993.63       59.25
    999.95       68.75
    988.78       62.50
    976.16       66.25
   1002.88       83.75
    980.27       64.50
    979.70       62.75
   1001.21       43.50
    950.57       50.00
    990.61       59.50
   1006.48       30.00
    997.13       73.75
    972.95       55.00
    986.27       64.25
    972.92       77.75
    998.12       46.25
    978.02       63.50
    977.48       74.00
    986.33       79.25
   1004.67       27.75
    997.90       39.00
   1003.48       47.75
    972.95       59.75
    989.44       60.75
    987.08       54.50
    982.87       56.50
    960.13       54.50
    970.55       56.00
    972.12       48.25
    976.38       75.50
   1009.70       31.75
    982.94       43.50
    997.97       35.00
   1015.76       46.50
    993.69       72.50
    998.29       61.25
    977.88       67.25
    977.11       60.50
    986.32       78.25
   1007.16       40.75
    997.03       60.25
    992.67       46.75
    971.59       83.75
    981.46       52.00
    991.56       51.00
    991.63       42.50
    971.74       59.00
   1012.48       38.75
    982.22       62.50
   1002.43       59.00
    963.03       78.50
    978.88       65.50
    994.92       65.75
    980.72       49.00
    985.32       50.75
   1006.62       39.00
    966.64       59.75
    993.21       62.75
    960.92       56.00
   1016.32       55.75
    990.48       73.75
    955.05       44.00
    967.77       55.75
    992.80       59.25
   1008.06       29.50
   1008.95       33.25
   1004.54       56.75
    981.14       48.00
    993.97       83.25
    989.02       69.50
    990.09       63.75
   1007.62       53.75
    973.62       58.25
    993.81       68.00
    986.01       75.75
    969.13       52.50
    991.28       65.75
   1002.89       39.75
    990.15       64.75
    977.05       48.00
    970.64       51.50
   1012.70       45.50
    972.04       55.25
    983.89       74.25
    985.38       55.00
    992.54       67.50
   1009.43       48.25
    994.72       66.00
   1010.75       40.50
    975.76       79.50
    994.15       41.25
    970.09       71.75
    988.64       71.25
    984.91       61.00
    952.62       64.25
    971.72       63.00
   1000.68       45.00
    978.07       55.25
   1003.83       73.00
   1002.27       29.25
    991.31       58.75
    966.82       76.75
   1004.11       42.00
   1001.06       43.00
   1001.99       38.75
    987.66       66.50
    977.60       54.75
    979.28       61.75
    980.31       55.75
    987.97       63.25
    975.77       73.25
    964.81       55.75
   1009.86       26.50
    978.27       52.75
    991.54       62.00
    997.46       36.50
    982.69       64.50
    989.15       69.50
    996.17       54.50
    985.67       40.50
    991.63       61.75
    976.74       56.00
   1001.64       71.00
    986.12       40.00
    975.23       76.75
   1004.34       36.50
    998.57       68.00
   1014.32       32.50
    975.19       59.00
    983.79       63.25
   1002.72       75.00
    966.73       51.75
    973.16       47.25
    988.08       55.25
    993.21       52.75
    977.94       46.75
    980.66       52.75
    990.97       52.50
    979.41       56.25
    990.11       57.75
    999.20       66.75
    950.29       54.00
    999.01       80.25
    979.43       62.50
   1000.37       67.50
    990.33       72.50
   1012.30       26.50
    983.26       59.00
    965.18       63.75
    982.43       66.25
   1001.82       39.25
    988.35       86.00
    970.95       52.75
    991.81       36.50
    989.91       51.75
    960.50       53.50
   1004.85       64.75
    954.04       59.25
    996.11       51.75
    991.79       57.50
    959.52       78.75
    973.45       57.50
    977.75       48.25
    993.39       40.25
    992.59       65.25
    992.24       56.50
   1011.87       44.25
    972.12       62.25
   1005.65       39.25
    946.90       53.75
   1004.50       32.25
    948.44       50.25
    961.56       47.00
    983.95       67.00
    999.28       71.75
    952.73       53.25
    980.74       60.25
    980.00       54.00
    995.30       82.00
    976.51       40.25
    986.66       74.50
   1004.25       54.75
    988.39       69.50
   1004.84       48.50
    985.82       46.00
   1001.31       71.75
   1007.46       38.00
    982.66       51.00
    999.56       64.25
    982.06       57.75
    978.16       48.25
    996.39       46.50
    979.66       65.00
   1007.41       33.75
    994.81       78.75
   1001.96       29.25
    976.41       56.75
    993.75       58.25
    990.13       55.50
   1000.17       38.50
    995.15       50.00
    988.17       76.50
    986.86       59.50
    985.07       50.00
    986.98       68.25
    991.91       60.50
   1000.76       47.75
    993.56       52.00
    986.00       64.50
   1001.43       46.50
    987.14       45.25
    991.58       51.50
   1007.44       38.00
    992.07       58.75
    998.51       77.50
   1002.27       36.75
    975.31       62.00
    969.75       62.50
    995.36       47.50
   1004.68       34.50
    983.24       57.00
    976.72       60.00
    995.55       48.00
   1003.20       37.25
   1011.58       66.00
    971.56       65.75
    976.52       52.75
    964.92       52.50
    981.63       64.00
    982.23       78.50
    996.40       52.50
   1009.63       31.00
    997.58       33.75
    970.49       56.25
   1006.08       40.50
    987.62       80.00
   1001.25       78.25
    991.28       68.75
   1000.19       77.25
    989.91       56.25
    977.12       54.25
   1001.77       40.75
    992.67       61.00
   1007.65       34.75
   1006.41       49.00
    971.17       61.75
    976.90       58.50
    992.52       51.00
    989.98       56.75
    983.78       46.75
    962.28       54.50
    986.42       59.50
    990.58       39.75
   1003.80       75.75
   1009.41       34.75
   1012.30       31.50
    971.94       60.50
    979.59       61.25
    985.71       48.25
    997.06       56.75
    944.97       57.50
    989.52       47.75
    971.81       76.50
   1006.38       34.00
    998.90       65.00
   1000.10       49.25
    993.62       56.00
    994.77       46.00
   1012.64       32.00
    999.41       28.75
   1011.41       27.25
   1011.09       32.75
    995.10       36.50
    962.86       57.00
    973.80       81.50
   1004.27       43.25
    982.10       67.75
    983.83       63.25
    983.74       62.75
   1008.29       46.00
    965.06       60.00
    994.58       52.75
    976.33       55.50
    950.38       61.50
    984.45       86.00
    999.06       47.50
    992.42       57.00
    999.09       70.50
    996.86       52.25
    983.40       47.25
   1001.81       53.25
   1013.43       48.00
    997.44       60.75
    975.33       80.50
   1002.70       55.25
   1006.08       32.00
    997.16       59.25
    968.78       54.50
    998.78       52.75
    964.15       68.25
    936.31       68.75
    994.05       50.00
    966.31       74.00
   1009.46       35.00
    986.77       79.00
   1006.71       40.00
    985.21       53.50
    975.65       64.50
   1009.67       36.50
   1012.69       58.75
    974.52       57.25
   1006.91       33.75
    977.19       79.50
    978.99       73.25
    984.07       55.00
    970.82       59.00
    982.10       54.75
    984.54       56.00
   1004.71       59.75
    980.11       46.25
    980.65       79.00
    998.22       42.25
    985.75       49.00
    978.77       50.75
    985.32       48.25
    974.88       58.25
    980.01       42.25
    993.58       40.50
   1002.60       60.00
    963.19       77.50
    974.79       54.00
    996.49       63.75
    983.71       75.25
   1000.43       53.75
    962.83       62.50
    991.65       60.25
    990.15       55.00
    968.36       51.25
   1005.61       31.75
    990.68       61.25
   1007.91       66.25
    976.76       51.25
    956.95       59.25
    984.52       62.75
    976.65       56.50
    998.31       75.75
   1000.40       66.75
   1011.38       31.00
    994.98       59.50
    975.91       82.00
    980.26       64.25
    994.04       67.25
   1002.98       37.50
   1017.22       42.50
   1007.09       37.25
    978.98       54.50
    997.69       65.50
    987.50       49.25
    992.32       68.50
   1003.08       50.50
    990.89       54.75
    999.22       53.00
    978.44       72.00
   1002.80       56.00
   1011.73       31.75
    960.04       59.25
   1015.44       31.75
    980.88       61.25
    994.79       57.00
    964.56       69.75
    976.10       59.50
    975.45       58.50
   1004.96       53.00
    975.23       50.75
    973.34       57.25
   1005.11       83.25
    966.71       55.75
    999.74       48.25
    979.95       56.75
    969.55       56.00
    970.34       64.75
   1012.84       32.00
    990.90       61.75
    989.90       77.25
    980.84       58.75
    952.12       59.00
    950.09       48.50
   1000.88       45.00
    999.39       42.25
   1003.80       32.25
    995.60       61.75
    975.48       49.00
    970.51       58.75
    997.48       69.75
    998.96       40.00
    957.45       49.00
    990.62       62.50
    998.42       50.50
    981.26       45.75
    982.42       39.50
    996.26       44.25
    993.52       58.00
    985.71       43.50
    991.41       75.50
    988.55       54.50
   1001.96       66.00
    981.42       56.75
    965.04       58.25
    982.95       53.75
   1009.75       46.00
    988.36       50.00
    981.01       50.00
    999.05       54.25
   1007.20       30.00
    982.45       77.00
    984.41       76.50
    977.69       74.25
    988.30       59.50
   1003.71       34.25
   1011.46       44.00
   1000.40       36.25
    977.03       73.75
   1007.73       37.25
   1009.40       48.75
    987.99       50.00
    996.88       81.75
    996.30       66.00
   1004.66       30.50
    994.12       74.75
    995.10       52.50
   1000.27       42.75
    996.29       65.75
    992.02       57.00
    974.62       59.75
    993.52       46.50
    993.47       63.50
    984.33       73.75
    989.43       65.25
    976.68       55.25
    989.46       77.50
   1005.63       35.50
    986.60       79.25
    975.02       55.50
    969.94       67.25
   1010.44       32.50
    995.83       51.75
    983.71       52.75
    991.90       60.25
    976.55       72.50
   1012.64       29.25
    984.83       60.25
    969.05       65.75
   1001.75       38.75
    976.97       65.50
    985.07       50.00
    989.67       43.50
    995.70       49.50
    996.72       56.50
   1008.40       39.75
    963.51       72.50
    994.64       44.50
   1011.50       31.75
    982.68       46.00
    971.82       72.50
    992.57       59.75
    998.59       53.75
   1008.09       28.50
    978.08       71.75
    964.54       76.50
    993.52       55.75
    989.96       68.75
   1006.37       74.00
    992.24       47.25
    969.32       60.50
   1005.95       76.00
    980.90       54.25
   1004.71       35.50
    976.39       73.25
    966.59       50.50
   1009.23       56.25
   1003.59       69.25
    972.73       61.25
   1005.70       69.25
    971.26       65.50
   1011.42       43.00
    981.07       79.75
    974.84       57.00
    992.59       58.50
    988.33       69.50
   1001.32       58.00
    993.34       49.00
   1012.08       49.00
    963.71       58.50
    977.31       57.25
   1010.14       27.25
   1007.43       81.00
    998.12       36.75
    997.69       35.25
   1004.75       35.25
    968.78       44.75
    989.10       48.25
    983.01       64.75
    960.28       51.75
    998.65       73.25
    978.99       77.00
   1008.83       33.25
   1001.22       58.75
    971.23       54.25
   1002.99       40.00
    960.50       56.25
    984.74       68.50
    989.42       42.50
    959.66       46.00
   1003.43       42.00
    976.51       77.50
    995.68       60.50
    988.45       41.25
   1006.30       75.00
    979.75       52.50
    974.79       50.50
    973.83       45.25
    988.04       65.75
    990.51       41.75
    974.56       53.00
    996.06       64.25
   1007.19       54.50
   1000.03       59.50
   1002.49       47.00
    979.52       55.25
    996.55       56.75
   1005.21       44.25
    999.62       75.25
    989.83       51.00
    969.50       59.75
    993.78       78.50
   1001.34       52.50
    994.73       32.50
    977.08       54.50
    976.16       52.75
    969.59       61.25
    950.82       56.75
    997.28       61.75
    986.53       71.25
    946.08       54.00
    986.53       69.75
    966.00       57.50
    997.57       58.00
    978.97       47.00
    983.19       50.50
    991.86       41.50
    986.26       75.75
    998.68       48.50
   1011.56       47.25
   1006.04       45.75
    970.76       60.75
   1002.29       39.75
   1018.42       48.25
   1006.69       34.00
    968.69       55.00
    957.43       64.25
    975.54       63.00
   1008.84       57.75
   1006.05       40.25
    982.69       49.75
    990.62       63.75
    998.88       57.75
    992.97       74.75
    995.57       48.25
    995.66       76.00
    949.13       59.00
   1015.85       31.75
   1003.61       32.25
   1011.85       44.25
    985.98       56.50
    967.66       60.25
   1009.25       46.00
    977.34       78.50
    956.37       59.75
    992.24       72.00
    965.85       66.50
   1004.79       34.25
    956.21       58.50
    951.06       54.75
    985.71       78.50
    985.49       56.00
   1005.13       29.50
   1014.08       28.75
    961.19       43.75
   1015.43       27.00
    980.86       55.50
    960.07       53.25
    971.48       49.75
    993.01       63.00
   1000.55       53.25
    999.81       63.00
   1008.42       38.75
   1012.52       33.75
   1010.35       29.00
    971.84       43.75
    972.55       53.00
    962.47       54.75
   1009.18       26.50
    961.45       53.75
    950.44       57.00
    971.44       77.50
    999.62       61.75
   1006.65       43.50
    993.03       61.50
    990.05       68.75
    984.53       77.00
    960.66       54.00
   1007.55       51.25
   1004.86       36.00
    997.13       63.00
    991.43       51.25
    995.02       32.75
   1015.25       31.00
    948.90       42.50
    967.73       56.25
    983.53       80.00
    986.34       40.75
    997.77       58.50
    985.71       54.50
    974.86       49.50
    984.74       69.25
    975.87       59.00
    996.53       38.00
   1003.66       37.00
   1002.48       70.75
    990.47       55.75
    998.56       69.00
    993.48       42.75
   1005.03       38.25
    986.78       77.00
    987.08       55.75
   1018.35       28.75
    997.46       46.00
    994.54       81.25
    999.71       59.75
    986.10       64.00
    970.66       46.75
    987.73       56.50
   1002.14       41.50
    981.40       63.75
    998.05       47.75
    998.27       64.75
    985.81       70.75
   1013.40       39.25
   1000.43       69.50
    990.29       57.50
    955.48       52.75
    999.00       35.25
    975.02       64.25
   1003.82       42.75
    990.76       57.00
    993.17       67.00
   1001.79       38.50
    995.18       66.25
   1010.62       34.50
   1006.62       62.25
    980.89       51.50
    988.81       53.25
    985.18       71.25
    971.39       45.25
   1000.55       50.50
    984.10       50.25
    994.28       60.25
    993.05       47.00
    988.42       76.50
    997.95       75.25
    969.93       57.75
    980.88       63.00
   1010.09       35.50
    990.08       59.25
    992.15       47.75
    998.12       41.00
    960.39       53.00
    989.55       78.00
    996.34       82.50
    981.90       58.25
    983.42       42.50
    977.34       70.75
    969.83       56.75
   1003.68       36.50
    974.68       58.75
    977.80       66.25
   1009.58       46.25
    970.96       53.25
   1002.97       29.00
    972.55       60.00
    969.75       55.50
    973.70       73.50
    972.07       49.00
   1001.26       43.50
   1001.92       45.75
    945.93       49.00
    991.12       63.75
    990.20       59.00
    994.87       52.50
   1012.66       27.50
    983.58       64.75
    997.46       71.00
    971.04       55.00
    971.79       54.50
    982.22       65.00
    971.88       57.00
    963.51       57.00
    981.77       58.75
   1005.18       30.25
    983.75       56.25
   1015.94       26.00
    964.08       70.75
    977.54       71.50
    985.08       58.00
   1011.23       45.50
   1007.26       30.50
    997.41       63.25
    973.33       74.75
    997.28       43.00
    956.73       49.25
    985.92       70.50
    978.65       59.00
    974.75       54.50
    982.74       50.00
   1003.72       32.00
    976.98       42.00
    991.89       49.25
   1011.51       37.00
    987.69       54.50
    989.45       76.75
    959.45       63.75
    997.78       79.25
   1000.75       75.50
    950.49       58.75
    973.65       56.75
   1018.77       45.25
   1004.14       67.25
    957.36       48.50
   1002.72       64.25
   1006.95       30.25
    993.07       67.75
    972.79       64.75
   1003.88       52.25
    973.28       67.25
    936.96       49.25
    972.13       52.50
   1007.75       44.00
    976.97       74.50
    968.18       51.75
    983.63       68.00
   1003.58       26.50
   1009.15       27.75
    958.23       55.25
    986.65       78.50
    982.83       63.00
    956.94       59.50
   1008.73       35.25
    986.86       55.00
   1009.53       36.00
    968.77       72.00
    974.75       43.50
    970.54       66.75
    998.69       53.75
    973.92       46.25
    972.77       52.75
    985.46       68.50
   1006.05       31.00
    977.28       52.00
    952.46       52.75
   1003.31       33.50
    977.12       58.75
   1015.26       39.50
    945.20       57.75
   1002.06       28.50
    983.88       53.25
    993.53       58.75
    985.48       52.00
    993.01       85.75
    991.99       60.00
    973.57       62.75
    990.85       52.25
    996.81       63.00
    982.70       55.25
    965.97       54.00
    982.84       54.50
    987.54       77.50
    971.64       51.25
   1001.93       47.25
    991.13       73.00
    972.43       50.50
    983.16       53.50
    969.55       62.00
    988.44       75.50
    975.51       57.00
   1016.06       46.50
    982.49       65.75
    987.92       50.75
    998.86       66.50
    986.70       69.00
    997.51       45.25
    989.34       46.50
    993.67       53.50
    996.97       49.00
    982.90       50.25
    991.65       56.75
    979.19       52.25
    971.92       56.25
   1000.05       56.50
    988.56       33.75
    991.08       42.25
    988.61       42.25
    973.44       68.25
   1008.70       32.00
    984.65       78.50
    966.53       47.75
    975.73       67.50
    993.45       68.50
   1000.76       35.25
   1020.80       36.75
    969.98       54.25
    956.79       55.50
   1006.49       57.50
   1001.04       79.25
    990.69       52.25
   1004.60       60.50
    981.17       61.50
   1008.28       27.25
    976.09       57.50
    996.56       53.50
   1002.40       34.25
    995.70       51.00
    985.53       66.75
    975.95       65.25
   1002.67       35.25
    996.94       73.50
    987.74       56.00
    977.79       83.75
    982.31       47.25
    986.37       58.00
    972.22       61.50
    984.65       53.25
   1002.78       36.50
   1005.24       33.00
    996.12       80.00
    998.93       51.25
    980.90       52.25
    993.17       58.00
    978.51       74.25
   1004.83       39.00
   1014.94       33.00
   1006.89       36.25
    963.18       53.50
    994.38       55.50
    995.05       52.25
    973.30       61.75
    998.33       68.25
    995.64       45.75
    997.79       56.00
   1013.14       30.75
   1000.23       43.50
    995.10       52.75
   1005.85       53.50
    952.71       52.50
    968.23       68.25
    973.20       69.50
    975.43       59.50
   1007.67       33.75
    981.95       46.00
    980.69       53.75
    990.79       46.00
    999.82       44.75
    992.27       37.25
    993.32       54.00
    976.67       67.50
    963.64       53.50
   1006.57       31.25
   1005.35       43.50
    990.28       77.25
    991.68       35.25
    971.38       64.75
    994.53       68.50
   1003.06       43.00
    988.00       52.50
    979.21       53.50
    978.30       78.00
    961.22       68.25
    980.43       72.00
   1002.64       48.25
   1008.05       33.00
    965.50       47.50
    994.14       72.75
    982.35       60.25
    980.64       51.75
    997.22       41.50
    990.52       57.50
    990.56       60.25
    962.12       62.50
    976.36       59.25
    998.92       40.25
   1014.95       36.25
    993.83       56.00
    996.82       54.50
    968.71       80.50
    978.10       68.25
    972.03       52.75
    999.97       46.00
    992.54       57.50
    976.88       57.25
   1003.22       32.75
   1010.46       39.00
    994.41       51.75
    983.01       64.75
    970.53       77.00
    997.48       77.00
   1015.33       33.50
   1006.06       42.75
    983.07       65.25
    963.97       57.00
    989.57       58.50
   1012.03       28.50
    984.15       75.75
    966.91       71.00
    969.30       53.75
   1010.90       43.00
   1011.89       33.75
    981.81       60.50
   1010.47       28.50
    973.36       55.50
   1000.16       45.00
    997.24       73.50
    969.95       55.00
    993.94       72.75
    986.22       41.25
    999.95       55.50
    980.31       68.75
   1003.20       33.75
    967.05       54.25
    953.71       45.50
    967.81       57.75
    966.87       51.50
   1017.64       43.00
    993.39       80.50
    983.45       64.50
    968.00       49.50
   1010.27       35.75
    976.51       85.00
    975.53       76.25
    958.99       63.00
    989.38       63.25
    970.13       59.25
    995.25       65.00
    993.96       40.75
    949.92       59.00
   1007.61       36.50
    979.18       46.00
    984.64       63.25
    960.97       57.00
    990.61       45.75
    996.28       77.75
    987.76       61.25
    979.17       77.00
    990.60       40.75
    949.52       62.25
    991.80       54.75
    969.25       76.50
    988.44       49.75
    969.98       74.50
    978.00       50.75
    991.84       63.50
    951.76       58.00
    982.56       57.00
   1011.31       28.25
    984.24       77.25
    968.28       55.75
    983.80       60.50
    989.59       50.00
    993.68       71.25
    981.08       45.75
   1004.63       34.50
    977.63       61.50
    956.76       74.25
    995.64       74.25
    999.71       38.75
    961.21       59.75
    970.51       55.25
    954.52       58.50
    996.19       47.00
   1008.25       48.75
    970.80       58.00
    999.32       79.50
    996.52       56.75
    965.20       68.75
    986.79       58.50
    979.32       51.00
    969.58       48.50
    971.73       82.50
    965.33       60.25
   1011.97       29.75
   1010.82       47.00
    998.15       34.00
    941.82       73.00
    982.10       57.25
    995.60       44.75
    974.65       55.00
    965.67       65.75
    978.61       54.00
    954.83       63.25
    997.39       33.75
    995.33       48.75
   1002.19       70.25
    997.55       47.75
    963.96       66.25
   1001.43       67.75
    970.66       54.00
   1013.89       26.75
    992.40       51.75
    989.69       81.50
   1010.43       40.00
    994.17       71.50
   1002.48       35.00
   1001.05       46.75
    984.74       74.50
    989.63       62.50
    994.49       55.75
   1005.19       33.00
   1006.14       39.25
    989.48       61.25
    989.20       63.50
   1010.07       35.25
    974.04       68.25
    982.27       53.00
   1009.55       30.50
    976.76       59.25
    969.04       58.25
   1004.82       35.25
    995.93       77.25
   1008.48       39.00
    997.33       39.75
    993.66       54.75
    990.69       77.00
    992.40       56.75
    972.51       61.25
    977.49       78.25
    986.54       67.25
    992.14       47.25
    993.79       51.00
   1006.32       31.50
    973.74       49.00
   1007.57       44.50
    990.82       59.75
    998.45       71.75
    997.84       72.25
    977.31       61.50
    973.13       54.00
    986.19       40.25
    997.41       62.25
    985.87       83.25
   1003.41       79.00
   1001.53       52.75
    985.86       59.50
    992.07       75.75
   1001.21       40.25
   1002.67       43.00
   1005.37       34.75
    977.12       61.25
    989.12       75.50
    981.45       38.75
   1010.39       29.75
    988.55       58.75
    989.44       84.00
    973.75       70.25
   1011.24       46.00
    979.53       72.75
    992.33       64.75
    984.33       69.50
    969.53       62.50
    995.58       56.25
    997.68       37.25
   1011.24       30.50
    982.86       61.25
    992.31       60.00
    995.41       73.25
    998.93       35.25
    978.73       63.50
    992.70       67.50
    992.23       62.50
    987.28       50.50
    978.96       58.25
    989.40       38.25
    986.59       64.50
   1001.54       44.00
    964.24       44.00
   1002.13       69.75
    961.50       55.25
    956.30       57.50
    994.48       49.00
    972.46       50.00
    975.67       78.75
    979.15       55.00
   1015.14       70.75
    994.07       77.50
    976.30       56.00
    989.45       53.00
   1005.43       29.00
    999.38       41.75
    980.85       33.50
    972.01       50.25
    999.68       62.75
    972.32       54.75
    988.55       73.00
    999.39       38.25
    987.15       59.25
    982.63       58.25
    984.85       52.25
    996.43       54.00
    983.64       48.25
    995.75       63.25
    981.10       78.75
    968.09       61.75
    963.44       62.00
    971.31       70.50
   1009.51       31.25
   1009.33       47.00
   1007.29       75.25
    983.50       45.75
    992.95       48.75
    999.51       44.50
   1003.85       49.25
    968.62       60.00
    948.95       52.25
    983.54       39.50
   1004.02       75.50
   1000.47       50.75
    977.20       63.25
    962.63       50.00
    988.00       73.25
    962.36       61.75
    993.01       60.00
    991.61       39.75
   1002.09       69.75
    984.87       74.00
   1009.18       31.75
    989.03       61.50
   1008.14       52.00
   1008.33       61.50
    995.44       42.75
    980.67       41.50
    990.00       71.50
    949.99       57.00
   1002.92       75.50
    996.03       56.75
   1001.48       59.75
    962.44       71.00
    994.89       60.00
   1007.15       48.75
    976.98       83.75
   1000.17       61.00
    991.78       57.75
    992.43       70.25
    974.85       56.25
    987.32       54.00
    955.99       53.50
    975.94       63.25
   1003.00       32.25
    985.94       82.50
    968.77       67.50
    997.75       37.50
   1002.55       32.50
   1017.87       26.50
    988.90       69.50
    971.44       64.00
    957.81       53.00
    971.06       55.00
    995.23       84.00
    989.94       70.00
    976.40       49.00
    978.08       54.25
    991.23       61.00
    977.96       70.50
    971.10       63.00
    962.05       46.75
   1008.58       29.00
   1001.68       84.50
   1000.17       76.00
    965.86       56.00
    987.44       41.50
    976.68       45.75
    990.43       72.25
    992.29       50.25
    989.22       49.50
    990.12       58.00
   1004.78       67.25
   1005.87       50.00
   1007.56       30.00
    963.96       57.25
    950.35       56.25
   1007.48       52.00
    985.10       53.25
    983.39       61.75
   1000.87       70.00
    957.44       49.75
   1005.31       60.75
   1007.30       69.75
    986.90       51.75
   1010.91       70.75
    951.62       49.75
    985.11       48.75
    990.66       75.50
    994.30       55.75
   1010.73       35.75
    990.87       57.50
   1015.50       39.00
    979.88       61.50
    995.50       62.00
    981.09       55.50
   1012.81       41.75
    984.64       83.25
    993.91       49.00
    982.34       64.75
    994.47       59.25
    982.58       51.50
    973.17       59.75
    998.42       53.75
    987.44       71.75
   1002.53       46.75
   1007.99       31.25
    990.26       56.50
    983.82       60.75
    959.49       63.75
    997.94       69.00
   1004.89       44.75
   1002.53       38.25
    995.87       77.50
    979.39       58.50
    995.08       47.25
    996.97       36.25
    967.56       54.00
    971.81       51.25
   1005.49       28.50
    965.70       54.50
   1005.41       35.25
   1008.89       67.25
    997.27       37.25
    982.77       56.75
    994.41       73.00
    981.82       56.75
    987.85       59.25
    978.94       59.50
    987.94       59.50
    997.94       73.50
    988.76       62.25
   1013.08       30.75
    985.44       53.25
    968.73       55.75
    983.16       84.25
    996.65       55.25
    972.70       51.75
    998.54       43.50
    977.73       63.25
    971.16       55.75
    980.67       54.50
    981.93       53.25
    973.81       79.75
    995.04       63.75
   1010.61       26.75
   1001.59       75.75
    999.72       47.50
    977.51       71.00
    964.99       60.75
   1012.88       42.50
    999.95       43.50
    990.93       60.00
    991.40       57.75
    970.53       62.25
   1006.58       37.00
    974.43       53.25
    999.87       63.50
   1007.71       30.25
    991.85       52.00
    984.05       64.00
    996.94       37.50
    973.83       62.00
   1006.90       30.75
    986.92       83.00
    963.57       53.00
   1006.84       34.25
    968.40       67.75
    978.45       65.50
   1006.46       38.00
    986.90       58.75
    979.90       53.50
    992.13       52.00
    989.64       53.75
   1012.18       28.75
    987.81       66.75
    985.96       62.50
   1003.79       40.00
    990.05       71.50
    975.98       59.25
    988.45       63.75
   1009.39       46.00
    999.21       71.25
    976.67       67.75
    990.07       78.00
   1003.86       55.50
    978.86       61.75
    988.20       55.25
    986.97       54.00
    955.23       56.25
    992.13       69.50
    998.74       45.75
   1013.01       30.75
    979.32       72.75
   1005.70       29.00
    975.85       50.00
    979.04       64.25
    968.07       59.00
    956.30       55.25
   1007.33       36.00
    987.20       48.75
    995.18       66.50
    967.50       45.75
    994.08       39.50
    988.31       83.50
    983.29       46.00
    977.10       77.00
    978.55       70.25
   1002.28       50.75
   1010.18       38.50
    997.54       49.25
    973.08       68.75
    982.34       56.50
    993.48       78.50
    962.93       56.50
    996.47       55.50
    968.27       60.75
    952.40       50.00
    947.32       62.00
   1000.48       67.00
    999.15       47.50
    998.29       64.50
    990.99       61.25
    982.44       78.50
    984.06       79.50
    979.97       49.75
    994.72       61.50
    978.96       59.25
    968.48       80.50
    985.97       77.50
    988.34       56.75
   1016.41       30.00
    977.02       47.00
   1011.15       33.00
    984.85       72.25
    979.99       59.25
    959.84       50.75
   1000.30       55.50
    977.31       82.25
    986.61       58.50
    996.69       67.75
    994.33       40.75
    991.22       38.00
   1017.31       28.50
    951.96       72.50
    975.60       68.50
    994.96       59.75
    983.35       42.25
    995.07       54.50
    993.87       51.75
   1012.10       31.25
    968.86       66.50
    999.35       33.25
    978.03       56.25
    975.38       66.00
    983.35       70.25
    962.54       40.75
   1006.50       28.75
    966.09       51.00
    990.65       62.75
    968.39       74.00
    999.99       82.00
   1007.17       39.25
    978.75       63.00
    991.88       58.50
    966.14       54.75
    980.30       68.75
    989.92       48.75
    961.23       75.50
    982.51       45.25
   1003.12       42.50
    976.54       54.25
    995.06       62.00
    964.99       75.75
    992.51       33.25
   1004.18       40.00
    990.09       75.50
   1009.84       68.50
    960.62       58.75
   1014.64       51.25
    966.15       66.25
    983.07       64.00
    992.49       63.75
    992.40       64.50
   1009.57       36.50
   1005.32       25.50
    992.19       50.00
    985.27       39.00
   1017.62       37.00
    961.68       75.50
    995.44       37.25
    999.79       30.00
    982.08       52.50
    963.31       72.25
   1015.55       42.50
    961.10       58.25
    973.59       63.75
   1001.96       28.50
    988.96       54.50
    989.02       60.25
   1008.83       56.75
   1001.56       37.25
    987.01       65.25
   1001.42       56.00
    991.30       61.50
    989.05       74.25
   1015.24       29.50
    986.83       77.75
   1007.67       43.00
   1002.60       49.25
    974.14       55.25
    980.09       57.25
    997.65       37.50
   1001.91       50.75
   1011.45       58.00
   1008.04       45.00
    988.05       71.00
    961.17       49.75
    976.68       79.00
    998.72       56.00
   1011.28       42.25
    993.09       48.50
    978.92       60.75
   1004.28       46.25
    988.96       56.50
    999.74       65.75
   1010.00       52.50
   1005.04       30.00
    951.72       68.50
    972.94       46.25
    975.25       57.00
    983.87       73.75
    982.30       75.00
   1014.56       35.50
    994.67       71.00
   1001.64       37.25
    978.91       48.75
    982.27       80.25
   1001.02       38.00
    952.87       61.75
    985.47       60.50
    996.63       54.25
    988.53       72.25
   1001.54       36.00
    971.45       82.00
   1010.22       34.75
   1004.70       46.75
    966.23       65.50
   1014.38       28.75
    986.12       74.00
    966.14       50.00
    987.66       59.50
    979.07       54.00
   1007.66       35.50
    979.33       50.25
   1007.55       46.50
   1011.60       32.00
    971.55       58.75
   1001.66       56.50
   1007.93       28.75
   1001.64       47.50
    964.20       38.50
   1002.25       60.00
   1001.21       74.50
   1012.05       69.25
    983.40       48.75
    985.96       56.00
    951.46       50.25
    994.22       47.25
    986.70       61.50
    973.49       53.50
    988.97       75.25
    999.77       56.00
    998.99       78.75
    988.68       49.50
    974.13       61.00
   1006.55       31.75
    994.41       62.00
    989.76       70.25
   1006.92       78.25
   1000.13       43.75
    993.19       33.50
    981.66       61.50
    989.30       56.25
    969.61       67.00
    971.82       53.50
   1007.45       32.75
    987.66       64.00
    987.79       68.75
    968.17       63.00
    971.91       61.25
    995.58       40.75
   1012.78       34.00
    982.52       39.50
    999.75       84.00
    966.02       62.00
    983.36       54.75
   1004.13       69.25
    996.02       58.25
    995.26       73.00
    988.58       53.50
   1000.54       76.25
    997.12       37.00
    975.75       70.25
    976.99       46.25
    963.81       56.75
   1001.82       53.00
    976.77       70.75
   1003.41       49.75
    955.45       52.50
    974.24       76.25
    984.48       54.00
    985.78       58.75
    969.45       70.50
   1001.56       48.25
    970.45       53.50
    965.32       57.75
    983.94       59.25
    992.66       35.75
    995.79       52.25
    971.22       51.00
    958.97       52.00
    978.20       75.50
   1011.20       57.75
    984.45       40.75
    976.87       78.25
    992.74       36.75
   1002.46       34.25
    973.65       52.25
   1008.04       73.75
    985.93       58.50
    987.00       70.00
    958.14       53.00
    978.03       52.00
    947.38       57.25
    950.50       46.75
    987.58       82.00
    964.71       57.00
    984.12       77.50
    990.77       44.25
    965.97       50.25
    968.72       50.75
   1002.05       49.50
   1009.21       35.75
    969.06       53.50
    961.07       55.75
    993.95       66.50
    999.66       29.50
   1002.48       47.50
    969.56       55.50
    984.20       63.25
    987.89       57.75
    970.98       77.50
    989.94       53.25
    983.56       50.25
   1002.16       83.00
    986.99       61.25
    979.47       40.00
    972.31       44.25
    981.21       40.50
   1007.29       44.75
   1005.00       36.25
    995.87       35.75
    988.14       51.50
    980.97       69.75
    959.08       69.50
    986.55       50.00
    996.64       65.50
    990.53       83.00
    998.86       34.50
    996.29       51.75
    992.80       77.00
    988.98       35.50
    968.50       60.50
    993.45       72.75
    971.25       49.25
    955.60       59.25
    970.64       58.50
    991.99       78.75
    981.25       55.50
   1009.42       40.00
    995.40       56.75
   1006.62       36.75
   1002.90       56.50
    992.02       32.50
    972.59       49.00
    998.91       60.75
    999.97       42.50
   1005.94       60.00
   1002.81       27.50
    978.33       54.50
    994.25       80.75
   1011.43       28.25
   1004.90       51.50
    998.14       54.75
    988.22       60.25
    996.53       76.25
   1005.83       54.00
    978.92       57.00
   1004.43       38.50
   1006.22       28.00
    988.68       55.50
   1015.52       30.00
    997.19       53.75
    980.55       76.00
    990.34       59.75
    976.70       65.25
   1004.40       34.75
    978.17       55.25
   1004.46       37.25
    987.99       59.50
    998.06       47.50
   1005.89       67.25
    993.88       47.00
    985.26       70.00
   1012.13       45.25
    990.87       57.00
   1003.79       28.75
   1004.36       65.50
   1007.06       30.00
    995.25       53.75
    978.45       59.25
    971.42       61.50
   1001.53       37.25
    999.24       44.00
   1006.22       57.75
   1009.09       32.00
   1006.02       40.25
    972.41       58.25
    971.37       61.50
    985.65       76.25
    977.41       67.50
    982.00       63.25
   1007.38       33.75
   1001.02       62.25
    978.02       75.50
    983.16       59.50
    985.28       44.00
   1012.06       43.50
   1003.02       35.25
    960.36       81.75
    959.27       53.00
    987.18       46.00
   1007.16       40.00
    980.09       74.00
    986.71       57.50
    971.30       55.50
    972.73       61.00
    980.00       81.00
    967.45       64.50
   1002.08       39.75
   1006.34       48.25
    989.25       63.50
   1002.08       31.50
    986.69       58.00
    995.37       50.00
   1005.69       42.00
    983.43       57.25
   1003.02       30.25
    997.99       85.75
    960.24       55.75
    991.24       59.75
    995.74       41.75
    989.58       76.50
    980.34       63.75
    979.76       51.00
    980.16       53.75
   1006.77       33.50
   1005.16       35.50
   1003.54       53.25
    970.23       51.75
   1012.37       43.50
    973.82       77.75
    985.61       72.75
    978.15       75.00
    989.21       40.25
   1015.09       45.25
   1006.05       31.50
    996.35       65.75
    976.91       58.50
    991.74       70.75
    990.72       42.00
    975.32       64.50
    967.51       59.25
    995.58       49.75
    979.23       57.25
    971.00       58.25
    983.33       80.75
    955.50       48.75
    990.39       84.50
    966.48       51.00
    997.33       39.25
    991.84       54.50
    981.83       70.25
    998.79       51.00
    980.20       78.25
    964.80       58.00
    974.45       79.25
    987.62       61.25
   1011.53       31.75
    993.36       78.00
   1001.46       34.75
    991.92       42.50
    957.64       54.75
    967.64       72.00
   1002.38       45.50
   1016.24       54.00
   1007.28       28.25
   1008.45       26.75
    989.26       57.75
    958.32       50.75
    983.25       61.00
    955.95       63.25
    957.99       56.75
    985.89       73.75
   1005.12       37.25
    962.72       56.50
    966.36       66.25
    966.84       62.75
    992.02       58.00
   1014.82       34.50
    980.73       73.50
    987.70       76.50
    997.69       40.75
   1019.49       28.00
   1017.91       56.50
    987.93       51.75
    977.28       64.50
    991.02       79.25
    979.70       48.00
    995.82       36.50
   1010.50       32.00
    987.62       59.25
    988.88       46.00
   1000.62       58.75
    970.61       56.00
    993.69       78.75
    984.86       75.75
    994.38       52.75
   1005.30       31.25
   1009.10       35.75
    969.28       52.75
   1027.41       55.00
    982.69       58.50
    973.43       69.25
    968.67       52.00
   1005.59       40.25
    999.27       30.25
    977.88       80.75
    993.73       45.00
    985.85       42.50
    969.12       55.25
    964.66       65.50
    997.36       59.00
    990.54       39.50
    982.30       80.50
    995.12       80.50
    989.22       70.50
    974.02       65.75
    968.08       50.00
    966.52       48.00
    967.28       59.25
    988.34       57.25
    996.18       49.50
    985.80       63.00
   1011.88       30.00
    941.73       63.25
    964.93       72.25
    998.23       43.00
    957.23       51.75
    975.06       72.00
   1012.59       34.75
    989.47       45.50
    964.61       48.00
    988.83       81.25
    977.64       64.00
    998.06       37.25
    993.07       73.75
    976.09       70.75
   1003.55       55.00
    964.09       61.50
   1005.98       70.00
    985.83       47.75
    969.43       61.25
    987.20       64.00
    997.06       57.75
    968.08       58.75
    970.79       55.25
    998.33       58.00
    990.75       64.50
   1013.42       56.00
    993.43       58.25
   1009.47       31.00
    996.06       47.00
   1011.56       28.25
    970.27       56.50
   1005.41       30.00
   1006.50       38.75
    978.03       59.50
    975.49       75.75
   1005.91       47.75
   1009.79       32.75
    986.92       60.25
   1014.83       28.75
   1010.59       59.50
    985.96       58.25
   1003.05       39.50
   1004.18       64.25
   1011.52       34.00
    974.09       61.00
    975.81       61.75
    984.00       76.25
    977.63       62.50
    981.90       53.25
   1007.58       29.25
    994.72       71.00
   1001.14       48.25
    994.51       62.50
    999.71       50.50
    979.70       73.00
    976.28       70.25
    995.44       47.50
    975.86       60.75
    985.27       47.50
    994.88       48.50
    998.09       72.75
    990.99       67.25
   1002.44       61.00
    956.79       59.75
    964.56       66.50
   1003.51       38.00
   1001.27       50.50
   1000.62       51.00
   1009.23       28.50
   1008.90       26.25
   1004.64       59.50
    989.73       49.00
    996.46       75.25
    987.78       64.25
    966.89       47.75
    989.27       52.25
    984.05       53.75
    959.12       55.75
   1004.20       80.50
    979.90       63.50
    990.77       83.50
   1000.19       69.00
   1014.03       54.00
    973.06       62.75
    964.02       49.25
    999.79       51.75
    994.57       41.25
    991.29       81.75
   1010.78       42.75
   1012.87       52.75
    997.40       48.50
   1000.70       33.00
    992.66       60.25
   1005.29       57.50
   1004.45       52.00
    998.76       72.00
    984.82       79.50
   1010.49       35.25
    968.95       45.75
    988.23       52.00
    959.87       46.50
   1011.05       37.50
   1001.23       77.00
    978.79       47.25
   1003.60       46.25
    999.33       70.25
    973.01       61.00
   1013.70       27.50
    990.14       82.75
    996.29       52.25
    975.17       43.25
    983.84       75.50
   1003.02       53.25
    983.31       44.50
    985.70       43.75
    962.27       56.00
   1011.13       41.75
    994.07       40.25
    947.55       61.00
   1002.20       62.50
    966.40       62.75
    976.95       52.75
    991.48       55.50
    953.15       54.25
   1008.70       57.25
   1010.51       36.75
    997.10       62.50
    992.29       59.75
   1013.86       75.00
    958.63       64.25
    968.71       46.50
    982.94       62.75
    987.39       65.50
    998.35       52.25
   1007.25       41.50
   1002.93       36.00
    963.72       47.25
    992.90       46.25
   1001.48       44.50
    991.25       57.00
   1000.63       60.25
    983.10       73.25
   1010.62       33.25
    958.73       49.25
    970.92       61.50
    963.03       51.75
   1001.45       60.00
    990.49       71.75
    970.04       48.00
    968.45       82.50
    993.45       55.50
    996.18       54.75
   1014.08       27.25
    953.83       78.25
   1001.21       41.75
   1000.92       50.00
    993.21       49.75
   1007.86       34.00
    978.16       80.75
   1017.16       33.75
    964.04       53.50
    976.35       44.50
    964.48       61.00
    985.43       63.50
   1002.07       51.50
    964.85       56.50
   1011.29       32.25
   1011.34       32.00
   1001.97       43.75
    989.24       60.25
    964.53       71.00
   1005.58       37.75
    989.71       37.75
    973.87       51.75
    984.06       45.25
   1001.87       39.00
    996.49       69.25
    966.71       49.50
    992.02       84.00
    979.23       59.00
   1002.53       79.25
   1000.72       65.75
    978.78       49.00
    971.55       52.75
    964.39       54.50
   1021.48       42.75
   1004.34       66.75
    996.42       40.50
    977.03       46.50
    978.25       50.50
    994.96       60.25
    965.86       55.75
    987.81       62.25
    978.69       59.50
    979.89       69.50
   1011.63       45.75
    995.69       58.50
    992.73       55.50
   1010.59       26.50
    955.19       45.75
   1005.46       38.00
    974.41       45.25
    960.98       51.25
   1006.84       34.00
   1000.84       36.25
    978.75       69.75
    985.71       66.75
   1004.64       56.00
    972.71       61.75
    990.33       79.50
    981.94       60.25
    993.34       72.50
   1007.96       29.75
   1001.72       37.25
   1017.24       34.00
    990.52       43.25
    973.72       71.25
    994.89       57.75
    996.18       53.75
    998.58       68.50
    986.21       40.75
    997.37       51.50
    969.60       57.50
   1003.09       29.00
    983.14       60.00
    987.37       68.25
    996.41       40.25
    979.23       61.50
    984.56       68.00
   1004.81       30.25
    985.65       47.50
    978.70       64.25
    991.14       80.25
   1004.30       47.00
    980.15       55.50
    992.34       62.75
    998.91       56.50
    967.10       55.50
    990.07       61.75
   1000.21       71.25
   1002.83       65.00
    997.87       37.50
    988.82       55.75
    968.41       80.00
    979.30       53.50
    985.55       48.75
    986.07       62.75
    986.91       42.00
   1007.31       46.00
    997.92       47.25
   1006.44       79.25
    973.45       54.75
    991.50       37.50
   1006.26       28.00
    994.69       66.00
    998.84       76.75
    988.60       45.00
    971.95       61.50
    962.65       64.00
   1011.26       65.00
   1010.31       30.75
   1003.37       50.00
    970.62       60.75
    998.96       81.50
    983.20       51.00
   1004.23       35.25
    999.44       35.50
    991.56       62.25
    993.35       54.00
    993.53       82.25
    960.45       60.00
   1003.22       33.50
   1002.91       73.00
    976.30       59.75
   1008.30       38.25
    963.34       50.00
    997.10       78.25
    984.80       56.25
    975.58       57.25
    958.45       56.75
   1000.45       36.00
   1005.98       43.00
    998.54       37.00
   1008.49       68.50
   1012.76       42.50
   1010.28       31.00
   1006.39       33.75
    969.61       60.25
    985.18       64.25
    988.90       59.25
    967.66       51.75
    970.99       55.25
   1007.02       68.75
    983.14       51.75
    993.62       50.75
    972.44       51.00
    994.55       54.25
    981.77       66.25
    988.81       48.25
    943.50       52.50
    984.85       60.50
    994.64       45.50
    963.46       62.00
   1015.00       28.00
    990.84       54.25
    993.62       41.75
    980.97       45.50
    998.61       41.00
    994.22       65.50
    981.29       77.50
    996.69       30.75
    973.55       49.75
    987.18       63.75
    990.89       44.50
    995.24       58.50
    998.56       59.75
    992.64       46.75
    993.20       50.50
    973.50       77.00
    981.72       60.25
    971.60       54.25
    992.11       60.25
   1013.18       37.25
    989.71       42.75
    994.74       45.75
    996.40       49.25
    996.51       32.50
   1006.25       42.00
   1002.29       42.50
   1007.92       28.50
    966.49       74.00
    977.75       75.00
    959.12       56.25
   1009.66       35.50
   1000.98       52.25
    988.81       61.75
    984.40       59.25
    996.18       66.25
    960.64       70.00
   1009.02       36.50
   1003.76       47.75
    979.80       52.00
    965.30       74.50
    976.99       55.50
   1006.34       36.50
   1010.94       30.00
    996.91       82.00
    996.56       58.50
   1004.71       39.50
   1003.68       30.00
   1006.86       32.25
    973.68       44.00
    993.77       70.00
    974.10       56.00
    990.86       35.75
    984.34       47.25
    980.27       59.50
    980.96       47.00
    975.41       73.25
    982.76       53.25
    993.95       78.50
   1008.18       29.50
    991.94       61.00
    988.59       70.00
    981.26       47.75
    972.07       66.00
    993.30       71.75
    982.37       64.00
    995.05       31.50
   1001.74       61.25
    987.68       56.50
    990.95       55.50
    976.18       59.50
    978.55       48.75
    988.52       65.25
    971.70       60.00
    994.97       46.00
    969.00       54.50
    984.18       48.75
    969.56       59.75
    955.76       58.50
    969.64       68.25
    964.32       66.25
    986.65       49.50
   1013.80       38.75
    998.83       38.00
    990.81       61.50
    983.83       57.25
    988.91       73.00
    948.86       54.75
    943.39       55.75
   1012.92       38.75
   1006.62       39.75
    974.79       63.50
    993.74       70.50
    962.98       55.00
    996.58       71.00
    979.55       55.75
   1002.66       36.25
    988.53       39.00
   1012.99       31.25
    977.69       77.00
    995.03       44.50
    962.10       54.75
    982.97       72.75
    987.88       47.50
    978.56       57.00
   1007.75       32.75
    987.99       50.50
    998.23       62.00
    995.36       71.00
    988.76       56.50
    976.60       74.00
   1010.19       45.00
   1008.07       54.00
   1007.59       38.50
    996.68       62.25
   1000.74       44.75
    980.10       71.00
   1000.40       66.25
    994.55       52.75
    992.08       68.25
   1005.09       33.00
    995.09       68.50
    993.40       81.75
    976.41       65.50
    979.43       61.75
    995.97       45.25
    991.98       54.75
   1009.54       29.50
    992.75       63.50
    986.98       55.25
    992.79       52.00
   1005.92       36.00
    994.44       60.00
    999.20       46.25
   1002.95       62.00
   1001.50       48.00
   1004.55       38.50
   1003.16       36.75
   1010.08       38.50
    986.03       70.75
    966.28       68.50
   1004.11       36.00
    988.02       53.00
   1003.05       28.75
    981.57       60.00
    989.62       54.50
    963.99       57.75
   1009.21       31.50
    971.59       37.00
    996.63       69.50
    993.07       73.25
    966.96       61.00
   1005.97       30.50
    986.59       47.00
   1006.07       26.25
    972.44       66.75
    976.40       85.75
    997.27       48.75
    996.01       34.50
    981.87       63.75
    992.67       59.00
    977.22       49.00
    990.08       60.50
   1005.54       34.00
    968.95       70.75
    990.59       42.50
    996.56       83.25
    986.49       63.50
    961.90       82.25
   1004.96       44.00
   1002.00       31.25
    995.43       64.50
   1013.00       44.50
    986.55       48.50
   1001.30       47.50
    954.87       60.75
   1007.61       30.50
   1000.50       35.75
    980.93       82.00
    983.67       80.25
   1004.36       43.50
    978.78       72.50
   1003.09       53.75
    994.79       59.75
    975.11       66.50
    994.97       73.25
    981.32       60.25
    940.48       48.50
    949.35       61.00
    966.69       50.00
    989.37       51.50
    972.45       87.25
    980.95       58.50
    965.04       51.75
    986.01       66.50
   1002.28       35.50
   1010.03       36.25
    982.14       53.25
    964.90       58.00
    965.10       55.75
   1004.98       50.50
    981.88       48.25
    975.64       70.25
    996.40       79.25
    967.69       55.75
    989.61       60.50
   1008.92       33.25
    982.05       51.00
    991.40       63.00
    997.56       54.50
   1005.96       56.75
    955.67       59.75
    955.57       72.75
    992.72       59.50
   1010.64       39.25
    959.93       58.00
    978.05       66.75
    968.41       69.75
    973.61       46.25
    967.55       59.00
    956.50       51.75
    990.26       51.00
    977.50       52.00
    989.61       72.00
    997.16       67.00
    999.66       42.50
    979.95       44.00
    985.70       75.00
   1015.81       31.50
    992.40       77.75
    983.90       72.00
    991.46       43.00
    999.40       54.00
   1007.24       31.00
    959.24       55.75
    993.75       64.75
   1022.03       41.75
   1007.13       51.75
    947.23       50.75
    996.13       75.25
   1003.77       53.25
    985.73       52.25
   1002.93       66.75
    976.40       71.75
    980.08       48.50
    986.56       67.75
    995.10       44.75
    970.10       52.50
   1009.29       33.50
    981.02       63.00
    997.90       76.00
    998.31       38.75
   1002.29       42.50
   1010.50       29.75
    964.82       60.75
    976.94       75.00
   1000.11       35.50
   1014.14       42.00
   1009.83       54.00
   1001.88       36.25
    997.11       63.75
    989.03       53.50
    973.61       49.25
    986.51       62.25
    950.91       51.75
   1002.76       59.25
   1006.77       35.25
   1002.71       31.25
   1005.63       52.75
    988.48       80.00
   1006.19       41.50
   1013.45       64.00
    995.06       39.00
    988.05       76.50
   1014.39       28.50
    990.18       57.00
   1009.54       32.00
    972.06       69.25
    991.34       56.00
    973.61       76.50
    955.91       58.50
    966.58       50.00
    993.85       40.50
   1012.32       26.25
   1003.27       38.75
    963.43       41.50
    998.95       46.25
    996.31       69.50
    987.35       48.75
    986.97       58.50
   1013.84       38.00
    991.89       64.25
    985.25       73.00
    977.26       56.75
    947.18       59.50
    994.96       45.25
   1008.08       74.50
    992.10       74.25
   1000.21       72.75
    953.69       45.00
    987.15       43.75
    972.81       55.75
    987.12       75.50
    987.80       53.50
    977.91       65.25
    984.83       59.75
   1005.95       58.75
    991.41       38.50
    983.54       69.50
    996.79       51.25
    960.62       46.75
   1002.11       35.25
    968.49       65.75
    983.53       73.50
   1012.11       65.50
   1007.92       30.75
   1010.16       37.50
    995.84       67.00
    984.78       76.00
    975.38       56.75
   1005.11       46.00
    994.77       62.25
    990.16       50.25
   1006.05       58.50
    979.74       85.25
    999.89       74.50
    989.20       49.50
   1008.32       29.75
   1015.96       25.50
   1008.09       52.25
    983.68       46.75
   1004.99       39.25
    974.87       64.25
    994.48       61.25
    987.48       68.50
    997.64       51.25
    980.75       66.75
    988.37       57.00
    973.67       67.25
   1014.84       29.75
    996.08       40.50
   1001.18       70.75
    986.44       57.00
    994.82       53.75
    995.02       68.75
    981.46       61.00
    973.90       48.00
    972.86       54.00
    989.79       71.00
    994.99       54.00
    976.96       56.75
    979.37       65.50
    990.75       73.25
    969.29       65.75
    996.61       72.25
    987.08       56.25
    985.36       81.75
    985.07       57.00
    972.65       60.50
    974.41       55.75
   1003.31       36.50
    985.60       55.25
   1005.75       38.25
   1009.42       29.75
    994.39       63.00
    979.55       79.75
    991.60       73.75
    983.95       57.75
   1006.51       43.25
    989.37       49.75
    988.56       74.50
    982.87       56.75
    996.75       45.25
    975.92       62.00
    953.80       58.50
    990.27       73.75
    990.63       35.75
   1010.18       27.25
    990.68       66.00
    955.47       56.00
    980.78       70.75
    990.91       70.00
    983.17       66.75
    982.05       56.50
   1005.84       38.00
    998.02       50.25
   1000.58       57.00
   1010.04       30.75
   1007.03       32.50
    996.73       58.50
    984.44       47.25
    982.31       63.50
   1013.23       32.00
    994.63       52.00
    991.46       49.00
    984.07       77.50
    972.10       52.25
    999.23       56.50
   1014.80       48.50
    982.13       60.50
   1006.79       36.50
    995.57       49.00
    989.32       66.25
    987.33       72.00
    964.86       59.00
   1006.43       32.25
    990.33       57.50
    992.92       77.50
    991.76       83.75
    973.19       42.50
    984.94       52.00
    978.77       77.75
    988.35       60.00
    961.24       57.00
    992.26       50.25
    999.11       53.25
   1000.49       43.00
    976.69       76.25
    989.46       53.00
    967.10       67.50
    985.72       44.75
   1007.14       46.75
    969.98       60.25
   1003.05       38.25
    988.97       37.00
   1010.16       56.25
   1010.31       37.25
    998.50       56.25
    993.02       38.75
    983.53       59.75
    973.52       64.00
   1002.59       34.75
    966.33       41.75
    981.47       57.75
    985.64       53.75
    989.58       61.25
    978.82       72.50
    989.34       49.00
   1001.64       62.00
   1009.87       40.50
    988.90       59.00
    987.01       54.00
    990.88       71.25
    998.09       47.50
    976.63       52.50
   1004.85       51.00
    984.99       69.75
   1005.75       47.00
    969.24       53.25
   1011.82       75.75
    981.26       58.75
    980.73       57.75
    990.80       47.75
   1006.57       52.50
    967.18       54.75
   1005.32       79.25
    985.16       56.50
    969.42       53.50
    992.84       52.75
    966.83       56.75
    989.14       52.00
    950.10       58.00
   1008.85       29.25
   1008.02       80.50
    983.88       58.50
   1000.35       83.75
    977.89       41.00
    961.57       48.50
   1010.65       29.50
    986.49       45.00
    947.64       48.75
    987.26       38.00
   1003.67       40.75
    962.63       56.25
    991.91       52.75
    957.43       59.50
   1010.25       64.75
   1007.33       56.50
   1007.31       33.25
    990.53       69.50
   1012.17       27.50
    966.83       77.25
    975.52       45.00
    986.47       64.50
    992.40       64.00
    996.90       41.50
    999.28       57.00
    975.40       47.25
   1006.60       58.00
    985.13       85.00
    982.75       73.00
   1002.20       40.00
   1003.45       73.50
    972.69       49.75
   1004.03       68.75
    998.73       52.00
   1022.90       45.75
   1015.22       43.00
    976.05       48.00
    984.89       55.00
    952.35       58.75
    985.96       57.75
    980.91       41.25
    956.03       62.50
    972.64       50.50
    971.31       42.25
    990.61       40.75
   1018.16       59.25
    986.15       82.75
    986.80       71.50
   1015.45       37.75
    988.00       66.75
    963.79       50.00
    969.36       69.25
    972.42       59.00
   1005.91       49.50
    967.98       72.00
    992.86       81.50
    989.04       39.75
    964.71       51.00
    967.99       68.75
   1008.71       40.75
   1002.47       50.50
   1005.29       58.00
    977.23       59.50
    994.03       45.75
    983.59       50.75
    986.59       51.25
    978.16       53.50
   1002.90       33.75
    994.72       70.00
    976.36       62.25
   1016.64       36.50
    967.02       68.00
   1000.41       37.25
    993.94       45.50
   1013.00       37.25
    982.54       82.75
    999.40       60.50
    992.58       63.00
   1000.65       35.25
   1007.53       53.25
    980.94       61.00
    996.52       50.25
    993.66       76.25
    985.70       71.50
    964.27       70.50
    969.10       58.75
    989.59       45.75
    974.27       66.25
    985.77       64.50
    994.89       37.25
   1005.45       66.75
    981.32       55.50
    990.61       65.50
    994.07       63.50
    985.69       55.75
    988.28       69.25
   1010.05       32.00
    974.87       59.50
   1001.71       53.25
    972.19       52.75
   1001.33       67.75
    985.20       52.25
    985.03       61.50
    972.47       68.50
    994.06       80.25
   1001.69       47.25
    967.97       77.25
    979.89       62.75
    959.35       58.75
    964.04       55.75
    969.87       50.00
    992.95       56.50
   1005.99       32.00
   1002.67       28.00
    988.07       55.50
    990.27       66.50
    987.66       69.00
    997.80       52.75
    992.24       63.00
    996.76       46.75
   1016.83       42.75
    987.40       75.25
    970.48       48.00
    989.98       56.25
    998.18       64.50
   1001.93       62.00
    994.85       76.50
    990.39       69.75
    965.58       58.75
    986.62       73.75
    978.11       65.00
   1012.22       31.50
    990.82       67.50
    989.43       78.50
   1002.83       62.50
    993.39       65.25
    964.52       55.75
   1007.53       42.75
    989.60       60.50
    997.60       48.00
   1012.56       25.50
    975.41       60.50
    994.16       48.50
   1014.32       28.50
   1000.35       59.25
    979.74       72.25
    995.53       61.50
    994.00       50.25
   1009.43       34.00
   1004.60       78.00
   1017.98       44.75
    996.62       44.75
    999.24       46.75
    982.09       60.75
    989.89       48.00
    942.70       60.75
    975.55       63.25
    942.35       56.75
    990.55       61.75
   1009.83       31.25
    971.95       49.25
    982.59       65.25
   1007.17       54.50
   1001.29       64.00
    998.30       55.75
   1007.54       29.50
    996.27       49.25
    952.60       58.00
   1003.16       32.00
    980.79       52.50
    983.83       67.25
    988.33       58.25
   1008.50       75.25
   1004.18       54.50
    988.64       69.50
    973.90       47.00
   1005.93       53.75
    982.03       58.75
   1004.98       71.00
    972.57       52.25
   1011.08       40.75
    984.57       53.75
    984.56       48.25
    976.64       68.00
    976.99       55.50
   1003.25       42.25
   1010.25       38.25
    968.04       48.25
    982.89       71.75
    988.18       78.75
    950.02       57.25
   1010.81       44.25
    982.68       72.75
    994.99       63.75
    955.74       66.25
    998.10       44.50
   1006.49       35.75
    968.98       56.50
    996.10       83.50
   1012.63       32.50
    994.58       75.00
    980.69       60.75
    965.60       66.00
    954.42       59.25
    962.06       80.50
    991.03       60.25
    996.53       47.75
    993.92       31.25
    971.07       67.50
    967.73       60.50
    975.13       50.00
    979.42       60.25
    986.06       47.50
    984.63       58.75
    972.98       61.00
    970.90       77.25
   1016.23       35.50
    971.64       71.75
    986.43       59.50
    956.06       82.25
    970.08       50.75
    993.80       53.00
    963.90       58.25
   1004.68       49.75
    984.26       63.25
    960.38       80.00
    981.23       72.00
   1013.70       34.00
    975.87       59.25
    983.78       81.25
    954.97       56.50
   1016.90       41.75
    974.31       49.25
    962.88       49.50
    987.07       78.50
   1013.54       39.25
    957.47       66.00
    957.53       54.50
    961.95       68.25
    997.95       67.75
    978.72       59.25
   1011.51       33.50
   1005.87       35.25
    964.11       58.00
   1006.94       33.75
    968.04       56.00
    945.03       65.00
    984.25       44.00
   1012.32       43.50
    977.17       57.75
    996.11       66.50
    955.41       60.00
    988.53       73.25
    982.11       82.25
    997.17       37.25
    967.82       54.00
   1002.64       37.00
    982.85       61.75
    968.16       64.50
    965.00       54.25
    984.25       61.50
   1002.59       48.00
    983.24       64.50
   1010.82       26.75
    960.79       47.00
    985.34       59.50
    990.23       78.25
    971.24       77.75
   1002.66       36.25
    987.91       47.75
    975.74       74.25
   1011.89       39.25
   1000.90       40.50
    981.22       76.00
    979.88       64.00
   1005.20       36.00
   1005.83       34.75
    996.89       47.25
   1003.88       50.25
    980.40       64.00
    987.68       75.25
   1002.78       38.50
    999.08       54.25
    991.60       61.50
    982.04       58.25
    993.03       48.75
    990.25       72.75
    990.88       59.00
    987.57       62.50
   1003.72       27.25
    987.65       69.75
    985.53       62.75
    983.36       53.50
    995.07       73.25
   1004.60       37.75
    981.20       73.75
    995.85       57.50
   1006.80       38.00
    988.42       57.75
    994.14       57.50
    983.52       59.50
    985.47       45.00
    997.38       49.50
   1011.40       31.75
    980.86       62.75
    982.32       60.25
    992.31       40.50
    978.78       46.25
    950.70       71.00
    995.64       55.25
   1008.71       34.75
   1002.38       37.00
    978.77       64.00
    981.99       58.75
    978.56       50.00
    984.44       60.50
    993.41       65.50
    957.58       55.00
    996.85       76.50
   1007.45       35.50
    993.52       38.25
    967.41       65.75
    991.35       53.00
   1010.45       31.50
   1001.55       73.00
    992.26       71.75
   1002.17       35.00
    976.33       51.75
    964.42       60.75
   1003.57       41.25
   1003.01       37.25
   1001.64       63.00
    987.14       78.25
    997.82       60.00
    966.43       59.25
    993.29       53.00
    988.18       63.75
    987.16       67.75
    966.86       56.50
    995.16       71.50
    988.00       69.75
    998.15       56.25
   1017.26       49.50
    973.51       52.00
    977.29       47.50
   1016.50       44.50
    999.46       32.75
    982.72       65.75
    989.46       62.25
    992.56       37.50
    987.92       75.00
   1003.28       58.75
    955.55       46.50
    999.26       37.50
    976.60       64.75
    995.42       52.25
    988.68       44.50
   1012.03       35.75
    987.13       73.50
    946.23       56.00
    970.57       57.75
    987.27       56.25
   1001.86       79.00
    963.30       61.50
    968.86       55.00
   1012.98       36.50
    978.37       39.50
    987.36       67.50
    947.71       46.00
    969.07       49.25
   1012.04       33.00
    999.02       73.75
    975.26       64.50
    997.58       75.75
   1003.62       36.50
    979.05       73.50
    985.06       48.25
   1004.55       44.25
    970.37       50.75
    966.01       77.50
    989.69       59.75
    961.80       58.00
    988.28       54.25
    987.34       63.25
    973.29       60.00
    979.61       66.50
    982.59       67.00
    973.11       53.50
    977.42       64.75
    997.49       63.25
    979.10       56.25
    995.20       60.25
    984.53       55.75
   1011.00       30.75
    970.99       77.00
   1007.23       48.25
    996.91       41.75
    982.46       67.75
   1008.15       31.50
    981.99       58.50
    990.49       69.50
    985.94       73.50
    978.96       52.50
    983.43       61.25
   1005.72       39.00
   1005.83       29.75
    995.03       42.00
    963.42       60.75
    957.40       47.50
    996.28       51.75
    971.91       73.50
    983.03       45.50
    972.19       53.25
    976.71       50.50
   1005.46       31.50
   1008.87       54.00
   1001.07       75.00
    988.50       46.25
    982.41       81.75
   1003.76       72.75
    989.36       67.50
    988.38       56.25
   1009.07       31.00
    999.73       60.50
    975.17       50.00
    996.03       82.50
    973.18       55.00
   1006.96       47.50
    999.74       40.00
    980.00       55.25
    980.33       49.00
    989.00       52.50
   1004.05       27.75
    961.04       45.00
    981.79       52.50
    974.33       66.50
    992.65       62.25
    998.40       37.00
   1006.38       33.00
    976.99       53.50
    980.82       47.00
    985.45       63.50
    979.91       65.00
   1008.20       40.50
    991.12       42.00
    995.35       58.75
    989.22       64.75
    980.55       44.25
    980.72       62.00
    976.67       58.50
    989.33       70.75
    975.02       56.50
   1000.63       34.75
    997.52       72.25
    991.85       60.25
    984.47       36.00
    959.15       50.50
    961.16       58.75
   1013.34       27.50
    981.47       57.25
    950.86       54.25
    963.09       58.50
   1012.66       28.75
    969.56       55.00
    987.85       55.75
    970.95       44.00
    983.44       54.25
    994.62       79.75
    993.27       60.25
   1004.77       37.25
   1007.22       28.75
    991.78       76.25
   1004.03       50.00
   1004.99       35.25
    996.92       51.50
    974.64       65.25
   1005.79       44.00
    984.67       61.00
    984.82       55.00
    997.11       41.00
    997.89       43.50
    985.32       76.75
   1000.52       53.50
   1013.72       39.50
    994.78       62.75
    989.79       74.00
    976.26       59.25
    995.25       59.00
   1001.62       45.25
   1003.51       67.00
    981.57       55.75
    996.91       69.00
   1004.53       52.75
    994.45       64.25
    977.41       52.75
   1008.84       28.00
    962.48       68.25
    995.41       56.25
   1008.33       48.50
    979.16       71.00
   1003.60       39.75
   1007.23       25.25
   1006.17       33.00
    976.15       68.25
    992.59       61.25
   1007.25       37.75
   1010.30       37.50
    985.52       61.25
    990.40       57.50
    992.91       44.50
   1004.05       56.50
    999.70       54.25
    955.40       63.75
   1001.01       27.00
    994.10       38.00
    986.92       55.00
    999.16       57.50
    973.82       63.50
   1002.05       36.75
    980.76       52.50
    996.73       63.25
    956.36       65.75
    956.17       72.25
   1013.98       28.50
    965.15       64.50
   1009.62       25.25
    981.26       62.25
    994.03       50.50
    965.03       73.50
   1002.84       50.25
    994.82       64.75
    986.44       59.00
    972.42       76.25
    998.83       64.00
   1003.55       30.50
   1010.66       57.50
    986.82       65.50
    990.69       63.50
   1013.23       44.50
    975.24       71.75
    981.31       57.50
   1011.07       34.50
   1003.59       34.50
   1000.43       40.00
   1005.85       35.25
    952.70       59.50
    959.89       51.25
    983.28       53.75
    976.78       45.00
    988.01       63.25
    985.12       44.00
   1003.19       31.00
    996.00       69.25
   1000.66       54.50
    976.86       75.25
    973.54       66.00
    980.20       54.75
    960.77       56.75
    982.58       56.00
    971.99       61.00
    977.56       69.50
   1011.77       28.00
   1004.27       50.75
    996.05       59.00
    982.29       60.25
    990.58       76.00
    977.87       54.75
    962.11       54.25
    975.31       65.00
    963.31       61.50
    986.06       71.50
   1010.59       49.00
    974.85       77.25
    973.27       61.00
    934.78       54.75
   1005.23       35.00
   1008.60       27.00
    974.82       62.00
    970.49       59.00
    983.85       55.00
    972.83       64.75
    980.31       77.75
   1010.56       26.00
    984.90       57.25
    974.12       78.00
    971.73       56.50
    977.86       61.25
    961.60       58.75
    989.98       75.25
    982.98       73.75
    989.39       53.50
    976.34       51.25
    995.53       47.00
    963.63       51.00
   1014.53       43.75
    996.97       83.25
    989.82       57.50
    989.62       55.75
    991.28       56.25
   1001.62       47.25
    993.18       86.50
    977.46       47.00
   1011.95       26.50
   1004.98       48.25
    995.29       59.00
    955.70       58.75
    975.33       57.50
   1000.57       71.00
   1017.13       40.75
    975.18       54.75
   1004.12       42.50
    985.83       49.75
    963.11       60.00
    977.49       43.75
    991.64       50.25
    997.84       47.50
    976.80       72.00
    963.21       57.75
   1015.38       27.25
    973.31       50.00
   1005.40       48.50
    991.01       75.50
    993.15       84.00
    979.04       57.25
    999.56       51.50
   1011.75       33.00
    975.95       48.75
    997.32       49.00
    984.50       40.25
    974.14       53.50
    994.43       69.50
    966.56       53.00
    992.92       45.75
   1004.62       78.25
    966.90       44.75
    985.39       41.50
    969.32       42.00
   1004.13       84.50
    975.47       55.50
    964.62       59.25
    951.25       56.00
    989.71       58.00
   1004.02       33.00
    959.41       39.50
   1001.05       82.75
    977.80       61.50
    996.81       28.25
   1012.29       75.00
    987.41       49.75
    971.05       67.25
    979.01       65.25
   1003.18       84.25
   1003.58       38.00
   1024.69       70.50
    958.95       56.75
    996.55       55.25
    971.87       66.75
    980.09       39.00
   1003.42       58.00
   1009.64       33.75
    993.31       81.50
    966.54       63.75
    998.82       56.25
    984.89       59.00
   1014.47       30.00
   1014.77       25.50
    981.43       77.50
    994.49       45.25
    987.79       53.25
    996.49       63.00
    976.84       58.75
    981.90       80.75
   1008.78       57.00
   1005.15       41.00
    990.86       49.75
    967.39       62.50
    991.98       75.00
    992.88       52.00
    977.10       78.25
    983.53       71.75
    961.78       47.50
   1010.58       46.50
   1004.58       35.00
   1006.97       61.00
    985.51       83.00
    968.55       57.25
    984.31       54.00
   1000.44       60.25
    997.04       41.75
    985.49       55.00
   1005.63       37.50
   1006.46       35.00
    992.02       78.00
   1005.18       43.25
   1004.26       64.50
    998.33       68.25
    999.09       43.00
    990.46       62.00
    998.10       36.75
    976.13       65.00
   1013.79       31.50
   1004.05       55.75
    978.04       58.75
    991.10       33.25
    998.96       55.25
   1006.40       30.25
    975.23       75.50
   1003.57       36.50
    988.83       51.50
   1003.60       44.50
    995.82       69.00
    978.64       56.25
    991.63       55.50
    979.43       65.00
    969.92       47.50
    969.09       45.00
    993.37       71.25
    989.41       65.00
   1004.45       45.75
   1004.45       34.00
    982.60       55.50
   1008.02       65.25
    988.27       79.75
   1016.08       32.00
    985.37       81.75
    974.69       43.75
    976.39       68.50
    993.41       56.00
   1010.52       48.00
    972.21       58.75
    972.49       61.50
    978.28       53.50
    980.73       74.00
    989.11       70.00
    973.27       45.50
   1012.17       45.50
   1013.68       35.75
    998.86       48.75
    950.45       51.50
    969.71       54.00
   1008.51       26.25
    966.18       65.75
   1002.93       37.00
    988.78       62.25
    983.17       66.25
    999.65       54.25
   1000.41       34.50
    969.05       63.75
    976.80       41.25
    960.16       64.75
    984.48       37.50
    998.38       69.75
    980.88       41.00
   1002.17       42.25
    986.73       52.00
    997.72       77.50
    998.01       65.50
    976.71       44.75
    978.07       61.75
    994.36       58.50
    958.89       57.75
    967.36       62.00
   1008.83       38.25
    959.33       73.75
    989.96       36.00
    988.28       77.00
    978.17       57.75
    984.97       62.50
    999.75       36.75
    978.13       66.50
    977.04       62.25
    990.04       63.00
   1004.65       46.00
    980.44       76.75
    996.49       50.25
    969.55       53.50
   1001.24       47.25
    987.64       55.00
    994.27       44.75
   1002.22       50.25
    991.74       39.25
    964.97       56.50
   1005.24       35.75
    980.45       51.75
   1000.59       76.25
   1008.43       35.50
    991.43       58.75
   1002.89       53.00
   1008.87       38.75
    987.97       49.25
    980.92       60.25
   1001.64       57.00
    954.03       51.25
   1010.51       31.25
    996.42       70.00
    995.70       58.00
    987.21       57.75
    994.73       76.25
    977.04       50.50
    960.25       49.50
    959.10       55.75
   1004.79       43.50
    978.62       57.50
   1009.70       40.75
    982.20       51.75
    987.86       62.00
    990.23       64.25
    983.52       59.00
    995.54       72.00
    981.98       70.25
    964.93       53.00
    986.45       50.50
    954.10       57.25
    995.83       41.50
   1003.51       54.75
    956.15       60.00
   1006.52       35.75
    995.35       52.75
    999.73       49.25
    995.07       72.25
    985.31       54.25
    978.27       77.00
    963.19       50.50
    970.32       46.00
   1008.76       42.50
    985.73       50.25
    992.23       70.25
    971.41       53.75
    951.21       74.00
    962.44       53.25
    984.40       56.75
    939.62       53.50
    984.57       64.50
    991.83       75.00
    982.48       70.00
    968.96       62.00
   1005.68       61.00
    974.86       60.50
   1007.58       39.75
    965.93       62.25
    948.13       46.75
    970.01       63.75
   1001.17       32.50
   1003.69       38.25
    999.01       80.25
    968.08       57.00
    978.35       59.50
   1000.03       36.25
    970.92       56.75
    958.60       58.50
    986.61       64.00
    970.95       59.25
    949.25       51.00
   1000.74       35.00
    967.92       56.00
    989.30       61.00
    968.96       54.25
    999.22       45.75
    970.62       61.25
    960.36       51.75
    985.65       56.00
    970.76       74.50
    973.33       60.50
    953.43       46.50
    994.56       77.75
   1006.56       50.75
    983.24       63.50
    996.65       73.75
    994.74       40.25
    975.21       60.50
    973.84       58.75
    987.03       56.50
    979.48       79.50
   1004.07       46.50
   1009.84       40.25
    985.29       59.50
    995.73       66.25
    991.75       70.00
   1000.35       52.00
    975.66       54.75
    999.96       41.75
    980.62       72.50
    984.07       65.00
   1010.08       51.75
    966.58       58.00
    992.27       61.50
    999.66       43.00
   1005.05       41.50
    982.76       66.25
    971.75       54.75
    977.87       41.50
    997.98       58.50
    976.91       62.50
    980.73       76.50
   1016.05       63.75
    998.44       40.00
   1009.88       52.50
    977.98       67.75
   1004.35       44.00
   1002.26       56.25
    990.26       55.50
    987.57       52.25
    988.27       49.25
    998.09       72.25
    990.03       56.50
    969.51       53.00
    991.59       66.00
   1001.17       76.25
   1002.86       71.75
   1004.09       75.00
   1005.48       44.25
    974.07       65.00
    991.53       73.00
    969.04       52.50
    994.92       59.25
    960.72       54.50
    999.90       33.75
    982.49       51.00
    969.20       71.00
    977.86       77.50
    993.08       68.25
   1000.29       70.50
   1005.37       31.75
    974.47       73.50
    985.35       48.75
    991.11       60.00
   1009.79       29.50
    999.76       45.00
    966.72       63.00
    959.11       54.50
   1005.77       36.25
   1009.94       33.75
    988.98       66.25
   1007.95       43.50
    977.59       64.75
   1003.28       63.00
   1009.49       32.50
    997.29       48.75
   1012.38       25.50
   1010.73       26.50
    996.44       59.25
   1005.57       26.00
    996.55       77.25
    986.78       60.25
    989.82       42.25
    985.05       42.00
    992.77       66.50
    996.54       49.75
    967.22       72.25
    958.92       53.50
    997.62       38.25
    993.06       61.75
    996.63       70.25
    996.68       42.50
    994.05       55.25
   1005.54       30.00
    991.06       48.00
    987.59       57.75
    997.30       35.50
    953.31       70.00
    977.33       75.25
   1006.93       40.00
   1010.65       35.25
    977.84       76.75
   1007.05       45.75
    962.26       69.75
    949.85       59.50
    951.37       52.75
    966.20       68.75
   1007.22       36.25
    972.64       54.50
    989.12       52.00
    998.05       48.75
   1017.82       35.75
    981.24       53.75
    985.46       66.75
    962.02       51.50
    990.56       41.25
    965.93       79.25
    980.14       85.75
   1007.66       31.00
    992.89       56.00
    993.16       49.75
    987.47       63.50
    980.55       64.75
    950.21       55.25
   1001.20       51.75
   1006.72       45.25
    979.80       64.75
    974.45       74.75
    964.57       61.75
   1006.10       59.50
    954.92       48.75
   1011.93       48.25
    971.70       62.50
    968.57       59.50
    990.78       75.25
    981.68       53.25
    962.38       54.75
    968.56       65.25
    988.76       50.50
    983.64       59.50
    976.18       65.25
    965.40       56.25
   1006.56       37.00
   1011.10       26.75
    964.09       53.00
    976.08       63.00
   1008.21       36.75
    971.04       57.50
   1012.80       27.00
   1009.66       61.25
   1021.92       55.25
    972.63       44.25
    987.04       40.25
    992.98       70.00
    983.35       60.75
    974.05       55.50
    985.39       56.50
    996.58       82.50
    959.65       67.00
    992.87       44.25
    962.47       56.00
    995.90       38.25
    997.97       36.50
    989.47       54.25
   1009.68       56.25
    956.03       76.25
    987.92       83.25
   1008.28       36.00
   1004.03       39.00
   1003.96       68.75
   1010.94       27.00
    987.83       57.00
   1013.70       29.50
    973.07       57.75
    976.97       42.25
    992.37       50.00
    991.92       56.75
    993.51       73.00
   1008.42       42.00
    985.09       63.75
    968.35       65.00
    946.85       46.00
    959.82       70.50
    985.55       48.50
    976.20       77.25
    974.44       37.00
    980.38       48.00
    996.80       69.50
   1000.87       53.75
    939.68       56.00
    995.96       38.75
    974.11       53.50
   1016.65       25.75
    995.58       72.25
   1002.67       35.75
    995.38       52.00
    964.66       42.00
   1015.44       50.50
    971.46       71.75
   1000.39       73.25
    994.08       53.25
    980.59       70.25
    964.86       74.75
    979.14       55.75
    969.51       55.75
    983.94       55.50
    990.84       67.25
    996.75       52.25
   1012.19       29.25
    980.92       62.25
