    946.08      -61.75
    961.96      -58.75
    961.11      -64.25
    974.31      -58.75
    969.74      -60.50
    975.82      -58.25
   1011.75      -37.75
    952.06      -54.00
    978.81      -72.50
    949.05      -54.75
   1013.40      -40.50
    955.97      -67.50
    962.66      -63.00
    954.96      -54.25
    975.17      -77.50
    960.70      -61.00
   1014.26      -34.25
   1005.39      -32.25
    966.03      -55.50
    955.33      -71.50
    998.16      -48.75
    993.37      -53.25
    975.19      -68.25
    981.04      -41.00
    969.58      -51.75
    951.15      -61.25
    965.97      -58.50
   1007.33      -37.00
    966.99      -68.25
    965.95      -54.50
    981.55      -79.75
   1001.53      -32.00
    972.00      -53.75
    981.12      -57.75
    960.14      -62.75
    986.87      -70.50
    970.32      -59.75
   1007.40      -40.00
    952.72      -53.00
    976.57      -56.50
   1002.07      -44.50
    969.46      -52.25
    955.99      -62.00
    975.26      -56.50
    972.51      -54.50
    969.12      -74.25
    965.35      -60.75
    987.65      -50.25
   1005.48      -36.25
    979.94      -57.25
    958.23      -54.00
   1003.25      -41.50
    947.03      -61.75
    955.01      -59.00
    971.83      -51.75
    987.63      -43.50
    951.85      -57.00
    949.34      -62.50
    948.42      -62.50
    983.03      -71.75
    961.27      -78.50
    981.22      -54.50
    959.20      -58.00
    976.61      -60.25
    943.68      -62.25
   1020.04      -33.50
   1008.58      -46.50
    953.77      -53.50
   1001.79      -37.50
    980.44      -59.00
    970.71      -66.00
    953.29      -62.75
   1007.65      -42.75
    963.00      -59.00
   1005.85      -32.50
    960.73      -67.50
    987.75      -63.25
   1004.78      -36.00
    960.76      -62.00
    941.02      -59.75
    953.73      -62.25
   1016.32      -26.50
   1003.29      -34.75
    958.93      -65.25
    973.50      -57.75
   1006.20      -46.75
    963.79      -64.50
    968.23      -65.75
    995.52      -39.25
    952.48      -59.25
    968.42      -63.25
   1000.21      -38.50
    969.59      -79.00
    962.75      -57.50
    973.08      -52.00
    954.95      -63.25
    954.34      -62.00
    964.64      -59.75
    956.84      -64.00
    944.21      -59.25
    961.35      -60.00
    956.42      -64.50
    942.62      -64.75
    968.30      -60.50
   1011.31      -37.75
    974.10      -61.25
    975.87      -61.75
    942.45      -68.50
    978.39      -79.25
    989.35      -37.25
    982.56      -49.00
   1009.00      -31.75
    949.44      -65.50
    967.78      -58.25
    997.32      -46.50
    957.85      -62.00
    993.28      -48.75
    962.22      -63.50
    964.29      -45.50
    942.71      -63.50
    965.84      -61.75
   1002.59      -49.00
    982.18      -46.00
    971.52      -61.25
    980.72      -64.25
   1000.19      -35.75
    967.88      -63.25
    955.68      -60.50
    965.72      -64.75
    971.32      -51.75
    958.79      -68.75
    955.15      -62.75
    943.52      -62.75
    952.88      -65.50
    962.11      -71.00
    977.74      -55.25
    977.59      -69.50
    955.71      -61.75
    953.71      -71.00
    953.10      -65.75
    954.25      -69.25
    955.01      -62.75
   1009.33      -39.25
    972.41      -57.00
    989.83      -50.00
    966.54      -63.50
    970.83      -54.50
    963.38      -69.50
    956.66      -58.75
    955.42      -60.25
    961.42      -41.25
    996.77      -43.75
    966.87      -54.75
    972.98      -58.75
    968.03      -69.50
    999.26      -28.75
   1009.48      -34.75
    980.72      -62.75
    978.66      -52.75
    953.52      -66.75
    981.72      -78.25
    944.84      -54.75
    979.59      -59.25
    949.76      -56.50
    984.70      -48.75
    950.11      -49.25
   1003.17      -35.50
    992.34      -35.25
    989.97      -57.25
    988.31      -51.00
    954.21      -54.50
    969.46      -63.25
    963.56      -60.50
    980.34      -72.25
    995.80      -32.25
    961.88      -58.25
    982.06      -80.75
    972.84      -52.50
    943.66      -67.25
    972.84      -72.50
    968.76      -51.00
    990.96      -50.00
    968.61      -57.25
    959.69      -54.00
    970.70      -65.25
   1010.49      -26.50
    984.03      -47.50
    976.09      -50.50
    955.24      -59.75
    981.23      -67.00
    949.64      -65.25
    953.55      -65.00
    994.85      -49.25
    949.53      -63.25
    958.85      -70.25
    951.83      -59.00
    989.75      -61.00
    975.55      -61.00
    968.74      -67.50
    982.33      -62.00
    995.75      -42.00
    961.72      -51.25
    960.20      -58.00
    955.44      -62.75
    993.11      -33.00
    963.99      -70.75
   1002.10      -33.25
    961.71      -51.25
    926.56      -61.50
    975.20      -63.75
    956.91      -61.50
    952.21      -63.75
    975.37      -59.75
    974.71      -75.75
    978.40      -62.25
    966.19      -51.50
    955.01      -63.25
    976.14      -78.75
   1007.24      -36.50
   1017.30      -25.75
    964.05      -61.25
    971.93      -71.50
    982.44      -47.50
    989.47      -50.00
    952.18      -52.75
    962.32      -59.50
   1006.72      -32.75
    953.56      -64.50
    976.88      -52.50
    958.86      -64.00
    981.86      -60.75
    958.30      -65.75
    999.01      -36.50
    989.04      -41.00
    957.95      -59.75
    943.48      -57.25
    947.94      -62.50
    958.02      -65.25
    962.10      -66.25
    976.51      -80.50
    958.29      -62.00
    961.40      -63.25
    950.50      -59.00
    970.09      -65.25
    970.96      -58.75
    996.93      -37.00
    955.33      -64.25
    967.24      -70.00
    953.51      -55.50
    987.07      -51.25
    965.73      -55.25
    972.99      -62.75
    993.08      -47.00
    974.17      -61.75
    967.78      -57.25
    972.56      -53.50
    951.34      -55.00
    988.99      -79.25
    959.88      -49.00
    961.87      -69.75
    967.54      -55.25
    952.21      -67.25
   1000.02      -41.00
    979.79      -42.75
    982.19      -66.00
   1006.95      -30.50
    973.89      -53.25
    987.27      -43.25
    976.66      -67.50
    973.23      -59.75
    962.36      -63.75
    942.26      -54.00
    978.28      -61.75
    992.49      -50.00
    973.77      -63.00
    956.46      -60.75
    976.32      -76.75
    959.99      -61.25
    961.78      -65.75
    955.54      -62.00
    990.27      -43.00
    947.24      -62.00
    958.51      -72.75
    972.45      -65.50
    974.57      -48.25
    962.09      -58.00
    966.74      -57.25
    957.96      -63.00
    981.15      -56.25
    955.46      -56.50
   1006.54      -38.50
    964.57      -56.75
    953.63      -58.75
   1000.10      -32.75
    959.24      -64.50
    942.19      -65.50
    958.98      -67.25
    972.23      -48.25
    971.85      -60.25
    967.83      -60.00
    975.73      -70.25
    953.85      -55.75
    987.15      -41.25
    963.22      -52.75
    954.41      -59.75
    982.87      -55.00
    950.12      -66.25
    987.50      -79.75
    961.39      -59.75
    965.28      -58.25
    972.21      -58.25
   1018.50      -39.25
   1003.93      -27.25
    979.90      -50.75
    971.22      -53.50
    972.01      -53.25
    968.94      -55.25
    965.70      -61.25
    961.84      -62.25
    949.74      -51.75
    980.48      -71.50
    987.87      -64.25
    976.04      -46.75
    963.73      -53.50
    971.05      -50.00
    990.57      -76.75
    976.63      -58.75
    959.73      -55.75
    959.23      -53.50
    977.63      -53.50
    990.44      -48.25
    957.00      -53.75
    955.55      -65.25
   1001.88      -31.00
    977.49      -61.00
    979.38      -57.00
    970.90      -48.75
    992.45      -48.00
    972.63      -57.25
   1006.66      -39.75
    989.77      -50.00
    952.04      -51.75
    983.45      -46.50
    966.10      -58.25
    956.89      -47.00
    997.60      -29.00
    982.40      -68.25
    968.99      -49.00
    967.24      -45.25
   1003.83      -27.75
    991.17      -45.00
    973.01      -58.75
    980.16      -42.25
    990.73      -79.00
    975.69      -51.25
    980.78      -49.75
    967.53      -54.50
    982.86      -60.00
    976.84      -62.75
    990.69      -37.00
    975.19      -60.25
    978.26      -60.50
    976.00      -49.50
    970.22      -63.75
    955.03      -60.25
    997.00      -43.25
    960.74      -57.50
    976.77      -74.50
    966.45      -59.50
    967.56      -51.50
    972.04      -73.00
    980.46      -57.50
    985.14      -57.25
    967.29      -65.00
    955.65      -59.75
    981.22      -60.00
    951.81      -62.75
    962.75      -68.50
   1011.30      -41.25
    978.02      -66.00
   1015.92      -28.50
    952.59      -58.00
    975.55      -52.50
    961.47      -50.00
   1008.03      -33.25
    959.85      -61.00
    972.27      -61.50
    962.39      -64.50
    980.65      -80.50
    993.25      -53.00
    965.41      -58.75
   1010.59      -26.75
    946.03      -53.50
    962.01      -54.75
    978.93      -63.25
    994.76      -45.75
   1001.82      -31.25
   1010.13      -26.25
    990.82      -52.50
    988.21      -62.25
    964.89      -63.25
    963.46      -55.75
   1002.71      -42.00
    971.38      -72.50
   1004.70      -43.50
    963.16      -59.75
    958.77      -57.00
    971.20      -53.00
    967.76      -58.75
    954.46      -60.00
    998.60      -35.00
    975.68      -51.00
   1007.47      -49.50
    954.96      -57.75
    956.38      -60.25
   1002.43      -28.25
    960.80      -62.50
    979.73      -55.75
    959.10      -61.50
   1009.81      -38.50
    992.00      -47.50
    966.27      -53.00
    962.77      -72.50
    979.36      -66.75
    967.37      -64.25
    952.87      -63.00
    986.59      -47.50
    937.89      -58.25
    989.20      -44.50
    967.80      -46.75
   1000.59      -36.50
    978.60      -59.75
   1009.51      -42.75
    968.71      -45.25
    981.18      -68.25
    952.57      -55.25
    950.27      -60.75
    967.25      -60.75
    990.57      -70.25
    981.28      -47.50
    955.11      -56.00
    972.01      -59.25
    988.95      -62.50
    995.14      -68.75
    957.70      -57.00
    979.30      -73.75
    959.37      -56.25
    956.79      -57.75
    966.89      -68.50
    964.85      -61.00
    962.36      -58.00
    966.00      -63.25
    966.72      -63.50
   1003.36      -26.00
    963.29      -53.00
    979.54      -70.50
    948.66      -65.50
    983.65      -73.25
    966.38      -59.00
    941.86      -60.75
    953.20      -61.50
    957.87      -56.75
    946.81      -61.25
    959.66      -53.50
    963.98      -68.50
    979.83      -51.25
    957.99      -58.25
    985.68      -49.75
    976.19      -57.00
    963.84      -57.00
    965.67      -65.00
    965.10      -63.00
    964.12      -57.00
    948.95      -64.25
    974.90      -58.25
    985.83      -62.50
    948.34      -58.25
    964.29      -76.75
   1001.31      -32.50
    979.84      -54.25
    958.58      -66.00
    950.06      -63.50
    956.96      -56.75
    999.37      -29.50
   1003.81      -27.75
    977.12      -50.25
    982.97      -46.25
    976.45      -54.75
   1017.48      -31.50
    980.78      -65.00
    949.71      -56.00
    979.66      -49.50
    973.14      -63.25
    965.89      -65.50
    959.95      -58.50
    968.16      -65.25
    961.77      -57.75
    962.54      -47.00
    988.88      -56.25
    972.89      -50.75
    995.11      -39.50
    969.37      -61.75
    964.99      -54.75
    957.87      -73.75
    969.00      -54.50
    976.32      -71.25
    970.25      -53.25
    971.58      -57.00
    987.61      -56.25
    954.62      -64.00
    996.33      -48.50
    973.02      -55.25
    968.49      -57.25
    966.24      -63.50
    979.57      -75.75
    958.76      -50.50
    958.22      -54.50
   1010.42      -39.50
    979.86      -54.50
    977.87      -63.75
    962.95      -49.00
    983.16      -54.25
    968.62      -61.75
    985.01      -69.00
    996.32      -41.25
   1002.27      -32.50
    986.65      -52.50
    979.20      -73.75
    963.65      -66.00
    975.85      -49.00
    966.52      -49.25
    996.24      -45.25
    974.69      -73.00
    985.44      -55.25
    958.39      -62.75
    956.43      -58.50
    952.03      -58.00
    975.26      -67.00
    951.69      -57.75
    968.20      -80.00
    991.89      -43.75
   1003.92      -29.75
    962.76      -50.25
    996.45      -31.75
   1008.15      -42.75
    988.70      -54.75
    948.30      -48.25
    964.78      -54.75
    986.91      -75.75
    972.71      -61.75
    961.96      -51.25
    981.82      -46.50
    981.90      -42.50
   1003.43      -28.25
    991.41      -78.75
   1005.19      -39.25
    981.94      -60.75
    952.38      -42.75
    970.98      -54.50
    965.41      -65.50
    963.04      -67.75
   1001.01      -45.50
    978.69      -56.25
    992.20      -80.75
    948.84      -56.25
    960.55      -50.50
    997.20      -44.00
    990.17      -78.00
    983.77      -55.00
    985.48      -55.50
   1004.00      -31.00
    956.96      -62.25
    975.83      -57.00
    960.56      -64.50
    961.83      -71.50
    997.63      -38.25
    967.66      -54.75
    960.18      -46.00
    989.57      -53.75
    961.61      -58.25
    965.41      -47.50
    972.76      -57.75
    957.51      -63.00
    986.00      -78.50
    994.02      -37.25
    983.16      -67.00
    971.18      -55.50
    955.69      -61.00
    971.67      -51.50
    986.76      -48.25
    988.95      -54.75
    947.28      -57.25
    980.46      -62.25
    953.19      -61.50
    959.26      -58.75
    966.39      -62.00
    953.62      -59.25
    964.89      -71.00
    941.58      -60.25
    982.56      -61.00
   1012.37      -31.75
    960.80      -62.00
   1001.50      -33.25
   1014.67      -30.50
   1000.21      -41.25
    964.71      -65.00
    961.31      -74.50
    976.60      -67.25
    960.84      -64.25
    962.22      -67.50
    955.19      -50.75
    958.79      -69.25
    938.73      -55.75
    938.72      -61.00
    971.71      -67.00
    973.16      -81.00
    976.11      -50.50
    989.03      -58.75
    977.36      -54.50
    929.24      -73.75
   1006.33      -35.75
    951.74      -61.00
    947.53      -64.75
    952.69      -60.50
   1005.52      -30.25
    978.40      -55.50
    975.81      -75.25
    978.06      -56.75
    943.40      -71.00
    956.37      -58.50
    960.78      -69.25
    948.28      -62.50
    951.22      -55.50
    943.54      -69.00
    968.50      -78.25
    938.61      -59.00
    964.40      -69.50
    958.14      -66.25
    948.58      -68.75
    957.17      -60.25
    938.83      -65.25
    974.78      -59.25
    965.62      -64.50
    961.80      -52.50
    968.16      -63.00
    988.88      -46.50
    963.39      -51.75
    964.52      -71.50
    947.28      -63.75
   1006.40      -25.75
    941.90      -62.75
    960.52      -55.25
    990.82      -66.00
    976.96      -54.50
    960.52      -54.75
    952.25      -65.50
   1008.41      -34.25
    974.63      -58.00
    972.32      -58.50
    996.35      -44.00
    969.18      -67.75
    985.22      -80.25
    968.58      -60.75
   1005.99      -32.00
   1013.64      -30.00
    988.77      -50.25
    967.28      -54.50
    971.97      -48.75
    964.91      -50.75
    977.42      -51.75
    980.43      -49.25
    996.99      -51.50
    969.88      -71.50
    955.36      -60.25
    953.88      -64.25
   1007.96      -29.00
    947.56      -54.50
    983.58      -57.00
    958.92      -51.25
    965.08      -63.25
    956.79      -67.50
    976.94      -66.75
    944.90      -58.25
    957.55      -65.75
    973.97      -80.50
    949.14      -57.75
   1016.55      -26.75
    970.65      -57.00
    972.96      -51.75
   1015.32      -30.00
    977.09      -39.75
    964.83      -65.00
    949.73      -56.50
    953.40      -61.00
    978.70      -52.50
    997.14      -42.25
    967.35      -67.25
    980.08      -45.50
    981.54      -68.00
    972.19      -75.50
    973.36      -64.50
    987.06      -54.50
    998.54      -42.50
   1003.06      -41.75
    972.11      -61.25
    973.26      -52.00
    973.08      -57.50
   1011.14      -31.25
    997.95      -46.75
    965.08      -60.50
    981.35      -45.75
    976.32      -60.75
    973.09      -60.75
    961.07      -48.75
    973.69      -58.75
    978.99      -64.50
    970.16      -72.25
    967.25      -53.75
    950.19      -56.75
    964.48      -55.00
    958.98      -63.75
    961.17      -62.25
    970.57      -56.75
    961.53      -66.75
    935.93      -56.50
    975.31      -79.25
    969.39      -59.00
    981.57      -55.25
    954.01      -59.25
    970.81      -55.25
    970.80      -58.75
    979.05      -74.00
    957.63      -55.75
    952.88      -61.75
   1001.71      -31.75
    959.58      -60.25
    956.58      -62.75
   1003.06      -26.50
    947.77      -61.25
    966.38      -70.00
    963.98      -59.75
    969.72      -48.50
    960.94      -63.25
    977.74      -54.50
    980.40      -37.75
    980.92      -49.25
    971.80      -64.75
    937.11      -61.50
   1006.56      -38.25
    938.70      -53.75
    985.62      -54.00
   1014.13      -32.25
    959.19      -57.75
    964.19      -67.50
    957.07      -58.25
    951.48      -69.75
    966.28      -64.75
    961.07      -66.50
   1011.24      -37.50
    983.61      -80.00
    974.03      -59.00
    964.49      -61.25
    958.96      -56.75
    972.56      -71.00
    959.53      -64.25
    966.29      -63.00
   1012.06      -33.00
    962.31      -70.25
    950.04      -59.50
    929.85      -61.00
    966.28      -59.00
    959.35      -67.00
    952.29      -55.25
    958.67      -65.00
   1005.82      -39.75
    981.02      -79.50
    988.19      -55.25
    948.86      -58.50
   1011.39      -30.25
    970.73      -63.00
    993.05      -40.50
    965.83      -64.25
    949.88      -62.50
    965.05      -59.25
    963.30      -70.50
    979.14      -56.50
    972.83      -56.00
   1004.16      -30.25
   1009.71      -29.50
    978.23      -53.00
    962.33      -60.75
    966.58      -57.75
    949.67      -60.00
   1002.57      -29.50
    945.55      -61.25
    976.65      -79.25
    952.63      -57.00
    993.41      -39.00
   1021.91      -30.75
    976.69      -48.50
    973.90      -81.50
    959.96      -64.00
    945.20      -59.75
    963.03      -61.50
    980.63      -52.25
    973.26      -69.50
    953.09      -52.75
    978.82      -53.25
   1006.78      -28.50
    978.00      -66.50
    958.74      -58.75
    953.63      -65.75
    960.08      -64.50
   1004.13      -43.50
    989.42      -38.75
    948.30      -57.75
    963.01      -71.00
    971.52      -59.25
   1001.46      -36.00
   1009.51      -41.50
    985.79      -55.00
    963.47      -68.00
    948.42      -60.00
    983.57      -57.75
    977.06      -58.25
    950.51      -58.25
   1011.81      -29.75
    950.70      -60.25
    977.10      -66.75
    973.52      -58.25
    951.11      -62.00
    971.70      -66.25
    950.67      -55.50
    967.65      -49.75
    968.03      -63.25
    967.20      -61.75
    993.58      -39.75
    972.29      -74.25
    979.13      -47.50
    974.72      -57.00
    948.98      -60.50
    960.38      -57.75
    954.30      -53.75
    971.39      -66.50
    976.22      -51.00
    959.00      -61.50
    961.93      -48.50
   1008.92      -34.75
    969.61      -62.25
    957.34      -55.00
    960.45      -49.75
    989.75      -51.75
    976.15      -59.00
    960.73      -66.50
    964.54      -73.25
    972.44      -71.75
    963.57      -62.25
    946.94      -62.50
    976.00      -60.50
    958.61      -50.00
    956.39      -50.00
    944.94      -61.00
    974.89      -58.00
    986.37      -43.00
    966.86      -63.00
    956.77      -56.75
    999.42      -31.00
    960.72      -74.25
    988.50      -44.50
   1001.53      -30.75
    969.23      -70.75
    940.43      -65.00
    967.98      -59.75
    966.17      -66.50
    958.00      -73.00
    986.57      -55.50
   1001.56      -37.00
    978.94      -72.00
   1007.59      -38.75
    978.03      -58.75
    960.49      -68.75
    955.93      -58.00
    967.52      -63.25
    969.01      -62.75
    975.85      -61.75
    992.89      -49.25
   1000.77      -43.50
    998.00      -42.00
    976.29      -60.50
    951.91      -56.50
   1004.52      -35.25
    956.80      -67.50
    975.55      -55.25
    976.46      -60.25
    953.11      -52.75
    965.59      -65.75
    979.79      -56.75
    975.97      -49.50
    953.12      -63.00
    946.11      -57.00
    966.88      -71.25
    973.95      -60.50
    960.39      -61.25
    949.03      -57.75
    960.65      -63.50
    960.78      -66.00
    973.74      -59.25
    969.39      -48.00
   1013.21      -36.25
    969.73      -65.00
    950.42      -62.00
    960.36      -60.50
    948.19      -58.50
    964.36      -74.75
    948.76      -65.00
    980.17      -51.00
    948.63      -62.50
    970.75      -68.00
    966.16      -52.75
    999.92      -29.00
    957.23      -54.50
    998.34      -35.75
   1003.71      -42.75
    969.86      -56.25
    993.50      -59.75
    965.10      -62.25
    990.34      -63.50
    954.74      -46.25
   1004.12      -38.50
    965.87      -73.25
    968.55      -64.75
    986.37      -57.50
   1012.34      -31.25
   1005.10      -39.00
    957.54      -59.50
    991.74      -36.00
    983.79      -58.75
    975.53      -62.50
    968.60      -52.25
    988.95      -47.75
    971.60      -65.00
    966.65      -65.00
    956.76      -64.75
    949.24      -65.75
    959.51      -68.50
    998.22      -39.50
    971.39      -53.50
    949.75      -55.50
    960.95      -53.00
    991.86      -46.50
    968.36      -62.25
    988.43      -43.50
    954.61      -65.50
   1006.11      -44.50
   1007.98      -28.50
    988.93      -49.50
    998.62      -29.00
    961.32      -59.25
    990.57      -43.25
    981.58      -61.75
   1008.60      -33.50
    983.22      -59.75
    940.23      -68.00
    960.59      -68.25
    974.65      -65.25
   1001.95      -36.50
    954.44      -61.00
    969.00      -54.50
    955.58      -59.50
    957.86      -58.75
    982.72      -69.50
    936.05      -61.00
   1003.49      -32.00
    967.62      -78.00
    953.76      -60.75
    966.58      -63.75
    988.47      -44.75
    970.36      -55.25
    954.13      -64.75
   1000.25      -49.75
    959.49      -62.25
    954.90      -54.50
    967.10      -59.25
    972.14      -59.50
    964.68      -61.00
    980.36      -62.25
    980.92      -48.00
    957.14      -60.00
    973.55      -79.00
   1002.15      -31.25
    975.72      -59.50
   1012.63      -38.00
   1005.94      -34.00
   1007.42      -28.75
    964.09      -56.25
    951.52      -59.75
   1005.09      -30.75
    967.29      -61.75
    968.59      -45.00
    964.07      -51.00
    974.70      -70.00
    966.12      -69.50
    964.97      -64.00
    957.03      -60.25
    946.98      -60.00
    979.46      -61.25
    974.54      -56.50
    938.07      -65.50
    947.11      -63.50
    972.57      -41.00
    965.26      -61.50
    967.12      -60.75
    988.65      -44.50
    950.73      -61.50
    945.60      -63.00
   1010.94      -31.50
    948.56      -62.50
    966.68      -63.00
    953.52      -63.25
    950.20      -55.00
    956.58      -58.25
    984.93      -60.50
    966.89      -57.50
    955.75      -72.25
    976.90      -58.00
    962.43      -69.00
    969.35      -63.50
    948.18      -66.00
    950.20      -71.50
    977.38      -67.25
    959.77      -61.25
    970.00      -58.75
    990.91      -43.50
    959.82      -62.00
    949.35      -66.50
    989.47      -62.00
    966.45      -67.50
    976.30      -64.75
   1001.78      -32.00
    964.46      -77.75
    965.48      -64.75
    964.73      -62.25
    957.67      -61.75
    968.97      -59.75
    967.42      -58.00
    971.55      -68.25
    957.19      -67.00
    960.42      -69.00
    990.22      -43.50
   1001.41      -32.25
    957.51      -65.25
    963.43      -55.00
   1011.40      -42.75
    954.85      -67.75
    999.05      -45.25
    966.01      -62.25
    977.40      -62.25
    974.33      -63.75
    962.32      -67.00
    968.99      -67.50
    957.37      -64.75
    972.35      -59.25
   1004.54      -33.25
    955.46      -52.75
   1009.90      -34.75
    991.81      -45.75
    969.07      -50.75
    984.40      -83.50
    975.89      -53.75
    970.30      -63.50
    975.25      -55.25
   1004.77      -49.75
    986.36      -42.00
    969.81      -62.25
    957.16      -55.00
   1011.18      -27.00
    993.65      -50.25
    970.58      -67.75
    970.60      -59.50
    960.25      -56.00
    975.97      -55.75
    946.71      -61.00
    959.54      -62.75
    980.14      -57.25
    947.70      -62.00
    973.00      -53.25
    943.57      -70.75
    994.46      -57.50
    957.19      -71.25
    956.71      -65.75
    984.36      -67.25
    945.77      -59.25
   1008.78      -36.75
    961.47      -68.00
    959.15      -53.25
    963.47      -61.75
    956.84      -55.75
    979.51      -54.25
   1008.03      -48.25
    962.20      -67.00
    982.33      -42.00
    965.94      -61.00
    974.82      -66.25
    945.23      -52.00
    962.70      -64.00
    975.29      -65.25
    997.65      -38.50
    959.66      -54.25
    957.61      -54.25
    971.52      -51.25
    979.85      -78.75
   1000.23      -45.00
   1014.31      -31.50
    968.66      -43.50
    975.49      -58.50
    975.08      -61.25
    971.64      -70.00
    995.48      -46.00
    975.82      -62.00
    946.61      -65.25
    953.15      -51.00
    946.99      -69.75
    977.93      -53.25
    985.40      -57.50
   1012.25      -39.75
    975.05      -65.00
    960.32      -55.75
    985.91      -41.25
    980.40      -80.00
    985.30      -64.25
    974.39      -57.50
    984.03      -42.50
    982.26      -65.25
    964.24      -64.75
    976.65      -82.75
    976.36      -41.50
   1005.54      -44.75
    988.77      -61.75
    951.82      -58.75
    972.16      -65.00
    941.51      -58.50
    998.07      -38.00
    983.24      -56.00
    963.47      -66.75
    962.18      -57.50
    967.74      -61.75
    965.75      -58.25
   1008.90      -45.00
    967.07      -64.75
    969.55      -79.50
    966.32      -56.00
    999.11      -34.25
    956.95      -65.25
    951.35      -66.25
    963.36      -63.25
    954.30      -58.00
   1013.43      -37.25
    957.69      -74.50
    968.59      -52.25
    970.24      -47.25
    971.38      -60.50
    971.33      -62.75
    950.99      -60.00
    954.91      -63.50
    996.17      -31.75
    938.27      -62.75
    993.98      -47.25
    973.80      -67.50
    948.86      -60.75
    950.37      -58.75
    962.83      -62.25
    998.69      -42.00
   1013.64      -32.25
    958.30      -68.25
    956.30      -62.50
    959.54      -66.25
    973.16      -63.25
    948.70      -63.00
    993.21      -38.75
    962.65      -54.75
    957.61      -56.75
    993.18      -47.25
    958.22      -56.25
    965.21      -59.50
   1001.29      -37.75
    965.31      -66.25
    965.68      -58.25
    953.96      -52.75
   1011.70      -37.25
    966.90      -47.75
    968.07      -68.00
    970.30      -67.00
    977.07      -79.00
    988.30      -45.50
    974.91      -47.25
    955.62      -58.00
    968.62      -64.00
   1008.95      -35.25
    968.48      -62.00
    989.97      -41.75
    970.27      -63.50
    973.57      -58.50
    948.19      -64.50
    957.25      -58.25
    963.80      -61.75
    964.70      -57.75
    966.22      -70.25
    993.07      -33.75
    981.50      -81.25
    967.20      -55.00
    966.06      -50.00
    952.62      -64.50
    965.70      -53.50
    951.20      -58.75
    959.69      -56.00
    963.48      -68.75
    987.28      -47.25
   1005.42      -31.50
    951.97      -65.25
   1000.46      -28.25
    989.31      -52.00
    965.37      -56.00
    964.98      -57.75
    980.26      -82.50
    974.04      -80.25
    963.08      -63.00
    965.00      -60.75
    952.96      -61.00
    950.83      -64.00
    971.61      -69.75
   1004.45      -41.25
    982.03      -48.50
    973.50      -56.50
    994.00      -54.25
    972.98      -52.25
    976.56      -66.25
    984.35      -48.75
    985.66      -40.50
    957.13      -63.25
    955.01      -56.25
    972.68      -52.25
    967.68      -63.00
    971.22      -68.00
    946.60      -57.00
   1004.42      -28.00
    983.49      -57.25
    950.14      -62.00
    944.01      -61.75
    973.67      -57.00
    971.20      -52.00
    972.87      -52.50
    971.17      -58.50
    952.86      -62.75
    977.31      -52.50
    962.75      -54.50
    975.11      -74.50
    966.28      -56.25
    971.12      -51.75
    976.31      -55.50
    950.77      -57.00
    957.55      -59.50
    980.85      -67.50
    974.84      -75.25
   1000.35      -41.00
    988.89      -52.50
    981.58      -80.00
    965.65      -52.25
    963.29      -62.75
    962.28      -57.25
    966.61      -62.75
    980.54      -55.75
    978.78      -46.50
    964.84      -60.75
    946.35      -53.25
    965.57      -60.75
    974.99      -58.75
    955.68      -54.50
    967.60      -63.25
    967.52      -60.25
    959.95      -58.25
    987.07      -41.50
    977.76      -78.25
    969.72      -57.50
   1003.34      -31.75
    961.93      -61.00
    971.52      -63.50
    979.88      -48.00
    991.28      -52.00
    984.74      -78.25
    972.82      -61.25
    946.89      -63.25
    955.14      -66.75
    976.95      -50.50
    995.66      -62.75
    964.41      -51.75
    955.89      -53.75
    980.63      -66.25
    970.32      -60.50
    961.62      -60.25
    957.05      -62.75
   1010.05      -47.25
    952.50      -59.50
    985.59      -47.50
    959.56      -53.00
    960.55      -62.00
    976.90      -64.25
    967.30      -64.50
    967.27      -66.00
   1016.34      -29.50
    958.65      -62.00
    947.50      -63.50
    938.69      -65.50
    967.31      -51.75
    957.92      -59.75
    959.39      -71.75
    987.78      -50.75
    935.82      -78.50
   1005.06      -29.50
    989.72      -59.25
    960.73      -58.75
    985.20      -45.75
    971.90      -58.50
    959.10      -62.00
   1009.96      -32.50
    963.99      -57.75
   1003.15      -42.00
    969.76      -50.00
    964.00      -60.25
    959.34      -64.00
    956.39      -50.25
    968.71      -63.75
   1005.47      -37.00
    989.74      -50.00
    967.44      -73.25
    964.56      -64.50
    941.82      -65.25
    973.10      -61.75
    959.70      -64.25
    962.75      -55.50
    938.95      -74.50
    959.06      -62.50
    983.73      -42.50
    971.70      -49.00
    953.51      -61.75
    976.09      -48.50
    996.09      -29.75
    960.41      -68.75
    930.70      -62.00
    957.01      -70.50
    951.36      -57.00
    961.89      -51.50
    964.50      -62.25
   1002.70      -32.00
   1014.62      -25.50
    971.79      -58.25
    988.35      -62.75
   1003.80      -25.75
    953.38      -62.25
    974.35      -45.75
    957.47      -58.50
    980.16      -41.25
    963.77      -61.75
    981.99      -64.50
    984.56      -79.50
    966.56      -52.25
   1007.36      -33.25
    957.01      -68.50
    964.52      -59.75
    996.58      -45.00
   1004.37      -31.50
    991.21      -39.50
    941.98      -52.50
    984.61      -54.50
    961.02      -63.00
    953.48      -56.00
    966.48      -55.75
   1009.16      -37.50
    968.82      -70.00
    980.78      -56.75
   1008.54      -41.75
    983.46      -51.50
    953.29      -60.00
    958.60      -64.00
    963.36      -59.75
    981.40      -75.25
    959.92      -56.50
    960.28      -57.50
    958.95      -60.75
    954.25      -55.50
    961.51      -54.00
    946.82      -53.25
    966.33      -55.25
    951.95      -59.75
    973.59      -50.25
    982.47      -74.50
   1011.35      -30.25
    969.03      -65.75
    960.97      -62.00
    961.21      -49.50
    959.81      -55.50
    963.76      -67.25
    985.18      -80.25
   1006.42      -39.75
    960.79      -57.50
    968.77      -55.75
    965.70      -61.75
    978.89      -58.50
    999.44      -30.75
    961.87      -54.75
   1008.23      -29.00
    974.28      -68.75
    969.89      -61.25
    980.39      -53.50
    988.53      -47.50
    969.56      -60.00
    958.13      -52.50
    947.41      -61.25
    973.02      -53.50
    953.06      -63.00
   1004.36      -32.00
    975.96      -52.75
    976.42      -51.25
    991.63      -45.50
    958.66      -59.75
    969.33      -42.75
    953.06      -68.25
    964.87      -61.75
    952.05      -66.25
    972.67      -55.75
    985.97      -79.25
    998.91      -37.00
    949.30      -56.00
    954.71      -57.50
    954.31      -60.00
    993.80      -48.75
    957.82      -57.50
    961.70      -54.25
    976.26      -52.00
    959.54      -58.25
    945.54      -57.00
   1003.93      -29.75
    943.81      -61.00
    958.00      -62.50
    959.95      -59.50
    960.76      -63.00
    952.07      -62.50
    972.59      -56.50
    999.08      -50.50
    950.13      -63.00
    991.57      -49.25
    943.78      -56.75
   1008.99      -40.25
    971.64      -73.00
    962.16      -60.50
    975.39      -56.50
    945.97      -55.25
    960.48      -61.50
    961.68      -58.25
    958.18      -54.00
    954.06      -65.75
    962.13      -65.00
   1022.78      -33.25
   1013.35      -26.50
    946.67      -69.25
   1011.66      -30.00
    960.02      -63.50
    970.81      -61.50
    952.26      -63.00
    955.27      -66.00
    962.39      -62.00
   1004.34      -31.75
    964.96      -50.25
    958.39      -52.75
   1019.61      -41.75
   1005.34      -26.00
    958.12      -63.00
    973.67      -48.00
    965.24      -56.00
    945.11      -58.50
   1006.30      -36.75
    946.64      -61.50
    999.29      -46.00
   1010.42      -39.00
    942.09      -63.25
   1005.26      -32.50
    983.92      -58.00
    960.22      -63.25
    994.31      -43.50
    952.31      -60.75
    944.13      -59.00
    956.25      -67.50
    973.76      -71.50
    968.12      -49.50
    959.53      -59.00
   1003.85      -46.00
    993.09      -44.75
    957.80      -57.75
    969.90      -53.75
   1002.85      -38.25
    953.93      -68.25
    966.26      -56.00
   1007.88      -29.25
   1008.82      -36.25
    978.57      -63.75
    950.98      -58.50
    957.99      -60.50
    978.67      -74.00
    975.81      -72.00
    965.26      -59.50
    978.67      -60.00
    995.82      -59.50
    954.93      -65.00
    954.65      -67.25
    975.55      -61.50
   1003.45      -28.50
    983.59      -57.25
    966.48      -62.75
    947.32      -60.75
    969.50      -54.75
   1010.52      -28.50
    964.09      -61.00
   1006.68      -27.25
    951.30      -62.50
    945.26      -66.25
   1004.64      -30.00
    968.63      -64.50
    962.48      -60.75
    970.62      -64.25
    976.00      -54.25
    967.27      -74.00
   1005.34      -30.25
   1009.18      -28.00
    936.88      -55.00
    947.03      -63.00
    971.42      -55.75
    987.89      -45.25
    943.35      -66.25
    974.89      -50.75
   1008.52      -29.00
    967.75      -52.25
    982.67      -45.25
    983.12      -51.50
    976.32      -67.50
    954.73      -75.25
    956.12      -63.00
   1004.09      -37.75
    957.33      -67.50
    929.16      -63.00
   1018.10      -29.50
    962.48      -69.00
   1003.56      -41.25
    966.78      -73.25
    959.01      -61.75
    949.33      -64.00
   1011.53      -30.50
    981.90      -60.25
   1000.89      -42.25
   1004.88      -40.25
    976.02      -65.50
    969.23      -62.25
    970.19      -53.75
    970.22      -63.00
   1004.01      -38.50
   1002.35      -32.25
    950.05      -49.50
    974.79      -65.50
    962.37      -56.00
    963.69      -63.75
    977.48      -82.50
    971.64      -55.00
   1009.63      -30.25
    981.45      -44.75
    959.88      -58.75
    958.28      -60.50
    954.49      -58.75
   1007.20      -50.50
   1011.26      -25.75
    945.38      -62.25
    976.15      -53.50
    965.43      -51.50
    979.92      -46.00
    993.06      -47.25
    950.35      -56.50
    972.59      -68.75
   1003.11      -28.25
    959.79      -57.00
    949.05      -65.25
    979.06      -73.00
    958.14      -60.00
    969.98      -59.50
    956.06      -64.50
    968.27      -79.25
   1005.71      -35.50
    967.32      -60.00
    977.79      -77.25
   1014.13      -28.00
    962.70      -57.25
    998.71      -30.00
    958.47      -61.00
    966.06      -63.25
    957.70      -67.25
    998.79      -47.00
    960.87      -63.50
    935.79      -58.75
    954.10      -54.75
   1004.36      -40.50
    949.62      -60.00
    961.91      -56.75
    962.09      -51.50
    952.57      -54.50
    972.16      -81.50
    964.60      -76.00
    958.11      -60.50
   1014.70      -36.50
   1011.80      -31.00
    962.41      -67.00
    976.14      -60.75
    956.07      -60.50
    989.15      -54.75
    967.41      -68.50
    961.79      -68.25
    954.38      -55.25
    971.77      -59.50
    972.08      -60.50
   1006.71      -32.50
   1011.58      -28.75
   1003.72      -32.25
    972.09      -62.25
    988.28      -55.75
   1010.97      -29.00
    985.45      -53.00
    950.66      -60.50
    948.21      -63.75
   1001.76      -35.50
    975.22      -60.75
    946.13      -58.25
    950.96      -58.75
    972.56      -54.75
    995.04      -45.00
   1002.39      -37.50
    965.29      -60.25
    960.44      -56.50
    967.39      -58.25
    975.18      -80.25
    979.45      -69.50
    962.71      -57.25
   1001.29      -29.50
    995.01      -36.75
    978.85      -80.25
    966.15      -56.75
    967.60      -60.50
    974.55      -54.25
    959.94      -62.50
    961.42      -62.75
    965.97      -57.50
   1000.90      -30.00
    940.48      -71.50
    952.34      -59.50
    953.54      -69.25
    948.10      -58.75
    966.87      -55.00
    966.61      -80.25
    999.73      -29.25
   1016.75      -30.75
    947.52      -63.00
    961.35      -53.00
    949.36      -56.25
    972.71      -67.50
    961.91      -61.75
    947.64      -60.00
    946.78      -65.00
    963.80      -60.25
   1016.57      -27.25
    987.03      -60.25
   1000.95      -34.00
   1002.48      -30.50
    944.86      -55.75
    981.48      -55.50
    956.47      -59.25
    953.29      -60.75
    977.09      -79.50
    951.49      -63.75
    937.34      -62.75
    957.68      -50.00
    962.48      -69.00
    962.02      -58.25
    998.44      -44.50
    974.68      -58.50
    954.43      -52.25
   1009.09      -28.25
    966.67      -67.50
    963.74      -62.25
    975.90      -57.00
   1004.31      -33.00
    964.09      -64.50
    956.80      -64.00
    951.42      -58.75
    989.66      -51.25
    968.21      -69.75
    969.41      -71.25
    948.50      -52.00
    948.02      -65.25
    963.57      -60.25
   1008.45      -44.00
   1009.63      -38.00
   1006.66      -39.50
    965.46      -59.50
    983.11      -38.75
    956.67      -55.75
    980.04      -58.00
    960.68      -52.25
    947.49      -62.00
   1010.46      -32.75
    953.22      -60.00
   1012.44      -42.25
    968.73      -69.25
    934.97      -70.50
   1002.36      -38.50
    958.80      -62.50
    991.11      -51.75
    948.59      -61.00
    967.27      -57.75
    946.55      -62.75
    938.23      -59.50
    947.28      -71.25
    962.66      -55.25
    969.07      -63.00
    944.77      -62.00
    948.25      -63.00
    980.24      -55.00
    994.56      -42.50
    951.54      -58.50
    977.87      -58.75
    955.40      -68.75
   1001.17      -36.00
   1009.40      -30.00
    962.87      -55.75
    994.45      -33.50
    980.16      -60.00
    971.62      -56.50
    962.56      -58.50
    975.26      -60.00
    968.28      -64.75
    951.97      -63.75
    938.01      -61.00
    968.50      -65.50
    957.97      -57.75
    971.36      -80.50
    945.82      -68.00
    951.23      -59.75
    987.11      -56.50
    983.10      -50.50
    999.06      -42.25
    958.65      -61.00
    982.38      -56.25
    974.07      -59.75
    949.14      -62.75
    958.43      -59.75
    969.80      -78.50
    958.51      -55.50
    949.20      -58.25
    960.65      -69.25
    999.66      -39.75
    956.53      -61.25
    956.20      -61.75
    975.80      -60.25
    949.39      -71.50
    967.31      -66.25
   1006.96      -29.25
    953.95      -57.50
    961.97      -56.00
   1005.44      -31.75
    967.24      -49.75
    960.24      -61.00
    958.14      -65.25
   1015.47      -32.75
    966.58      -72.25
    958.09      -61.25
    959.89      -58.50
    990.25      -41.25
    942.58      -59.25
    956.29      -65.00
    961.82      -49.50
    959.39      -57.75
    975.88      -56.00
    979.20      -59.75
    952.34      -64.00
    958.47      -68.25
    959.67      -62.50
    967.20      -81.75
    974.97      -53.75
    966.36      -58.00
    957.68      -62.75
    990.31      -45.25
    986.21      -53.25
    987.29      -48.00
    954.90      -60.50
    943.88      -66.50
    961.52      -57.50
    961.40      -60.75
    956.89      -62.50
    996.79      -41.75
    955.20      -59.25
   1002.65      -42.50
    977.14      -51.50
    955.26      -72.25
   1007.58      -33.00
    996.61      -37.00
    989.33      -56.25
    977.28      -65.50
    967.69      -56.25
    945.16      -64.75
    967.05      -70.25
    941.02      -63.50
    949.84      -62.75
    958.43      -63.75
    962.20      -62.00
    975.28      -50.25
    958.52      -61.25
    973.39      -54.00
    968.52      -62.50
    972.72      -55.00
    992.02      -48.00
    996.80      -31.50
    955.19      -56.50
    966.83      -64.75
    950.05      -60.75
    975.08      -64.00
    973.07      -66.25
    985.71      -52.25
    997.99      -28.50
    938.96      -64.25
    960.81      -57.25
    969.15      -60.75
    983.55      -48.25
    947.55      -59.25
    990.77      -50.75
    947.22      -63.00
    959.84      -62.25
    960.28      -72.00
    970.43      -58.75
    979.51      -63.00
    997.96      -41.00
    976.23      -70.75
    949.34      -63.25
    960.59      -69.25
    963.51      -59.00
    955.88      -61.00
   1011.71      -32.25
    932.42      -60.25
    977.20      -64.50
    958.36      -64.25
    945.69      -62.25
   1002.76      -51.00
    960.76      -61.50
    991.50      -40.50
   1009.57      -37.50
    954.12      -67.75
    942.85      -55.75
    977.29      -79.50
    947.48      -62.50
    944.19      -59.00
    955.97      -60.50
    960.77      -58.00
   1004.85      -34.75
    955.17      -62.25
    975.66      -57.75
    945.69      -60.50
    948.46      -59.00
    970.48      -58.00
    950.24      -70.75
    981.32      -79.00
   1012.40      -31.00
    948.19      -71.50
    964.81      -55.75
    958.86      -56.25
    988.68      -68.50
    982.16      -62.50
    957.51      -59.75
    962.80      -59.25
    965.18      -61.50
    972.23      -79.25
    978.18      -62.50
    952.90      -67.75
    946.46      -59.00
    951.43      -63.50
    947.28      -56.50
    948.87      -61.25
    991.45      -77.75
    971.68      -52.75
    960.40      -59.50
    962.92      -59.75
   1004.12      -32.50
    966.81      -54.25
    978.03      -72.75
    969.79      -55.00
   1008.45      -37.00
    975.11      -63.50
    967.99      -57.75
    964.73      -56.25
    937.80      -59.75
    974.71      -59.50
    987.85      -45.50
    956.35      -60.50
    942.44      -60.25
    988.67      -74.00
    961.96      -49.75
    975.84      -60.00
    966.13      -52.25
    969.09      -57.00
    970.99      -55.25
    962.33      -60.75
    996.09      -35.75
    971.66      -49.25
    954.31      -55.50
    938.27      -61.50
    961.73      -49.75
    959.21      -62.50
    963.15      -60.25
    967.38      -53.25
    957.83      -57.50
    995.98      -45.50
    966.09      -53.00
    961.40      -49.00
    977.39      -70.00
   1005.87      -37.00
    960.96      -54.75
    970.28      -58.25
    957.12      -59.00
    970.57      -48.50
    957.10      -62.00
    972.21      -63.25
    964.56      -53.50
    996.41      -38.75
    981.28      -50.75
    966.33      -61.50
    979.37      -56.00
    978.10      -63.75
    960.37      -63.50
    999.13      -34.25
    950.69      -60.25
   1006.12      -29.00
   1000.21      -55.50
    973.21      -55.00
    959.67      -56.25
    961.90      -56.25
    961.21      -52.25
    959.22      -54.75
    987.39      -81.50
    975.03      -61.50
    963.47      -57.00
    982.28      -70.75
    971.32      -58.25
    976.51      -62.00
    987.94      -78.25
    991.66      -48.50
    976.90      -68.25
    984.08      -51.50
    962.77      -50.50
    952.37      -60.25
    981.01      -75.75
    947.09      -55.25
    970.29      -60.75
    968.89      -63.00
    985.41      -80.00
    976.85      -64.50
    971.80      -56.25
    968.48      -57.75
    997.92      -36.50
   1011.58      -41.75
    965.55      -57.50
    961.79      -54.25
    979.40      -69.75
    976.20      -71.75
    990.21      -52.00
   1001.46      -32.75
    949.22      -63.00
    981.07      -74.00
    944.29      -68.50
    972.60      -46.75
    971.68      -53.75
    975.75      -52.50
    955.98      -59.00
   1008.99      -34.75
    979.34      -78.25
    955.46      -54.50
    983.66      -55.25
    961.29      -63.50
    959.07      -59.50
    968.49      -52.75
    981.51      -53.75
    983.51      -79.75
   1010.43      -31.25
    954.91      -51.75
    964.19      -60.00
    971.03      -64.75
    996.83      -43.00
    975.46      -66.00
    964.39      -56.75
    981.15      -41.00
    952.94      -60.00
    969.41      -62.25
    965.10      -57.75
    971.42      -64.75
    960.86      -61.75
    946.74      -54.00
    973.99      -66.75
    982.71      -81.00
    947.86      -61.50
   1013.74      -34.00
    971.19      -64.50
    977.98      -58.25
    976.52      -61.75
    962.59      -64.75
   1002.10      -29.75
    984.44      -79.50
    960.23      -64.00
    940.42      -62.50
    991.59      -77.75
   1004.15      -29.75
    975.52      -57.50
    962.65      -53.75
    987.16      -46.75
    995.52      -44.50
    970.66      -58.25
   1004.31      -33.25
    973.66      -78.75
   1006.88      -47.00
    961.37      -61.00
    963.31      -62.25
    947.45      -59.75
    949.53      -57.50
    965.69      -57.50
    983.31      -81.50
    971.89      -58.75
   1008.64      -39.00
    964.69      -57.00
    973.87      -69.00
    957.54      -53.25
   1005.38      -37.50
   1004.45      -33.50
   1005.56      -45.50
    983.77      -53.25
   1002.95      -28.75
    948.73      -60.00
    960.73      -54.00
    957.25      -62.75
    988.03      -54.50
    976.77      -72.50
    975.51      -49.25
    983.82      -58.25
    983.32      -60.25
    962.42      -68.75
    996.73      -47.50
    969.29      -72.50
    947.50      -52.50
    991.29      -45.75
   1000.04      -30.25
   1002.38      -35.25
    964.05      -60.00
    963.98      -65.50
    955.63      -56.50
    950.38      -72.75
    946.26      -70.25
   1009.76      -29.75
    997.78      -50.75
    947.96      -77.75
    938.73      -65.75
    949.89      -65.50
    982.23      -41.50
    971.24      -53.00
    956.01      -57.00
    998.90      -44.25
    998.82      -41.00
    954.76      -70.25
    937.69      -73.25
   1008.43      -42.00
    963.55      -58.00
    959.22      -67.00
   1011.79      -39.25
    976.82      -53.50
    996.90      -47.25
    958.38      -65.25
    956.52      -61.00
    963.64      -61.00
    966.28      -66.25
   1021.50      -34.75
    955.37      -62.75
    963.60      -61.00
    955.64      -61.00
    959.22      -73.25
    955.11      -61.75
    980.58      -61.25
    998.38      -28.75
    956.79      -64.00
    999.76      -41.50
    976.84      -61.50
    965.68      -62.25
    964.10      -48.75
    977.94      -55.75
    967.19      -59.00
    970.74      -66.00
    964.89      -55.50
    956.76      -61.00
    978.06      -51.00
    968.76      -47.75
    987.37      -43.50
    978.42      -67.25
    961.08      -72.00
    971.76      -64.75
   1006.64      -38.00
    984.65      -56.75
    973.50      -56.00
   1000.38      -34.50
    971.50      -55.25
    959.79      -68.50
    980.53      -53.00
    975.18      -80.50
    980.86      -73.50
    958.55      -56.25
    979.63      -43.00
    964.98      -57.75
    971.73      -63.75
    984.96      -66.75
    969.28      -63.25
    970.03      -72.00
    967.05      -67.75
    990.72      -57.25
    963.44      -60.50
    955.79      -58.50
    944.08      -57.75
    965.35      -53.00
    965.99      -63.75
    957.95      -64.25
    998.60      -46.75
    948.34      -60.25
   1006.25      -31.25
    981.98      -66.75
    971.52      -64.75
    968.26      -58.00
    981.98      -81.75
    954.51      -64.75
    978.12      -61.00
    973.53      -59.75
    975.08      -60.00
   1011.58      -41.50
    966.01      -68.75
    955.47      -63.75
    996.76      -40.00
    962.78      -68.25
    971.60      -54.25
    998.10      -51.00
    981.28      -55.75
    965.78      -62.50
    941.66      -58.75
    964.79      -64.25
   1008.34      -30.00
    983.77      -57.25
    951.64      -64.25
    967.64      -53.50
    971.67      -54.00
    969.53      -63.25
    953.03      -64.75
    983.93      -83.50
    981.21      -42.75
    939.50      -58.00
    966.35      -63.50
    970.12      -64.25
   1008.82      -31.50
    950.22      -60.75
    996.71      -52.00
    949.52      -62.50
    975.86      -76.25
    953.43      -62.50
    960.27      -54.00
    978.39      -44.50
    956.10      -61.75
    971.86      -80.00
    977.41      -63.25
   1005.55      -33.50
    974.66      -56.00
   1007.55      -29.25
    963.39      -52.50
    950.39      -68.75
   1011.05      -27.25
    962.66      -80.00
    943.27      -72.50
    996.94      -41.50
    954.78      -60.75
    953.59      -58.50
    949.53      -66.25
    950.80      -61.75
    950.62      -72.75
    928.76      -64.25
    977.95      -58.50
    986.54      -53.75
    954.33      -65.50
    944.48      -60.50
    976.97      -60.75
    966.87      -54.50
   1011.63      -35.25
    943.52      -59.50
    961.32      -63.00
   1009.45      -33.75
    968.05      -64.25
    956.72      -65.25
    948.80      -48.00
    947.14      -62.25
    965.26      -70.00
   1002.31      -34.00
    962.56      -61.00
    971.64      -60.75
   1008.35      -28.25
   1005.69      -39.75
    951.82      -74.00
    967.00      -58.50
    957.34      -56.50
    956.48      -54.25
   1008.38      -28.50
    945.19      -68.75
    960.64      -54.50
    950.15      -61.75
    963.43      -57.75
    962.48      -57.00
    976.82      -61.00
    996.64      -47.00
    953.97      -62.00
    972.32      -58.00
   1011.01      -29.75
    976.78      -78.50
    959.16      -60.75
    972.28      -70.25
    957.53      -59.25
    967.91      -53.75
    959.61      -64.00
    931.07      -63.25
    970.66      -60.50
    961.15      -63.25
    944.09      -61.25
    945.85      -55.25
    967.30      -64.00
    969.80      -60.25
    963.39      -57.00
    948.03      -68.25
    958.23      -65.25
    997.16      -36.25
    999.69      -31.75
    970.79      -53.25
    935.60      -59.00
   1003.75      -31.75
    999.00      -40.50
    961.21      -57.25
    963.34      -61.50
    997.34      -41.25
    959.81      -59.50
    973.95      -41.00
    972.28      -56.50
    963.89      -62.50
    971.05      -63.50
    951.82      -70.50
    988.06      -41.75
    950.78      -63.50
    967.78      -69.25
   1010.42      -44.50
    958.75      -58.75
    960.34      -73.50
    966.53      -54.00
    953.16      -68.50
    958.72      -63.00
    958.32      -57.00
    969.21      -56.00
    953.01      -62.25
    959.49      -53.50
    966.22      -63.25
    987.96      -38.50
   1005.50      -41.25
    995.54      -35.00
    975.39      -52.50
    962.36      -58.75
   1013.15      -30.75
    985.90      -58.50
    959.45      -69.50
    956.67      -51.75
   1002.44      -27.25
    949.44      -60.50
    967.28      -55.75
    994.17      -52.25
    972.07      -63.00
    980.21      -58.50
    973.31      -80.00
    982.16      -47.00
    977.11      -76.25
    963.37      -53.00
    973.08      -64.50
    982.24      -54.00
    957.74      -56.50
    955.25      -53.50
    990.23      -40.75
    988.55      -56.50
    964.40      -55.50
    956.56      -69.00
   1011.24      -36.25
    958.06      -62.25
   1005.16      -48.50
   1005.03      -28.50
    987.45      -62.25
   1006.02      -33.00
    974.23      -52.00
   1002.95      -30.25
    968.63      -50.00
    971.44      -61.75
    955.76      -52.25
    943.32      -59.25
    965.51      -56.50
    977.45      -71.75
    975.74      -55.00
   1008.58      -37.50
   1000.31      -32.25
    987.96      -81.00
    957.92      -59.50
   1006.17      -39.75
    963.56      -56.25
    968.81      -56.75
    952.25      -61.25
    999.76      -47.25
    952.20      -62.00
    980.99      -57.25
    963.86      -52.75
    975.05      -46.50
    965.09      -59.75
    981.01      -59.00
    991.70      -52.50
    955.31      -61.50
    964.94      -61.25
    980.27      -45.25
    972.08      -70.00
    984.03      -75.75
   1010.18      -30.75
   1000.45      -27.75
    963.15      -70.75
    992.94      -33.75
    965.57      -48.50
    968.07      -62.00
    937.17      -63.25
    979.06      -74.25
   1006.02      -40.75
    975.10      -69.25
    968.29      -61.50
    984.16      -47.75
    984.02      -52.00
    970.29      -49.00
    978.59      -78.75
    964.90      -69.25
    985.65      -46.75
    984.93      -47.75
    979.81      -68.25
    980.56      -58.50
    967.92      -62.00
    959.94      -57.25
    981.63      -78.25
    970.43      -60.50
    970.47      -68.50
    960.90      -57.50
    958.63      -58.50
    960.14      -60.00
    965.02      -63.25
    962.57      -61.25
    964.49      -60.00
   1008.43      -30.50
    980.57      -54.25
    968.79      -61.75
    964.25      -51.75
   1004.86      -29.50
    966.45      -62.75
    953.95      -57.50
    997.46      -37.75
    954.24      -62.50
    960.27      -57.25
    971.57      -62.25
    973.94      -65.25
    966.62      -57.50
   1002.66      -38.75
    959.82      -62.25
    956.69      -46.25
    963.50      -59.75
    967.77      -62.00
    943.17      -60.75
    961.31      -64.50
    955.80      -74.25
    981.94      -68.50
    960.85      -61.50
    984.87      -56.00
    964.61      -56.00
   1001.70      -29.50
    966.97      -59.50
   1008.68      -33.50
    967.02      -70.75
   1011.73      -26.75
    957.97      -60.25
    967.38      -70.50
    975.22      -62.25
    995.25      -33.00
    968.76      -60.00
    980.82      -62.75
    948.24      -60.75
    985.64      -80.75
    960.63      -61.50
    960.20      -59.50
    973.77      -59.75
    964.63      -51.00
    993.46      -43.75
    963.52      -59.25
    965.22      -39.25
    984.28      -52.75
    952.17      -60.25
    976.32      -56.75
    975.39      -57.50
    976.44      -53.25
    963.96      -54.75
   1005.40      -30.75
    948.12      -60.50
    998.50      -32.00
    959.96      -51.50
    982.10      -60.50
    984.20      -55.75
   1013.95      -30.25
    967.24      -58.75
   1011.01      -26.75
    974.29      -59.00
    980.62      -67.75
    963.13      -38.00
    978.38      -77.50
    996.19      -43.25
    988.76      -72.00
    967.99      -51.25
    961.02      -56.75
   1002.71      -78.00
    970.86      -61.25
    977.58      -61.75
    951.01      -52.25
    967.69      -59.75
   1014.25      -27.50
    985.32      -67.25
    976.46      -54.00
    967.58      -59.25
    973.75      -51.25
    992.00      -34.75
    999.39      -32.00
    977.80      -49.00
   1015.11      -27.75
    961.55      -54.50
    964.55      -57.25
    971.02      -63.50
    975.44      -64.00
    954.05      -53.75
    989.64      -74.75
   1014.46      -29.75
    965.54      -71.25
    951.77      -59.75
    964.63      -62.50
    954.08      -59.75
   1010.28      -25.50
   1015.83      -29.00
    982.22      -44.50
    962.38      -66.50
    948.32      -56.75
    962.64      -55.25
    969.96      -59.50
    950.85      -55.25
    945.85      -51.25
    994.77      -40.75
    968.98      -68.25
    991.15      -48.50
    951.83      -59.00
    961.54      -61.50
   1004.74      -29.00
    944.56      -62.75
    967.42      -69.25
    982.73      -63.50
   1004.14      -40.75
    972.93      -55.75
    968.05      -62.00
    968.23      -53.25
    953.53      -61.75
    976.92      -58.00
    969.14      -60.75
    951.61      -61.50
   1000.60      -36.50
    938.86      -65.00
    958.67      -63.50
    954.63      -64.25
    941.68      -64.50
    960.55      -60.00
    961.89      -56.50
    949.34      -63.25
    953.86      -63.00
    967.13      -56.50
    964.23      -56.25
   1009.98      -31.00
    961.90      -55.75
    975.29      -54.75
    951.36      -59.50
    947.45      -65.75
    967.00      -63.00
    964.22      -62.75
   1004.55      -33.00
   1002.40      -30.00
   1003.38      -38.00
    954.28      -62.50
    965.44      -60.00
    968.81      -64.25
   1001.83      -30.25
   1000.90      -46.75
    955.19      -61.75
    989.13      -49.75
    998.15      -46.50
    954.27      -62.50
    959.54      -63.75
    958.98      -64.75
   1003.18      -40.00
   1005.19      -34.50
    959.04      -69.50
    969.37      -63.75
   1015.12      -29.25
    977.68      -64.25
    983.72      -58.00
    962.36      -51.50
    961.11      -65.25
    992.80      -54.25
   1014.50      -41.25
    969.62      -58.00
   1008.27      -39.50
    967.37      -53.50
    954.43      -60.75
    939.88      -57.25
    960.91      -58.25
    987.42      -75.75
   1004.24      -37.50
    969.11      -70.25
    992.76      -33.25
    965.68      -66.75
    959.43      -57.75
   1008.98      -37.00
    955.60      -63.00
    944.23      -54.00
   1012.49      -30.50
   1000.45      -35.00
    957.15      -60.75
    962.53      -66.25
    989.03      -63.25
    956.10      -67.75
    980.12      -48.75
   1007.06      -39.75
    962.57      -68.00
   1003.76      -37.25
    972.06      -57.75
    972.27      -58.00
    985.69      -54.50
    941.29      -58.25
    989.01      -42.00
   1005.91      -40.25
    968.08      -67.75
    956.32      -57.75
    973.66      -63.75
    961.89      -47.00
    975.05      -70.00
    984.89      -80.75
    952.97      -65.75
    982.48      -70.00
    964.97      -66.00
    984.41      -47.25
    952.55      -63.75
    983.26      -81.25
    958.01      -66.25
    981.14      -59.25
    966.15      -55.25
    968.95      -71.75
    983.33      -54.00
    982.48      -53.50
    939.58      -61.75
    956.18      -56.75
   1010.79      -33.75
    976.59      -46.25
    952.68      -67.50
    982.89      -41.25
    938.94      -63.50
    944.54      -73.25
    974.20      -78.25
    980.50      -80.00
    944.70      -64.25
    996.87      -43.00
    957.66      -61.50
    940.80      -57.50
    957.31      -62.75
   1002.26      -39.50
    995.48      -38.75
    963.28      -67.75
    970.10      -68.00
    945.02      -63.00
    999.08      -43.75
    955.81      -59.00
    971.07      -53.75
    967.10      -60.25
    955.90      -62.75
    983.90      -69.75
    975.80      -45.75
    992.86      -45.75
   1011.75      -26.25
    965.60      -59.50
    967.90      -58.00
    967.90      -58.75
    968.44      -57.75
    985.36      -45.50
   1010.06      -38.50
    971.44      -66.50
    975.63      -80.00
    978.99      -59.00
    984.16      -80.75
    974.98      -51.00
    961.18      -52.00
    963.18      -58.25
    966.71      -66.50
    996.49      -42.25
    950.96      -55.50
    967.99      -47.50
    963.09      -61.75
    968.75      -55.50
   1005.59      -28.50
    946.64      -55.50
   1000.89      -34.75
    964.33      -64.25
    958.29      -50.00
    963.28      -53.50
    974.83      -52.75
   1012.67      -34.00
    969.50      -44.75
    968.78      -60.25
    961.62      -58.00
    961.40      -53.75
    982.17      -64.50
    969.82      -53.00
    971.43      -59.50
    982.43      -48.50
    994.42      -40.50
    950.62      -57.00
    961.86      -68.75
    972.63      -60.50
    957.86      -59.25
    989.03      -80.25
    955.79      -58.00
    959.05      -63.00
    973.77      -54.25
    986.42      -48.25
    981.49      -63.50
    969.76      -64.00
    948.15      -62.00
   1007.60      -29.75
   1002.25      -40.75
    978.93      -52.50
    963.81      -56.50
    949.36      -58.50
    951.45      -62.50
    964.48      -56.50
    991.68      -50.00
    983.72      -80.50
    966.19      -62.00
    972.90      -52.75
    988.56      -48.00
    941.58      -58.00
    985.77      -38.75
    970.11      -60.75
   1003.84      -37.75
    950.77      -63.00
    961.80      -54.25
    946.24      -55.00
    952.30      -69.75
    968.85      -52.50
    997.74      -43.50
    965.87      -59.00
    992.62      -49.50
    974.74      -60.00
    972.56      -54.50
    959.73      -61.75
   1003.76      -29.50
   1000.80      -29.00
    945.25      -61.50
    965.49      -64.25
    943.23      -61.25
    974.03      -61.50
    986.36      -73.75
    976.52      -64.50
    955.18      -60.75
    968.11      -46.25
    950.07      -55.50
    951.59      -56.25
   1012.57      -31.50
    965.74      -60.00
    967.73      -56.00
   1005.58      -30.00
   1004.86      -33.25
    955.09      -58.00
    970.76      -54.75
    969.05      -65.25
    963.07      -67.25
    960.81      -66.50
    982.56      -61.75
   1016.41      -40.75
    962.07      -58.25
    980.91      -62.50
    960.38      -54.50
    986.86      -47.00
    971.01      -49.25
    977.44      -64.25
    974.22      -80.00
    970.25      -58.50
    976.66      -62.50
    954.94      -69.75
    994.53      -46.25
    991.66      -47.50
   1001.64      -43.50
    989.40      -43.00
    963.76      -52.75
    965.35      -58.75
    972.20      -75.75
    982.91      -37.75
   1005.19      -35.75
    951.59      -64.00
    952.66      -62.75
    974.32      -62.25
    986.00      -49.00
    945.54      -59.00
   1004.05      -36.00
    952.28      -56.00
    988.95      -47.75
    974.77      -77.00
    974.11      -63.50
   1000.90      -32.75
    956.21      -58.75
    966.90      -64.25
    962.68      -79.75
    944.35      -70.75
    964.36      -66.50
    943.61      -60.25
   1010.52      -32.75
    970.83      -55.75
    965.65      -54.75
    941.25      -78.25
    953.15      -68.75
    948.14      -63.25
    958.14      -64.00
    967.63      -61.75
    997.54      -43.50
    963.04      -67.25
    980.69      -55.00
    988.32      -42.50
    963.31      -63.00
    969.47      -53.75
    947.48      -62.00
    943.27      -65.00
   1006.53      -42.00
    948.28      -66.75
    967.11      -55.25
    966.02      -79.75
    957.91      -66.50
    975.18      -64.50
    973.41      -59.25
   1000.47      -31.50
    942.82      -56.75
    995.24      -42.25
    964.36      -71.00
    943.29      -64.50
    967.69      -60.75
    976.65      -54.00
    965.17      -66.00
    995.76      -41.50
    936.34      -61.25
    969.35      -62.00
    953.58      -58.50
    984.81      -47.50
    967.67      -61.00
   1008.64      -32.25
    959.13      -58.50
    947.29      -60.75
    973.16      -63.75
    958.85      -63.50
    956.05      -60.25
    961.14      -55.00
    987.55      -40.00
    982.09      -79.75
    949.43      -56.50
    973.44      -48.00
    968.11      -57.25
    996.74      -44.75
    962.35      -62.75
    973.43      -64.25
    942.79      -60.50
    972.07      -50.00
    998.00      -50.50
    966.07      -53.75
    981.82      -53.50
    986.07      -54.75
    955.23      -65.50
   1013.75      -29.00
    978.55      -45.25
    959.29      -66.00
    959.10      -65.00
    987.12      -45.00
    985.32      -78.25
    964.37      -60.25
    967.11      -53.00
    954.74      -55.00
    971.55      -53.75
    959.92      -55.25
    983.35      -43.50
   1010.65      -33.25
    965.07      -58.00
    965.80      -58.00
    982.70      -48.25
    975.19      -69.00
   1004.69      -35.50
   1006.60      -38.00
    957.83      -55.75
    943.15      -54.75
    961.16      -52.50
    967.56      -54.50
    983.91      -45.25
   1015.74      -26.50
    966.13      -49.25
    973.66      -59.75
    980.05      -70.75
    961.75      -51.00
    988.76      -59.00
    992.80      -61.50
    981.02      -45.25
    996.55      -80.50
    986.10      -64.50
   1018.46      -33.75
    970.94      -57.50
    990.99      -60.00
    991.99      -51.25
   1007.23      -43.00
    957.43      -55.50
   1012.69      -36.25
    967.65      -57.50
    978.38      -61.00
    972.00      -60.50
    975.89      -43.50
    956.13      -58.50
   1003.77      -50.25
   1002.26      -26.25
    979.34      -50.50
    958.47      -57.75
    964.34      -51.50
    983.46      -52.25
    941.56      -52.00
   1000.72      -46.25
    965.94      -59.75
    968.69      -60.25
    976.14      -51.50
    996.22      -37.00
    978.07      -74.25
    959.37      -57.50
    974.03      -77.50
    954.01      -53.75
    976.92      -51.75
   1002.69      -31.25
    981.99      -49.50
   1003.34      -46.00
    976.10      -46.25
   1009.52      -39.00
    968.18      -57.75
    992.69      -47.75
    965.65      -56.75
    993.79      -57.25
    986.93      -58.25
    971.48      -60.75
    965.01      -60.75
    961.30      -56.75
    968.47      -56.75
    950.68      -62.00
    981.93      -81.75
   1011.16      -36.00
    959.38      -63.25
    964.93      -64.00
    973.42      -59.50
    984.36      -79.50
    959.10      -62.75
    997.92      -43.00
    964.95      -59.50
    974.16      -70.00
    982.72      -50.25
    957.10      -54.75
    944.69      -55.25
    972.63      -52.50
   1017.31      -25.25
    977.31      -81.25
    953.96      -60.75
    999.95      -42.50
    956.48      -67.50
    957.64      -71.75
    961.74      -63.50
    968.64      -47.75
    954.10      -53.50
    993.13      -46.25
    980.20      -73.50
    961.01      -58.75
    972.73      -58.25
    987.66      -47.00
    953.46      -56.00
    947.61      -65.25
   1012.52      -28.00
    961.87      -62.50
    954.36      -58.50
    974.04      -63.50
    949.64      -59.75
    944.37      -58.50
    969.40      -55.00
    982.74      -73.50
   1004.49      -31.50
    962.50      -56.00
    956.14      -69.00
    958.71      -64.75
    986.63      -70.25
    960.43      -68.25
    965.77      -49.00
    977.04      -70.25
    999.37      -48.25
    997.74      -42.25
    993.47      -42.00
    958.83      -69.25
    975.06      -68.50
    966.28      -57.25
    991.34      -39.75
    951.42      -73.50
    936.85      -60.25
   1011.37      -32.25
   1011.07      -34.50
    978.84      -52.00
   1007.45      -34.50
    952.65      -60.75
    962.44      -59.50
    991.90      -45.50
    943.84      -60.50
   1007.75      -32.75
    992.55      -35.25
    960.92      -65.25
    962.24      -63.00
    973.18      -55.25
   1002.12      -38.00
    965.93      -59.75
    973.98      -55.25
    973.06      -55.25
    958.54      -65.00
    970.25      -55.00
    960.74      -58.75
    960.33      -65.75
    969.05      -54.00
    955.58      -61.75
    973.09      -55.50
    959.62      -51.25
   1009.79      -27.25
    947.85      -55.00
    952.83      -54.00
    973.72      -55.25
    947.41      -61.00
   1002.23      -48.25
    999.40      -40.75
   1003.05      -30.00
    957.91      -60.75
    967.75      -40.75
    951.83      -63.50
    954.31      -67.25
    964.34      -62.75
    981.76      -78.50
    988.80      -43.50
    968.07      -57.75
    977.05      -70.00
    958.15      -59.50
    995.41      -52.50
    975.09      -63.25
    959.53      -57.75
    982.61      -54.75
    964.49      -59.00
   1004.42      -34.75
    971.66      -58.50
    987.55      -54.25
    960.56      -63.25
    969.87      -65.50
    972.49      -50.00
    994.25      -49.25
    958.13      -55.00
    948.89      -58.50
    965.97      -59.75
    964.17      -68.25
    945.16      -57.75
    998.96      -42.25
    954.01      -51.75
    957.74      -67.25
    951.11      -52.75
    994.52      -44.50
    993.53      -50.50
    959.03      -61.00
    971.17      -57.75
    981.39      -58.75
    963.35      -52.75
    992.43      -46.50
   1009.52      -41.75
    975.55      -62.00
    965.04      -66.25
    967.19      -49.00
    979.30      -46.25
   1014.33      -31.00
    967.76      -57.50
    978.32      -60.50
    973.77      -65.25
    979.93      -61.25
    963.44      -61.50
    971.44      -64.50
   1001.60      -32.50
    980.13      -75.00
    953.41      -67.75
    948.62      -77.00
    949.04      -64.00
    947.05      -59.00
    983.16      -62.50
    968.95      -67.25
    984.05      -46.50
    953.13      -70.00
    974.64      -78.25
    953.74      -65.25
    962.60      -61.25
    963.86      -58.25
    944.68      -55.00
    973.72      -54.25
    978.85      -62.00
    986.59      -51.25
    957.28      -51.00
    954.64      -55.50
    962.14      -70.25
    973.04      -61.00
    994.28      -49.50
    977.35      -52.25
    985.52      -51.75
    967.38      -71.00
    961.96      -56.50
    948.30      -58.00
   1007.93      -35.75
   1000.44      -39.25
    983.36      -58.00
    959.38      -51.50
    984.04      -66.50
    994.86      -50.25
   1007.67      -32.50
    952.00      -52.00
    951.25      -57.75
    985.37      -66.25
    950.70      -60.75
    968.45      -66.75
    983.94      -80.75
    954.95      -52.50
   1008.89      -39.75
    989.37      -37.75
    971.24      -57.50
    988.93      -58.00
    957.90      -68.00
    974.42      -57.50
   1002.41      -29.75
    979.98      -76.25
    959.99      -55.25
    963.53      -60.50
    951.76      -59.75
    953.52      -60.00
    970.13      -54.75
   1002.40      -40.00
   1004.07      -42.00
    983.65      -45.25
    949.88      -59.25
    964.76      -68.00
    951.43      -58.75
    976.71      -55.50
    948.64      -65.25
   1014.64      -26.75
    999.52      -41.50
    968.02      -53.00
    983.35      -75.50
    947.15      -60.50
    973.55      -73.00
    954.88      -58.75
    983.51      -44.00
    953.69      -61.00
    965.45      -67.25
    966.58      -65.50
    988.87      -40.50
    980.70      -55.00
   1004.43      -34.50
    953.22      -68.25
   1014.62      -25.75
    967.75      -62.75
   1000.92      -29.25
    974.05      -58.25
    953.79      -55.00
    967.38      -54.00
    968.40      -65.75
    959.95      -51.50
    983.72      -49.75
    934.14      -63.75
    980.98      -81.75
    952.42      -57.25
    961.59      -59.75
    952.01      -56.75
    973.54      -59.25
    963.12      -62.50
    964.76      -51.50
   1007.43      -41.75
    944.66      -61.75
    986.46      -46.75
    950.36      -58.50
    994.14      -52.00
    962.80      -71.75
    967.29      -56.00
   1005.69      -31.50
   1009.49      -44.25
    957.88      -62.75
    971.14      -55.75
    963.76      -59.50
   1001.80      -41.25
    959.85      -64.25
   1006.96      -34.75
    975.94      -77.75
    961.48      -54.50
    963.43      -63.00
    965.80      -64.25
    957.52      -51.50
    957.87      -71.00
    995.73      -52.25
    968.38      -63.75
    967.86      -56.25
    969.29      -69.25
    958.79      -64.50
    951.67      -71.75
    949.29      -61.75
    956.61      -57.00
    955.10      -65.75
    967.86      -54.75
    944.79      -67.75
    967.47      -61.00
    942.32      -57.75
    958.55      -58.50
    999.08      -38.75
   1000.03      -39.00
    972.04      -65.25
    963.35      -62.50
    954.03      -61.50
    998.75      -54.25
    998.03      -37.25
    952.55      -60.25
    959.00      -56.00
    975.84      -62.25
    946.64      -60.75
    961.45      -63.25
    973.85      -63.75
    968.66      -67.75
   1015.13      -28.00
    970.14      -60.50
    996.04      -57.50
    981.74      -74.50
    981.18      -52.25
    975.32      -69.25
    967.95      -58.25
   1014.85      -31.25
    950.52      -63.00
    966.04      -62.00
    970.15      -65.75
    961.39      -51.50
    947.26      -63.00
    961.48      -63.75
   1000.10      -26.50
    984.55      -58.25
    964.32      -61.00
    999.90      -35.50
    975.75      -81.75
   1003.54      -37.50
    984.65      -44.50
    984.53      -58.75
    962.93      -53.00
    971.58      -72.25
    959.18      -69.00
    963.79      -58.00
    947.12      -61.75
    953.00      -65.00
    987.50      -52.50
    968.43      -65.25
    965.55      -62.50
    967.15      -73.75
    963.04      -58.50
    973.28      -54.75
    962.97      -56.50
   1002.20      -39.75
    971.85      -56.75
    960.15      -61.50
    964.04      -63.25
    950.94      -64.50
   1005.16      -35.75
    959.73      -62.25
    955.79      -64.75
    983.58      -70.75
   1011.57      -33.00
    974.81      -61.00
    974.43      -79.50
    954.22      -59.00
    998.85      -45.25
    963.77      -61.50
    973.50      -63.25
    962.53      -59.75
    973.76      -54.50
    955.88      -61.75
    998.28      -46.00
    949.55      -63.50
    999.96      -28.25
    980.38      -80.00
    960.97      -54.00
    976.22      -61.00
    951.53      -61.75
    977.00      -61.25
    971.41      -69.00
    999.59      -48.25
    996.79      -32.25
    958.24      -65.25
    954.89      -62.25
   1002.42      -41.25
    958.66      -69.25
    959.13      -60.00
   1008.38      -35.25
    979.28      -58.25
   1009.40      -27.00
   1009.53      -40.50
    984.62      -60.50
   1004.13      -44.00
    962.82      -56.25
    950.64      -60.50
   1002.73      -36.00
    973.16      -76.50
    951.46      -57.00
    969.27      -54.50
   1009.29      -35.50
    954.48      -63.50
    942.34      -60.75
    952.55      -61.75
    953.97      -63.25
    999.29      -43.75
   1001.05      -30.25
    979.27      -55.25
    971.06      -66.75
    965.72      -70.75
    968.05      -73.00
    978.66      -63.75
   1000.82      -30.25
    979.08      -59.75
    939.95      -59.50
    989.09      -45.25
    965.99      -57.50
    954.28      -63.50
    956.69      -70.50
    956.16      -66.75
    952.56      -65.75
    998.36      -50.25
    944.46      -60.75
    970.40      -56.25
    978.31      -58.50
    960.49      -61.50
    945.75      -68.50
    960.90      -54.25
    952.58      -62.50
    945.04      -72.00
    970.72      -62.75
    947.71      -64.75
    977.46      -59.50
    960.94      -67.25
    967.73      -60.25
   1017.08      -26.75
    955.43      -51.00
    954.44      -70.00
    967.26      -59.00
    978.61      -58.00
    966.86      -63.25
    968.79      -56.25
   1002.10      -37.50
    962.09      -63.50
   1009.72      -38.75
    986.38      -53.50
    943.32      -60.00
    924.78      -60.75
   1014.75      -27.00
   1006.01      -32.00
    929.57      -62.50
    960.71      -58.75
    957.48      -67.50
    961.49      -58.00
    970.99      -57.50
   1011.60      -38.00
    967.89      -60.75
    964.75      -63.00
    967.53      -58.50
    967.53      -63.25
    961.93      -52.50
   1007.36      -42.75
    947.78      -63.00
    946.09      -61.25
    962.77      -65.25
    977.30      -50.00
    985.75      -47.00
    950.25      -66.75
    991.98      -48.25
    982.47      -52.25
    958.10      -74.25
    963.79      -68.50
    955.22      -65.50
    966.52      -65.75
    994.73      -38.00
    957.49      -66.00
    986.78      -51.50
    971.26      -71.75
    950.26      -62.50
    962.16      -62.50
    957.99      -61.25
    964.97      -73.00
   1000.39      -32.25
   1001.43      -29.50
    993.96      -47.25
    996.30      -33.50
    961.13      -62.75
    964.04      -63.25
    969.00      -62.75
    962.18      -62.25
   1003.74      -29.25
    952.40      -61.75
    979.22      -56.75
    955.73      -62.25
    965.27      -54.25
    952.05      -60.50
    969.71      -54.75
    979.22      -80.75
    964.46      -61.75
    951.87      -59.25
    953.48      -58.50
    977.33      -51.25
    962.16      -60.25
   1009.09      -28.50
    988.20      -56.00
    966.23      -71.75
    959.71      -62.50
    947.09      -50.25
   1018.07      -26.50
    967.13      -61.25
    939.44      -58.75
    982.58      -80.75
    963.27      -48.75
    998.32      -47.75
    958.62      -65.00
    966.91      -52.50
    984.64      -49.00
    965.58      -52.75
    954.16      -69.75
    958.39      -71.25
    968.01      -63.50
    960.77      -56.75
    976.86      -55.50
    948.13      -65.00
    971.57      -55.25
    979.81      -46.75
    959.19      -59.75
    987.08      -62.25
   1011.54      -29.50
    976.69      -71.00
   1012.81      -34.50
    977.98      -64.00
    953.97      -68.75
    983.42      -63.75
    972.05      -60.00
    977.57      -63.25
    997.42      -40.75
    981.36      -81.25
    973.87      -41.50
   1001.66      -33.00
    954.32      -57.75
    966.86      -67.50
    957.63      -64.50
    956.12      -56.50
    971.14      -79.50
   1002.07      -29.75
    980.10      -80.75
    959.77      -61.00
    974.71      -50.75
    997.84      -49.00
   1009.80      -29.75
    979.47      -62.50
    983.77      -60.25
   1005.28      -36.75
   1002.32      -27.50
    942.38      -58.00
    960.23      -61.50
   1008.42      -29.75
    958.29      -59.25
   1004.47      -44.50
    970.84      -63.25
    966.35      -74.00
    970.80      -53.00
   1001.24      -37.50
    963.33      -66.75
    959.51      -57.25
    969.28      -58.00
    980.94      -68.25
    969.41      -64.75
    965.47      -59.25
   1009.02      -39.00
    950.95      -58.25
    960.97      -59.50
   1013.67      -26.25
    995.35      -37.00
    958.50      -54.50
    964.23      -62.50
    966.05      -60.50
   1004.48      -43.00
    983.85      -53.75
    971.15      -53.75
    970.34      -67.75
    962.49      -52.25
    968.30      -61.50
    955.13      -68.00
    968.88      -64.00
    983.62      -66.50
    977.96      -61.25
    960.64      -67.25
    984.46      -47.50
    967.82      -60.75
    947.91      -54.75
   1006.65      -29.25
    966.02      -50.25
    978.63      -59.50
    967.87      -63.25
    963.65      -65.50
    978.86      -54.75
    945.55      -62.50
    998.30      -33.25
    982.44      -81.00
    995.38      -42.25
    970.39      -59.75
    962.08      -67.75
    967.94      -49.25
    970.05      -55.75
    954.01      -60.50
    975.78      -55.50
    952.15      -64.25
    953.76      -56.75
    944.45      -56.25
    947.45      -50.00
    983.90      -50.50
    946.68      -61.00
    941.89      -60.50
   1001.14      -30.50
    966.82      -55.00
    941.10      -60.25
    999.80      -42.75
    954.23      -65.25
    968.23      -64.50
    927.95      -65.00
    962.42      -63.75
   1000.40      -35.50
    964.92      -55.50
    967.78      -55.25
   1007.30      -31.75
    968.79      -67.25
    971.22      -48.50
    979.86      -57.75
    983.53      -59.00
    952.18      -58.50
    967.68      -80.00
    968.51      -61.25
    956.25      -63.50
    958.00      -53.50
    939.57      -62.25
    984.32      -49.50
    988.46      -37.50
    987.19      -53.50
    969.33      -80.25
    965.83      -60.00
    983.09      -47.25
    959.32      -63.75
    963.44      -62.50
   1005.32      -41.25
    950.59      -60.75
    944.54      -58.75
    960.92      -72.50
    945.90      -63.00
    976.38      -73.50
    946.24      -68.50
    988.35      -45.75
    965.76      -68.00
    960.28      -76.50
    946.76      -60.50
   1000.99      -49.25
    971.49      -61.25
    969.58      -65.25
    990.12      -50.75
    950.35      -61.50
    969.97      -56.75
    962.17      -63.00
    967.43      -53.25
    999.73      -38.50
    965.86      -56.25
    981.82      -47.00
    970.98      -68.00
    977.35      -64.25
    971.48      -61.25
    997.28      -35.25
    980.66      -52.50
    956.43      -64.50
    965.87      -67.25
    997.40      -46.50
    969.45      -59.25
    988.95      -49.75
    959.63      -59.75
   1009.67      -31.00
    983.35      -55.00
    972.61      -54.50
    974.94      -65.00
    954.30      -62.50
    954.24      -60.00
    961.01      -57.75
    971.91      -53.50
   1007.08      -26.00
    969.01      -68.50
    957.38      -62.50
    970.31      -51.25
    965.44      -59.00
    967.24      -61.00
    960.45      -60.75
    996.79      -42.25
    957.26      -60.50
    968.56      -58.50
    969.99      -68.50
    960.19      -55.50
    950.03      -55.75
    990.29      -49.50
    986.08      -65.00
    955.91      -61.25
    976.64      -66.25
    962.10      -63.25
    963.96      -56.75
    948.86      -60.00
    988.08      -79.00
    962.88      -54.50
    970.09      -53.75
    970.34      -69.00
    958.95      -51.75
    948.43      -54.00
    973.56      -60.00
    981.28      -51.25
    978.30      -72.50
    946.20      -54.00
    975.08      -63.25
    967.48      -65.00
   1017.16      -31.00
    950.05      -60.50
    960.32      -53.75
    977.12      -59.50
    989.00      -48.50
    974.76      -49.50
    942.17      -51.25
    992.47      -79.50
    952.23      -51.75
    974.79      -53.25
    970.03      -54.75
    987.63      -75.50
   1002.56      -33.50
    978.08      -79.75
    968.96      -57.25
    947.36      -65.50
    974.97      -54.50
    964.97      -68.25
    965.94      -59.75
    982.84      -71.50
    981.19      -50.75
    954.57      -57.25
    999.53      -31.50
    966.64      -56.25
    969.20      -65.00
    973.71      -63.50
    971.61      -56.25
    952.95      -56.50
    961.43      -56.00
    964.07      -57.25
    957.05      -50.75
   1008.37      -26.25
   1006.36      -30.75
    984.90      -65.50
    980.41      -53.50
   1005.33      -29.75
    979.95      -68.50
    988.53      -66.50
    963.99      -54.00
    963.57      -59.25
    966.04      -60.25
    946.74      -58.75
   1003.33      -28.25
    998.76      -47.25
    963.31      -56.25
    983.06      -45.25
    957.16      -62.50
    965.85      -72.75
    990.65      -58.00
    962.44      -64.00
    948.31      -51.00
    972.04      -56.25
    954.90      -50.75
    960.03      -62.75
    980.47      -49.50
    954.01      -62.75
    966.62      -66.75
    984.39      -79.25
    995.18      -40.50
    987.25      -65.50
    969.38      -58.50
    948.36      -56.75
    965.43      -62.00
    961.33      -59.25
    976.12      -50.50
    961.85      -63.50
    966.67      -62.75
    967.02      -51.25
   1002.88      -39.75
    953.74      -56.25
    996.00      -82.00
    968.96      -50.25
    978.39      -59.00
    981.24      -58.25
    946.42      -63.75
    964.07      -61.50
    969.53      -52.25
    987.88      -78.25
   1009.39      -35.00
    952.30      -61.25
    984.97      -43.75
    953.48      -63.25
    967.69      -51.25
   1004.85      -31.25
    960.27      -63.00
    957.68      -62.25
    999.66      -47.75
    955.13      -68.50
    965.87      -55.25
   1013.36      -30.00
    972.20      -70.00
    969.14      -56.75
    954.75      -56.25
   1000.47      -38.75
    980.02      -68.75
    958.41      -66.50
    951.00      -54.75
    951.29      -62.25
    976.38      -67.75
    987.93      -49.75
   1010.70      -31.75
    950.91      -61.00
    966.63      -60.50
    944.26      -73.00
    948.72      -63.25
    968.08      -64.25
    960.63      -57.75
    984.61      -53.75
    981.42      -57.25
    956.03      -62.50
    969.64      -52.25
   1003.33      -43.00
    984.82      -44.00
    964.06      -50.00
    984.90      -64.25
    958.56      -61.00
    950.39      -68.75
    981.38      -82.75
   1014.62      -32.75
    971.80      -58.75
    962.32      -63.00
    958.24      -64.25
    957.47      -66.25
    974.52      -51.00
    963.74      -57.25
    975.74      -61.00
    966.39      -51.00
   1021.55      -30.75
    994.00      -39.00
    967.15      -48.25
    992.31      -40.75
    970.55      -61.75
    949.54      -60.75
    955.52      -60.75
    968.02      -61.50
    969.93      -57.00
    951.10      -61.25
   1014.62      -39.25
    945.11      -58.50
    985.62      -47.50
    964.14      -49.50
    963.43      -61.50
    957.29      -61.75
    962.68      -54.75
    992.44      -57.25
   1024.03      -29.25
   1011.46      -34.25
    969.54      -63.75
    948.82      -59.50
    965.38      -58.75
    988.25      -54.00
    998.50      -33.50
    961.60      -59.50
    977.56      -61.75
    966.09      -56.50
    963.28      -57.75
    972.91      -51.00
    961.44      -61.25
   1009.27      -27.25
    963.09      -52.50
    967.99      -58.50
    943.92      -57.50
   1000.79      -47.25
   1000.13      -43.50
    993.09      -46.75
    981.01      -62.00
   1003.94      -37.75
    986.55      -82.25
    958.20      -64.00
    998.67      -50.00
    975.05      -81.50
    953.86      -53.75
    970.39      -58.75
    951.86      -54.75
    978.67      -56.00
   1008.19      -27.25
    996.63      -45.50
    959.49      -64.00
   1003.58      -56.25
    969.72      -57.25
    980.42      -71.25
    961.58      -59.25
    965.64      -52.00
    981.56      -67.50
    955.06      -52.25
    971.95      -52.50
    949.88      -58.50
    963.04      -56.50
    974.30      -62.75
    973.58      -56.50
    964.95      -66.75
    974.18      -57.75
    979.75      -47.00
    977.29      -73.00
    996.06      -38.50
    978.84      -47.75
   1003.73      -30.25
    964.63      -55.50
    962.97      -54.75
   1016.08      -27.50
    987.25      -56.50
    978.15      -57.00
    937.47      -61.75
    972.30      -57.00
    985.35      -51.50
    970.51      -61.25
    987.19      -53.00
    980.52      -56.25
   1007.09      -41.50
    961.44      -66.50
    959.83      -61.00
    956.92      -60.00
    982.38      -70.25
   1010.56      -37.75
   1003.70      -37.75
   1010.01      -30.00
    942.09      -60.00
    976.01      -65.25
    972.12      -52.25
    995.70      -50.00
    981.07      -78.75
    991.91      -47.00
    987.39      -59.25
    974.40      -64.25
    982.56      -55.25
    986.13      -47.75
    966.86      -55.75
    968.04      -52.75
    957.72      -61.00
    981.23      -66.75
    966.29      -64.00
    991.60      -43.00
   1020.07      -31.25
    975.19      -79.75
   1006.85      -31.50
    986.25      -67.00
    957.52      -50.75
    965.96      -58.50
    958.13      -65.00
    950.79      -66.00
   1004.00      -29.25
    959.97      -63.25
    958.09      -63.00
    950.00      -55.75
   1010.05      -36.00
    958.68      -67.00
    984.61      -58.25
    964.14      -61.50
    994.13      -52.00
    954.66      -64.50
    975.72      -62.50
    988.30      -56.75
    953.71      -54.00
    981.30      -53.50
    947.67      -64.00
   1003.87      -40.50
   1009.92      -35.25
    968.34      -59.00
    970.22      -55.50
    997.49      -36.50
    952.29      -63.50
    979.09      -58.75
    951.92      -60.75
    989.81      -53.50
    971.29      -62.00
    965.48      -54.50
   1011.08      -36.00
    942.55      -67.25
    978.75      -66.75
    955.15      -53.75
    959.87      -61.00
    975.72      -48.25
    964.73      -57.75
    950.90      -57.00
    969.16      -55.75
    972.49      -81.00
   1014.45      -38.50
    954.17      -63.75
   1009.73      -33.75
    950.95      -64.50
    993.00      -56.25
   1001.42      -40.25
    940.40      -64.75
    966.29      -57.75
    970.38      -63.25
   1002.04      -42.75
    953.26      -66.75
    958.61      -61.75
    959.11      -60.00
   1014.01      -28.00
    945.19      -59.50
   1008.58      -28.50
    974.37      -65.25
    950.01      -59.25
    985.95      -55.25
    956.00      -61.00
    956.49      -68.25
    977.97      -54.00
    973.36      -59.00
    994.45      -30.75
    951.28      -59.50
    969.38      -54.25
    999.29      -46.50
    955.25      -67.00
    940.19      -61.25
    958.43      -62.00
    983.99      -54.00
    958.05      -68.50
    955.58      -64.50
    972.68      -64.00
    977.16      -59.75
    936.48      -65.00
    987.00      -48.50
    966.22      -65.75
   1001.20      -36.00
    959.18      -72.25
    967.47      -54.75
    972.35      -52.00
    991.70      -45.75
    974.18      -63.75
    963.50      -54.75
    959.14      -62.25
    951.07      -58.50
    967.42      -65.25
    946.06      -64.25
    958.96      -72.50
   1002.78      -30.00
    961.83      -54.50
   1002.30      -46.00
    954.80      -58.50
    970.72      -69.00
    957.38      -67.50
    973.37      -79.25
    951.16      -62.50
   1007.10      -42.00
    946.24      -63.00
    967.79      -56.25
    974.25      -56.50
    956.83      -61.00
    957.11      -60.25
    978.17      -50.00
    967.38      -51.50
    969.25      -59.00
    974.73      -53.00
    969.51      -76.75
    956.38      -64.50
    950.69      -64.00
    997.05      -34.75
    971.43      -81.50
   1013.81      -35.75
    953.38      -54.50
    999.54      -47.25
    976.17      -69.75
    955.47      -71.25
    959.95      -45.50
    941.18      -63.00
    958.03      -59.00
    967.09      -51.25
    965.41      -59.00
    948.46      -59.75
    930.29      -58.25
    965.55      -79.75
    939.45      -60.00
    976.63      -76.25
    962.40      -65.75
    980.59      -43.50
   1009.20      -39.00
    977.25      -51.75
    959.55      -66.50
   1010.00      -31.75
    961.15      -70.75
    956.98      -58.25
    962.38      -58.00
   1000.96      -46.25
    977.47      -79.75
    957.16      -59.25
   1005.26      -27.50
    956.35      -63.00
    943.00      -66.75
    976.59      -56.00
    961.91      -69.00
   1006.79      -28.75
    953.64      -64.25
    998.51      -26.50
    979.28      -53.00
    953.84      -61.50
    951.95      -58.50
    960.60      -61.50
    962.33      -66.25
    972.54      -80.00
    974.24      -65.50
    976.09      -47.50
    944.55      -57.75
    949.28      -62.75
   1002.93      -36.00
    965.04      -64.00
    947.66      -72.00
   1005.04      -31.75
    990.19      -38.00
    964.78      -55.25
   1004.60      -33.50
    983.19      -42.50
    953.16      -62.50
    943.58      -70.00
    968.81      -59.00
    954.77      -60.50
    954.83      -63.75
    958.68      -64.75
    961.63      -64.25
    967.54      -60.75
    953.34      -63.75
   1015.79      -35.75
    976.01      -71.75
    954.08      -64.75
    976.89      -63.00
    971.11      -56.25
    939.70      -66.00
   1000.02      -49.00
   1008.93      -29.00
    973.76      -49.50
    963.86      -65.25
    956.81      -65.00
   1006.56      -39.75
    964.10      -66.00
    953.66      -52.75
    971.75      -63.75
    955.75      -63.25
   1017.32      -31.00
    956.56      -60.50
    977.13      -61.50
    938.99      -65.50
    961.95      -55.00
    960.59      -56.25
   1004.50      -32.00
   1003.16      -34.00
    998.48      -41.75
    973.61      -67.50
    987.68      -81.50
    959.34      -56.25
    973.86      -63.50
    958.30      -69.00
   1002.34      -39.00
    962.25      -63.50
    964.71      -47.50
    955.25      -60.50
    959.53      -62.25
    964.71      -63.00
   1006.83      -28.25
    982.54      -67.25
   1009.04      -42.00
    969.40      -68.50
    945.63      -56.25
    977.69      -50.75
    957.82      -54.50
    999.25      -41.50
    966.38      -50.25
    949.05      -69.25
    981.79      -49.75
    974.72      -74.50
    996.45      -46.00
    959.74      -67.50
    967.52      -68.50
    962.08      -63.75
    959.56      -61.00
    981.29      -81.00
    939.57      -57.00
    997.25      -41.00
    963.26      -58.00
    975.92      -51.50
    975.13      -57.75
    964.42      -62.00
    969.40      -58.00
   1016.41      -42.50
   1004.90      -31.00
    987.92      -45.00
    976.97      -76.75
   1009.59      -27.50
    939.48      -55.00
    954.88      -62.50
   1005.25      -31.25
    976.64      -46.75
    975.11      -45.50
    983.30      -82.75
   1007.56      -30.50
    969.42      -49.50
    963.60      -56.50
    978.98      -61.50
    963.10      -53.75
    958.46      -52.00
    967.56      -62.00
    949.04      -50.50
    999.85      -43.75
    969.81      -59.75
    971.41      -58.00
    971.35      -47.75
    979.28      -70.75
    962.91      -57.25
    953.41      -62.00
   1004.71      -43.50
    977.06      -60.50
    976.86      -65.75
    953.96      -53.25
    961.82      -59.50
    946.46      -49.00
    974.06      -63.50
    984.54      -56.75
    997.75      -31.00
    971.93      -64.00
   1011.22      -29.00
    988.72      -63.75
    969.24      -54.00
   1005.57      -32.25
    966.76      -56.50
    957.80      -45.50
   1004.63      -26.75
    948.78      -59.25
    956.94      -57.50
    956.86      -69.00
    985.11      -79.75
    946.66      -52.00
    964.02      -64.75
    957.18      -61.50
    967.55      -50.25
    982.48      -51.75
    953.55      -60.50
    982.57      -51.50
    967.16      -62.50
   1000.04      -37.00
    955.58      -51.00
    950.56      -59.00
    981.40      -59.25
    952.35      -63.00
    963.60      -68.25
    977.21      -82.25
    994.55      -46.50
    969.85      -59.50
    962.95      -65.00
    946.46      -55.50
    954.64      -62.25
    971.65      -76.50
    979.93      -54.00
    977.66      -55.50
    967.81      -58.00
   1006.08      -34.75
    965.21      -57.25
    983.41      -44.75
   1011.99      -28.50
    958.87      -59.50
    972.58      -57.00
    990.07      -45.75
    958.08      -59.00
    970.60      -57.25
    943.42      -57.00
    960.20      -71.50
    952.51      -64.75
    978.51      -46.25
    968.96      -56.50
    960.46      -59.00
    961.96      -62.75
    948.24      -61.50
    968.79      -67.25
    958.62      -63.25
   1000.01      -46.75
    977.58      -64.50
    961.89      -55.00
    980.86      -79.50
    959.33      -59.00
   1014.57      -25.75
    964.91      -61.75
    962.34      -63.25
    952.92      -63.50
    952.22      -63.50
    987.81      -49.00
    960.25      -65.75
    951.15      -59.00
    984.62      -59.50
    964.99      -56.75
    974.65      -62.75
    939.20      -66.00
    990.65      -49.50
    942.32      -65.75
    945.59      -62.75
   1006.61      -34.50
    955.08      -54.50
   1003.94      -38.75
    954.13      -63.00
    987.80      -57.75
    958.24      -70.75
    996.49      -40.00
   1012.12      -36.75
    950.35      -60.00
    976.91      -57.75
    933.50      -61.75
    996.73      -45.00
    949.96      -59.00
    960.35      -65.50
   1002.40      -33.75
    980.34      -54.00
    951.33      -62.25
    984.76      -48.75
   1013.22      -28.50
    963.05      -55.75
    971.27      -58.25
   1007.80      -42.50
    953.70      -65.50
   1005.92      -41.75
    979.50      -51.25
    961.94      -75.25
    942.51      -55.50
    983.70      -48.50
    959.63      -58.00
   1011.18      -25.25
    948.82      -61.25
    980.88      -41.00
    956.42      -66.25
    957.98      -68.50
    966.17      -65.75
    961.99      -50.25
   1004.96      -33.25
    959.06      -67.00
    980.92      -53.00
    942.11      -64.50
   1010.81      -29.50
    994.46      -42.25
    952.22      -65.50
    963.20      -65.75
    956.33      -65.50
    931.84      -69.75
    955.57      -56.25
    949.10      -64.00
    967.03      -52.75
    988.18      -53.25
   1008.95      -29.75
    962.26      -63.75
   1005.99      -31.00
    962.81      -64.00
    965.19      -59.25
    971.01      -52.25
    945.97      -63.25
    974.64      -62.00
   1011.13      -34.25
    965.92      -48.50
    975.13      -74.25
    951.87      -60.00
    942.23      -54.75
    976.78      -52.00
   1005.45      -27.75
    984.26      -49.25
    966.27      -49.25
    963.17      -63.50
   1000.36      -31.75
    968.38      -53.75
    959.20      -61.50
    978.81      -82.50
    963.39      -61.50
    989.27      -60.25
    961.79      -63.50
   1009.48      -38.50
    966.32      -72.75
    963.64      -65.50
    960.27      -48.50
    965.48      -62.25
   1010.17      -30.50
    953.12      -62.00
    979.39      -55.25
    947.93      -59.00
    972.58      -79.50
    997.04      -47.25
   1012.80      -29.00
    993.19      -63.25
    944.89      -59.75
    975.57      -71.75
    972.29      -59.00
    958.07      -59.00
    967.21      -62.00
    952.91      -59.25
    970.62      -53.50
    985.07      -60.25
    977.73      -53.25
    998.95      -35.50
    978.59      -46.75
    984.69      -51.00
    951.58      -56.75
    961.15      -62.00
    983.82      -78.50
    981.28      -79.00
    968.29      -70.50
    956.79      -61.50
    971.49      -59.25
    954.32      -56.50
    960.40      -58.25
    993.95      -48.75
    970.29      -48.50
    968.05      -62.00
   1006.28      -43.50
    946.41      -54.50
    964.13      -58.25
    953.20      -55.00
    982.92      -49.75
   1015.05      -38.75
    981.90      -74.50
    958.00      -55.25
   1006.27      -31.50
   1001.63      -35.75
    961.32      -62.75
    986.07      -74.25
    989.74      -80.75
    976.86      -64.50
   1001.17      -46.00
    962.99      -68.50
    970.89      -57.50
    953.28      -60.00
    996.88      -38.75
   1003.39      -35.50
    994.85      -47.25
    949.19      -62.75
    964.72      -56.00
    990.07      -47.50
    961.13      -70.75
    964.05      -53.50
   1009.17      -26.50
    994.69      -41.50
    960.23      -59.00
    978.27      -53.25
    979.37      -81.50
    961.53      -56.50
    952.61      -61.50
    962.19      -57.25
    958.27      -59.00
    975.51      -49.50
    970.44      -52.50
    986.26      -45.75
    958.38      -58.50
    998.06      -36.75
    969.64      -56.50
    961.17      -60.75
    977.99      -81.75
    971.41      -55.75
    968.50      -64.75
    961.41      -72.75
   1014.56      -32.00
    971.62      -57.00
    971.83      -56.00
   1010.95      -28.50
    959.45      -55.25
    948.77      -61.00
    978.22      -72.00
    955.45      -58.50
    998.94      -40.25
    969.90      -51.00
    946.36      -62.50
    998.61      -33.25
    973.79      -59.50
    945.72      -56.75
    994.80      -43.00
    999.34      -40.50
    960.57      -64.00
   1006.80      -29.25
    952.87      -64.75
    961.54      -60.75
    966.14      -60.75
    964.37      -51.00
    960.01      -63.75
    955.17      -70.00
    963.85      -64.50
    969.66      -55.50
    961.77      -53.00
    963.27      -54.75
    937.37      -62.25
    962.45      -53.50
   1011.01      -40.00
    967.65      -71.25
    971.79      -55.50
   1002.84      -26.00
    987.56      -54.00
    961.13      -63.25
    957.35      -59.00
    961.07      -70.00
   1007.75      -39.00
    975.39      -81.75
    950.55      -64.50
    955.16      -62.50
    922.08      -61.75
    959.23      -70.00
   1006.82      -31.00
    969.48      -66.50
    999.75      -52.50
    993.84      -49.50
   1010.63      -28.00
    946.67      -58.75
   1002.09      -30.75
    952.50      -69.50
    958.34      -60.50
    992.07      -43.25
   1009.75      -35.00
    965.94      -64.00
    941.96      -68.75
    993.78      -50.00
    961.20      -61.25
    955.18      -55.50
   1000.51      -31.50
    955.21      -61.25
    955.77      -63.50
    972.63      -60.75
   1010.76      -31.75
    968.80      -60.00
    953.81      -70.00
    978.07      -48.50
    934.81      -69.25
   1004.56      -31.25
    962.31      -64.00
    977.11      -59.00
    947.28      -63.50
    955.03      -58.25
    946.22      -54.00
    953.76      -56.00
   1006.43      -30.75
    965.72      -80.00
   1005.81      -33.50
    988.55      -44.00
    954.66      -63.25
    992.32      -50.00
    964.86      -51.00
    999.96      -31.75
    950.83      -61.25
   1008.07      -25.50
    961.40      -50.75
    951.55      -67.00
    955.55      -56.25
    994.82      -33.00
    966.83      -68.75
    967.50      -53.25
    967.37      -61.50
    966.34      -51.75
    937.66      -60.00
    951.50      -51.25
    982.47      -57.25
    958.60      -57.75
    974.96      -48.50
    977.83      -51.25
    975.84      -58.75
    995.63      -46.25
    952.01      -61.75
    963.52      -71.00
    958.42      -63.00
    999.45      -37.50
   1006.31      -28.50
    999.09      -46.75
    958.37      -59.25
    970.04      -68.50
   1006.85      -28.25
    960.04      -59.75
    952.96      -49.00
    958.18      -64.25
    963.35      -68.25
    955.92      -63.75
    959.94      -58.75
    982.25      -50.75
   1011.85      -30.25
    956.54      -70.00
   1005.00      -44.25
    957.50      -57.75
   1010.15      -35.50
    940.74      -56.25
    951.90      -62.50
    950.90      -56.50
    960.82      -65.00
   1002.91      -35.50
    974.80      -70.50
   1002.10      -31.00
    985.19      -45.00
    963.69      -68.00
    955.87      -63.25
    957.94      -50.25
    973.50      -65.25
    973.99      -48.50
    997.46      -43.25
    959.68      -57.50
    958.09      -54.75
    984.45      -57.50
    957.14      -65.25
   1011.73      -30.75
    963.21      -53.50
    955.13      -64.75
    947.46      -64.00
    942.72      -57.50
    970.11      -48.50
   1008.34      -41.50
   1000.16      -38.25
    953.32      -58.75
    970.11      -53.00
    957.93      -62.75
    960.30      -59.75
    951.87      -49.25
    970.76      -65.25
    947.67      -65.50
    982.93      -58.00
    991.94      -41.00
    949.76      -60.00
   1010.85      -33.00
    964.61      -69.25
    953.35      -58.00
    947.20      -54.00
    954.15      -67.25
    948.48      -58.00
    977.29      -72.25
    956.22      -63.75
    954.66      -57.25
    946.97      -51.75
    969.49      -64.50
    978.05      -56.00
    962.74      -53.75
    969.16      -62.25
    964.74      -66.50
    989.62      -48.50
    985.01      -81.00
    962.64      -61.25
    992.11      -34.00
    959.65      -62.75
    959.74      -61.50
    979.08      -68.25
    965.32      -67.00
    941.69      -64.25
   1007.70      -26.75
    975.67      -72.75
   1016.19      -37.25
    951.27      -61.00
    979.20      -57.00
   1014.50      -29.75
    949.97      -58.00
    947.85      -59.75
    992.06      -33.75
   1002.38      -40.00
   1010.71      -30.00
   1012.74      -36.25
    999.50      -47.75
    963.39      -59.50
    955.16      -76.00
    964.85      -60.00
    996.42      -37.50
    959.15      -62.25
    967.32      -73.50
    958.29      -63.25
    950.67      -59.00
    977.88      -51.50
   1002.53      -44.50
   1015.48      -28.25
    952.12      -63.25
    991.26      -40.50
    980.22      -53.00
    964.75      -63.00
   1003.88      -48.00
    958.85      -66.50
   1012.34      -37.25
    966.82      -61.25
    973.68      -75.50
    971.05      -78.75
    958.09      -64.75
    921.58      -64.75
    969.88      -61.00
    947.58      -71.00
    945.91      -59.75
    973.12      -80.75
   1011.46      -45.75
    976.22      -60.00
    954.14      -65.50
    944.94      -61.50
    973.70      -78.75
    964.36      -64.75
   1006.97      -44.75
   1006.38      -48.50
    969.48      -64.25
    955.23      -69.00
    964.88      -71.00
   1014.29      -37.75
   1006.64      -29.75
   1013.66      -34.00
    965.84      -51.75
    965.96      -64.00
    954.14      -71.00
    987.52      -48.00
    951.43      -65.75
    944.92      -65.50
   1007.74      -34.75
    954.64      -58.25
    962.22      -62.50
   1000.57      -41.75
    947.07      -67.25
    963.70      -53.00
    973.37      -81.50
    960.78      -58.25
    957.46      -61.25
   1003.82      -29.75
    961.34      -60.75
   1007.04      -33.75
    960.60      -71.25
    970.42      -62.00
    949.33      -70.50
   1004.31      -26.50
    969.26      -53.75
    991.31      -38.25
    964.45      -80.00
    955.70      -66.25
    978.15      -51.00
    984.86      -46.75
    954.46      -71.00
    969.04      -61.00
    972.81      -64.25
   1013.69      -30.00
    956.04      -69.75
    971.40      -55.25
    942.90      -63.25
    967.58      -52.50
   1001.93      -30.25
    979.30      -50.25
    972.18      -56.50
    953.35      -57.75
   1013.77      -38.25
    965.70      -55.50
    946.76      -55.75
   1000.97      -31.00
    987.29      -45.25
    944.18      -61.75
   1002.83      -41.50
    949.17      -61.00
    979.71      -51.50
    974.88      -73.25
    991.13      -51.50
    940.04      -58.75
    944.75      -62.75
    980.74      -41.50
    959.04      -50.25
    968.23      -66.00
    974.59      -68.25
    972.60      -55.75
    976.84      -60.50
   1011.13      -38.75
    964.26      -63.50
    974.22      -74.25
    997.41      -53.00
    982.88      -74.50
    989.45      -27.25
    972.61      -57.00
    977.06      -61.50
    956.33      -52.75
    976.07      -70.75
   1003.06      -27.50
    966.14      -58.50
    962.29      -63.25
   1015.02      -34.25
    958.32      -56.00
    957.50      -67.50
    983.77      -49.00
    972.66      -62.25
    968.64      -66.50
    964.33      -65.25
    973.28      -63.75
    965.47      -76.75
    963.03      -68.25
    964.09      -59.50
   1006.95      -36.00
    996.14      -34.75
    969.63      -57.50
    967.46      -65.75
    974.05      -52.75
   1003.02      -42.25
    964.80      -61.50
    985.27      -51.25
    962.23      -57.75
    949.52      -67.00
    972.36      -54.50
   1003.68      -27.00
    945.70      -66.25
   1013.78      -32.25
   1012.18      -35.75
    936.72      -67.75
    955.58      -58.50
   1001.79      -30.25
    943.90      -58.50
    991.67      -48.50
    942.57      -59.00
    963.43      -57.75
   1006.73      -41.25
    936.31      -67.50
    986.96      -53.25
    987.28      -51.25
    956.23      -70.00
   1012.04      -36.00
   1001.66      -31.50
    972.35      -60.00
    974.42      -57.00
    978.31      -58.75
    941.12      -62.50
   1007.53      -27.00
    983.30      -53.75
    954.17      -61.50
    978.29      -69.75
   1009.10      -33.50
    956.15      -58.75
    983.20      -54.00
    967.20      -65.50
    964.24      -54.50
    984.32      -55.25
    951.52      -61.75
    966.74      -55.50
    964.63      -64.50
    951.31      -51.50
    992.20      -44.50
    996.26      -38.25
    976.04      -62.50
    967.43      -58.25
    955.97      -53.25
    959.53      -64.75
   1009.46      -27.50
    964.97      -55.50
    946.64      -54.50
    947.85      -68.50
    978.51      -63.00
    951.05      -59.75
    957.52      -62.00
    974.98      -45.50
    970.67      -56.00
    963.50      -69.25
    923.36      -71.25
   1003.79      -30.00
    958.32      -71.50
    969.22      -57.75
    953.79      -62.75
    962.06      -50.25
    945.09      -68.00
    947.39      -69.75
   1007.58      -36.00
    995.72      -35.50
    967.43      -60.25
    959.92      -61.00
    961.35      -59.25
    947.16      -60.00
    947.38      -66.00
    956.15      -62.75
    948.95      -66.75
    983.26      -52.50
    957.02      -62.50
    941.31      -61.25
   1013.06      -31.75
    948.71      -66.75
    946.34      -58.00
   1011.01      -34.50
    960.16      -67.75
    951.50      -54.75
   1016.24      -29.50
   1003.45      -35.50
   1008.58      -29.00
    972.27      -61.75
    999.60      -34.00
    958.77      -65.25
    954.06      -69.25
    961.96      -55.50
    973.04      -63.75
    945.54      -65.75
   1004.88      -41.00
   1006.16      -35.25
    965.88      -56.00
    951.48      -55.00
    937.39      -63.00
   1000.01      -41.50
    965.61      -81.00
    968.83      -62.50
    967.98      -66.50
    957.77      -59.00
    962.98      -73.00
    947.20      -55.00
    970.36      -58.25
    969.17      -51.00
    963.59      -64.25
   1010.25      -28.75
    942.93      -61.00
    949.19      -58.75
    958.05      -61.75
    976.98      -55.00
    963.61      -62.50
    946.26      -68.25
    971.76      -61.75
    990.86      -44.25
    955.35      -71.50
    985.38      -79.25
    947.09      -62.75
    935.57      -61.75
    946.55      -60.25
    988.70      -44.00
   1003.76      -33.75
    959.76      -64.00
   1010.88      -36.00
    969.26      -48.50
    965.21      -64.00
    975.71      -77.25
    949.09      -52.50
    956.84      -68.25
    956.42      -54.25
    987.73      -28.00
   1007.79      -33.50
    978.83      -44.25
    998.45      -39.50
    962.90      -56.25
    970.26      -61.50
    982.36      -59.50
    962.97      -50.50
    952.94      -52.00
    961.75      -62.00
    961.96      -66.00
    977.77      -62.50
    966.81      -72.75
    967.87      -62.50
    966.35      -56.00
    969.02      -52.00
    981.22      -65.25
    994.13      -45.25
    942.99      -55.75
    952.67      -59.75
    959.87      -59.75
    982.38      -72.50
    961.52      -51.75
    982.32      -50.50
    956.18      -48.00
    954.54      -59.75
    935.50      -55.50
    976.00      -50.50
    960.25      -50.25
   1000.07      -41.00
    960.57      -56.25
   1000.85      -32.25
    963.17      -58.25
    991.86      -76.25
    965.40      -62.00
    983.18      -53.25
    987.20      -82.25
    982.38      -63.50
    956.45      -60.00
    987.69      -81.75
   1005.94      -38.50
   1004.80      -35.75
    972.90      -66.50
    957.83      -58.00
    955.51      -54.25
    973.58      -59.00
    986.00      -51.00
    965.28      -58.50
    975.48      -65.00
    966.28      -53.25
   1008.29      -30.50
    959.03      -57.50
    961.90      -49.00
    970.48      -64.00
   1006.07      -31.75
    958.52      -72.75
    970.75      -59.25
    963.11      -47.25
    942.48      -57.25
    974.13      -64.25
    948.09      -53.00
    972.83      -50.50
    956.12      -57.50
    974.75      -79.00
    945.39      -59.00
    981.33      -61.75
    995.46      -44.25
    965.09      -60.25
    972.71      -60.50
    957.67      -57.00
    959.79      -62.50
    969.88      -67.50
    949.63      -59.25
   1009.94      -32.50
    984.10      -54.75
    980.15      -69.00
    964.91      -61.00
   1010.18      -34.50
    981.99      -50.50
    986.13      -54.75
    953.68      -59.50
    965.62      -57.00
   1011.08      -31.50
    976.15      -50.75
    999.89      -40.75
    979.25      -55.25
    944.72      -52.25
    974.91      -59.50
    953.88      -64.75
    999.79      -35.50
    956.53      -61.25
   1000.42      -45.00
    980.65      -51.75
    953.93      -62.25
    966.17      -55.50
    978.83      -81.25
    970.81      -63.00
   1008.35      -46.00
    962.01      -72.50
    973.15      -62.25
    951.01      -61.25
    973.13      -53.50
    977.04      -65.75
    968.44      -61.25
    979.28      -56.00
    952.45      -60.50
    990.61      -49.25
    957.67      -61.75
   1004.32      -31.50
    991.09      -39.50
    955.54      -60.75
    946.54      -59.50
    987.88      -57.25
    977.39      -71.75
    961.09      -63.00
    975.34      -72.50
   1009.70      -32.50
    984.95      -79.50
    951.89      -55.25
    958.93      -62.25
    969.78      -56.50
    970.49      -56.25
    986.13      -41.50
    953.38      -53.50
    965.71      -63.50
    963.13      -62.00
    956.61      -57.75
    962.90      -63.50
    979.26      -78.00
    971.84      -59.25
    946.68      -62.00
    983.81      -80.25
   1000.48      -43.00
   1005.56      -28.50
    942.56      -64.00
    999.20      -32.75
    968.03      -51.50
    969.50      -55.50
    973.91      -83.00
   1010.44      -36.00
    975.55      -73.00
    998.20      -49.75
    961.58      -53.50
    968.98      -64.75
    977.00      -59.50
   1012.62      -27.00
    965.88      -72.00
    954.66      -58.50
    970.48      -55.50
    986.92      -53.00
    949.12      -63.00
   1000.28      -38.75
    958.10      -67.25
    949.37      -61.75
    961.75      -59.25
    971.51      -61.00
    975.04      -60.50
    970.36      -62.00
    964.09      -67.00
    952.84      -56.50
    957.36      -52.50
   1006.78      -30.50
    976.83      -82.75
   1004.70      -41.00
   1010.70      -27.75
    970.41      -56.00
    966.97      -63.75
    975.90      -75.25
   1003.88      -30.25
    954.75      -59.00
    955.39      -60.75
    982.05      -79.50
   1012.14      -30.25
   1010.80      -29.25
    953.77      -57.75
   1009.99      -38.00
   1008.48      -32.50
    968.69      -57.25
    969.89      -65.00
    959.77      -62.75
    988.92      -52.00
    981.73      -48.00
    970.24      -61.25
    964.65      -58.75
    977.81      -52.25
   1002.95      -35.00
    945.00      -61.25
   1012.17      -33.50
    981.58      -53.25
    953.10      -62.50
    958.97      -59.75
    951.60      -60.25
    988.22      -35.75
    997.28      -49.50
    939.22      -66.75
    986.11      -58.75
    956.27      -61.25
    979.06      -49.00
    949.55      -60.00
    961.27      -54.75
    960.14      -57.25
    948.47      -59.25
    980.48      -51.00
    957.50      -57.25
   1002.52      -43.50
   1015.22      -32.25
    949.68      -59.00
    948.28      -63.25
    972.40      -56.00
    990.57      -54.25
    956.48      -61.50
    971.61      -63.00
    951.41      -62.25
    952.46      -63.25
    945.48      -58.00
    964.56      -53.00
    960.82      -60.00
    961.42      -60.75
   1001.55      -27.75
    998.67      -41.50
   1010.80      -39.25
    956.74      -56.00
    959.12      -54.00
    968.29      -62.00
    995.71      -43.25
    944.32      -59.00
    942.92      -65.00
   1004.97      -34.00
    964.32      -59.00
    998.39      -39.00
    962.73      -71.75
    968.59      -59.00
   1007.57      -43.00
    963.90      -62.75
    982.17      -54.25
    976.47      -81.25
    973.61      -58.50
    977.71      -55.75
    949.67      -60.50
    977.89      -47.75
    988.96      -45.50
    959.69      -58.00
    962.02      -71.00
    953.33      -66.25
    975.84      -53.50
    980.68      -65.25
   1001.66      -28.50
    949.67      -56.50
    957.47      -65.25
    950.20      -62.75
    976.15      -75.50
    968.71      -63.25
    996.49      -35.50
    958.89      -63.50
    965.29      -60.00
    988.60      -44.50
   1015.48      -29.50
    955.73      -55.75
    988.88      -36.00
    973.26      -64.00
    939.81      -66.75
    989.02      -52.75
    965.28      -64.25
    961.27      -57.50
    957.52      -57.75
    933.68      -69.25
    962.88      -62.25
    965.47      -79.75
    985.47      -54.75
    962.17      -58.25
    974.87      -54.50
    961.97      -60.50
    974.02      -80.25
    977.33      -50.50
    972.78      -71.25
    979.76      -51.50
    990.91      -49.25
    961.77      -62.50
    950.80      -62.75
    959.12      -66.25
   1003.69      -27.75
    974.43      -55.00
    956.18      -60.50
    977.46      -57.25
    967.22      -57.50
   1004.18      -38.00
    991.13      -46.50
    996.73      -43.50
    954.42      -65.00
    978.05      -61.75
    956.05      -56.50
    949.34      -57.50
    956.48      -58.50
    951.90      -65.00
   1001.93      -44.50
    950.38      -63.75
    937.86      -62.75
    988.92      -49.25
    963.69      -61.50
    993.80      -44.50
    983.65      -45.50
    963.77      -64.50
    976.37      -53.00
    946.67      -60.50
   1012.86      -29.00
    950.20      -72.00
   1006.39      -40.75
    962.60      -61.00
    957.28      -66.75
    965.49      -63.75
    964.86      -63.00
   1002.59      -43.25
    942.86      -62.25
    941.25      -66.25
    988.85      -45.25
    962.21      -66.75
    953.30      -59.00
    965.90      -80.25
    955.96      -63.50
    969.26      -48.00
    955.72      -55.75
    954.76      -62.00
    945.70      -54.75
    961.54      -60.00
    950.60      -62.00
    961.14      -52.50
   1007.59      -33.50
    977.90      -41.25
    963.78      -62.50
    955.67      -62.00
    974.98      -72.00
    939.56      -63.25
    999.73      -47.00
    958.82      -64.25
    966.09      -64.00
    995.68      -48.50
    965.10      -72.50
   1011.00      -26.25
    945.15      -56.25
    965.78      -63.50
   1015.62      -36.25
    999.32      -48.75
    958.88      -71.00
    995.50      -38.25
    992.29      -43.25
    965.78      -77.00
    960.90      -63.50
    997.10      -38.50
    962.67      -60.50
    933.45      -63.00
    968.44      -60.75
   1002.45      -45.50
   1010.46      -36.75
    961.26      -61.50
    963.87      -56.00
    948.98      -71.00
    965.40      -66.00
    941.22      -63.50
    962.65      -53.75
   1006.44      -40.25
   1004.29      -32.75
    974.03      -56.25
    959.96      -63.25
    953.59      -66.00
    955.82      -64.50
    972.97      -53.50
    943.15      -55.00
   1003.54      -28.50
    978.10      -53.75
    965.07      -60.00
    953.10      -60.50
    979.89      -59.25
   1005.01      -41.25
    965.59      -60.50
    960.42      -61.00
    979.91      -53.50
    988.63      -54.50
    981.47      -42.75
    994.19      -30.50
    961.08      -61.00
    957.26      -66.25
    972.94      -57.00
    955.88      -58.00
    956.62      -59.25
    953.10      -64.75
    940.23      -69.00
    964.95      -49.50
    958.52      -67.25
    959.71      -51.00
    954.67      -62.00
    975.94      -81.00
    948.80      -59.75
    954.39      -57.50
    962.67      -58.75
    959.36      -62.50
    964.07      -52.25
   1015.17      -27.75
    971.21      -62.25
    985.45      -59.00
    969.27      -61.50
    950.08      -56.50
    968.01      -63.00
    962.39      -71.00
    974.17      -50.00
    954.70      -56.25
    964.61      -63.25
    973.71      -68.00
    966.48      -64.75
    978.72      -48.25
   1002.39      -42.25
    949.74      -60.25
    960.19      -61.75
    958.01      -61.25
    962.64      -56.50
    945.27      -54.50
   1010.48      -46.25
    960.78      -63.75
    978.49      -51.00
    968.26      -61.00
    995.98      -46.50
    956.17      -71.75
    937.53      -55.00
    966.33      -68.50
    953.94      -50.25
    973.12      -65.00
    984.20      -78.75
    954.58      -60.25
    953.42      -54.25
   1005.62      -43.00
    977.01      -66.25
    960.76      -65.25
   1016.26      -32.25
    973.70      -64.75
    971.41      -54.25
    930.94      -64.75
    970.63      -65.75
    969.94      -54.75
    979.75      -62.25
    961.05      -70.50
    957.79      -60.50
    995.79      -45.75
    970.39      -58.75
    948.84      -62.75
   1004.39      -45.75
    948.70      -59.75
    962.42      -63.25
    978.82      -79.25
   1006.07      -31.50
    945.68      -53.00
    967.40      -70.25
    952.35      -61.00
    947.92      -60.75
   1012.18      -27.25
    971.27      -62.25
    973.01      -82.00
    955.42      -58.50
   1019.74      -35.50
    978.85      -51.50
    957.67      -63.00
    971.54      -62.75
    954.74      -57.50
    946.47      -64.00
   1007.87      -26.75
    949.68      -58.75
    997.10      -41.75
   1005.21      -31.00
    955.63      -61.50
    951.50      -63.50
    959.71      -57.75
    961.44      -62.25
    933.02      -62.00
   1010.55      -33.25
    963.53      -59.25
    948.75      -63.75
    984.24      -56.00
    964.95      -60.50
    973.87      -79.75
    971.56      -63.25
    956.38      -62.25
    969.51      -39.25
   1013.84      -34.25
    992.16      -34.25
    966.34      -57.50
    968.07      -51.50
    948.20      -61.75
    976.74      -50.50
    964.55      -62.00
    998.77      -36.00
    949.33      -65.75
    971.02      -62.25
    955.51      -51.00
    968.84      -55.25
    966.06      -67.75
    969.68      -60.00
    980.72      -44.75
    947.62      -63.25
    944.63      -58.00
    956.80      -50.00
    951.35      -58.50
    985.94      -76.75
    965.30      -54.00
   1009.84      -26.00
    982.20      -69.00
   1005.80      -30.00
    970.06      -50.00
    959.84      -64.75
    970.68      -54.75
   1005.99      -30.75
    979.13      -75.75
    960.13      -72.00
    974.17      -54.00
    966.65      -53.50
    963.07      -58.50
    967.60      -63.75
    990.12      -42.00
   1003.60      -35.00
    987.93      -66.50
    961.56      -63.75
    955.14      -56.75
    974.17      -59.25
    958.52      -53.00
    991.97      -36.75
    969.42      -64.25
    981.89      -78.75
    958.49      -63.00
    958.30      -53.50
    956.11      -60.75
   1010.46      -31.75
    966.45      -68.00
    963.55      -60.00
    984.18      -53.25
    975.30      -63.50
    970.39      -56.00
    957.81      -50.75
    961.53      -54.75
    968.93      -58.00
    975.79      -54.25
    990.81      -77.50
    987.84      -64.50
    972.69      -65.50
    969.82      -53.25
   1001.27      -32.25
    972.66      -59.75
    990.29      -49.25
   1006.20      -26.75
   1002.79      -30.00
    989.83      -80.25
    978.88      -50.00
    968.64      -46.00
    963.05      -63.00
    981.16      -45.50
    985.56      -51.25
    952.83      -63.25
    970.86      -46.75
    995.20      -38.75
    946.05      -55.75
    954.45      -56.50
    983.78      -62.25
    967.28      -55.50
    970.34      -52.50
   1005.57      -41.75
    988.87      -36.50
    961.32      -53.00
    966.30      -58.25
    967.67      -65.25
    963.91      -52.50
   1005.28      -44.00
    960.08      -69.50
   1010.41      -50.25
    979.63      -59.50
    945.67      -55.75
    977.86      -58.50
   1015.83      -41.25
    972.17      -62.75
    948.75      -59.75
    957.36      -63.50
    971.26      -54.50
    975.32      -43.50
   1002.90      -31.75
    983.78      -66.50
   1011.62      -37.75
   1008.67      -38.25
   1000.63      -33.75
    963.05      -55.00
    963.94      -60.25
    959.33      -61.25
    993.05      -52.75
    963.78      -70.00
    974.39      -63.25
   1011.18      -29.00
    972.27      -58.75
    961.17      -51.50
    973.49      -58.25
   1004.38      -29.00
    964.76      -64.25
   1002.72      -29.00
    962.40      -60.25
    959.78      -61.25
    958.88      -57.50
    963.17      -65.25
    967.95      -63.75
    968.98      -51.75
    980.06      -78.50
   1013.10      -29.00
    983.89      -55.75
    966.31      -60.75
    973.15      -55.00
   1008.55      -37.75
    976.00      -65.75
    954.02      -53.75
    973.12      -59.50
    955.09      -56.00
   1012.17      -33.00
   1003.18      -49.25
    991.33      -49.75
    975.85      -56.25
    940.41      -67.25
    981.80      -65.75
   1002.97      -32.00
    967.02      -56.50
    964.97      -56.50
   1014.04      -33.00
    976.22      -60.00
    976.36      -48.50
    963.99      -49.00
    967.93      -58.50
    952.44      -59.25
    982.09      -76.00
    983.17      -55.00
    982.12      -67.25
    954.16      -59.00
    941.54      -61.75
    963.66      -70.00
    967.66      -58.00
    961.45      -58.25
    971.18      -58.50
    958.55      -63.50
    965.61      -53.75
   1014.80      -27.25
    977.43      -72.75
    978.01      -55.00
    948.70      -64.25
   1014.93      -34.00
   1006.53      -30.25
    985.37      -80.25
    959.05      -52.50
    972.53      -59.75
    967.71      -61.50
    954.12      -70.75
    974.49      -49.25
    960.16      -57.50
    952.57      -69.50
    957.82      -62.25
    977.42      -52.00
    976.17      -63.50
    964.54      -58.25
   1006.04      -46.75
   1001.45      -32.00
    994.39      -46.00
    969.85      -51.00
   1002.97      -30.50
    959.38      -55.50
    978.49      -80.25
    969.65      -68.00
    986.93      -49.00
   1003.13      -43.25
    954.63      -58.00
    962.66      -60.50
    952.37      -61.75
   1014.72      -27.25
    955.17      -54.75
    976.02      -66.00
    944.87      -56.00
   1007.98      -26.25
    969.48      -51.50
    955.37      -59.00
    943.62      -62.25
    969.94      -57.50
    964.93      -69.00
    958.64      -54.50
    963.13      -58.75
    966.74      -68.75
    960.78      -63.50
    977.87      -66.25
    981.55      -49.50
    958.53      -67.25
    955.11      -55.75
   1013.50      -27.00
    964.94      -64.00
    966.98      -54.50
    956.90      -62.50
   1003.45      -45.00
    964.26      -57.00
    980.32      -56.50
    948.37      -61.50
    960.21      -67.25
    954.90      -52.50
    964.13      -67.00
    962.29      -65.25
    977.14      -60.50
    968.60      -60.50
    946.55      -71.25
   1006.99      -29.50
    954.84      -65.00
    967.40      -54.50
    966.24      -62.50
    962.09      -63.75
    963.33      -67.25
    976.74      -60.50
    934.58      -63.00
    962.85      -71.75
    951.57      -64.00
    967.15      -54.25
    967.06      -64.75
    952.33      -73.50
    954.51      -60.00
    996.27      -42.75
    996.34      -47.00
    953.81      -60.75
    979.29      -61.50
    946.46      -69.75
    996.85      -44.50
    952.13      -58.25
    967.05      -60.25
    963.23      -72.25
    964.34      -64.00
   1012.17      -27.50
    958.60      -50.75
    953.80      -55.50
    976.21      -56.25
    939.71      -63.25
    967.62      -59.75
    965.06      -62.25
   1002.19      -28.00
   1012.50      -39.50
    942.07      -64.50
   1015.29      -27.25
    959.20      -62.00
   1004.21      -53.25
    950.74      -61.00
    986.46      -50.00
   1004.01      -42.75
    990.08      -45.75
    958.29      -49.75
    964.30      -59.75
    965.15      -63.00
    975.86      -53.75
   1010.20      -28.50
    950.21      -60.75
    941.22      -54.00
    974.07      -80.00
    962.67      -62.00
    997.42      -40.50
    955.90      -64.25
    993.56      -45.00
    958.86      -56.00
    955.29      -52.50
    986.64      -51.75
    942.18      -64.75
    952.60      -61.75
    965.83      -67.75
    971.33      -65.25
    980.24      -67.00
    958.25      -80.25
   1003.38      -44.50
    972.10      -52.00
    976.12      -76.50
    942.10      -59.00
    956.37      -67.25
    997.77      -56.25
    937.31      -62.25
    998.24      -42.75
   1015.47      -31.00
    968.90      -54.00
    961.30      -54.00
    984.47      -62.50
    952.08      -71.50
   1000.88      -39.25
   1000.88      -46.25
    969.71      -62.00
    955.60      -59.25
    966.22      -59.25
    968.75      -67.25
    994.24      -42.75
    973.26      -55.00
    981.10      -63.50
    968.22      -56.75
    983.22      -56.25
    953.77      -63.75
    951.56      -64.00
    958.24      -64.75
    948.21      -63.25
    960.52      -66.50
    988.02      -53.00
   1003.06      -28.75
    959.35      -63.25
    988.89      -54.75
    975.46      -56.50
    992.95      -56.00
    956.60      -57.50
    966.08      -47.50
    954.81      -67.50
    958.02      -63.75
    952.39      -62.00
    960.90      -59.00
    946.95      -58.25
   1010.02      -38.00
    941.41      -55.75
    963.36      -58.25
   1003.78      -28.00
    950.75      -58.50
    951.96      -57.25
    962.78      -76.75
    965.66      -50.25
    981.79      -52.00
    981.86      -67.50
    978.56      -61.75
   1006.40      -32.50
    983.96      -67.00
    954.32      -56.50
    941.64      -60.00
    998.57      -57.50
    953.68      -68.25
    966.02      -57.75
    983.10      -56.25
    964.21      -65.00
    944.86      -64.25
    962.10      -72.00
    944.74      -58.50
   1004.12      -30.75
    973.70      -58.50
   1000.91      -37.75
    946.78      -56.25
    952.83      -61.75
    932.63      -53.00
    994.16      -48.50
   1005.93      -39.25
    963.68      -53.00
    978.38      -61.50
    957.34      -79.25
    931.27      -64.75
    973.34      -55.25
    978.14      -48.25
    948.08      -62.25
    961.11      -50.25
    964.04      -81.00
    972.80      -52.50
    949.77      -63.75
    929.82      -59.75
    990.19      -52.50
    949.85      -65.75
   1002.05      -34.25
    961.21      -64.50
    958.11      -62.50
    959.37      -69.75
    950.26      -65.50
    969.38      -63.75
    990.42      -30.50
    975.73      -55.75
    961.83      -57.75
    969.78      -67.50
   1013.65      -37.25
   1004.53      -40.25
    961.18      -63.75
    988.87      -43.50
    958.42      -70.00
    980.52      -61.50
    967.95      -61.75
    960.49      -65.50
    950.72      -66.50
   1011.83      -34.25
   1015.56      -45.75
    953.43      -64.75
    999.58      -30.25
    974.60      -80.75
    959.09      -59.00
    973.56      -69.75
    960.26      -65.25
    989.56      -45.50
   1004.63      -35.75
    957.78      -64.75
    952.04      -61.25
    946.66      -69.00
    958.93      -58.25
    972.42      -68.25
    960.32      -57.00
    990.34      -48.75
    966.27      -69.50
    979.28      -45.75
    979.75      -65.75
   1005.01      -26.75
    950.16      -61.75
    926.85      -67.25
   1016.44      -40.25
    954.55      -58.50
    997.08      -50.75
   1009.84      -34.50
    978.81      -60.25
    961.50      -59.00
    977.54      -56.75
    964.76      -79.75
   1000.68      -26.75
    964.46      -62.00
    996.95      -33.75
   1010.52      -25.25
    951.49      -68.50
    944.89      -73.00
    956.57      -67.25
    934.80      -72.50
    953.52      -56.25
    959.00      -62.00
    956.48      -73.00
   1011.00      -32.25
    945.28      -67.75
    932.87      -71.00
    992.83      -50.75
    983.82      -50.25
    949.86      -67.75
    991.69      -54.75
    969.84      -54.00
    968.49      -73.00
    979.13      -58.00
    992.17      -46.75
    951.83      -67.75
    957.88      -55.75
    946.13      -57.50
    962.37      -56.50
   1008.83      -34.50
    954.18      -53.75
    942.13      -72.00
    962.27      -78.50
    948.03      -58.25
   1005.43      -29.25
   1006.96      -40.25
    973.23      -68.75
    942.47      -66.25
    963.91      -61.00
    998.09      -31.00
    959.76      -55.75
    996.92      -41.50
    960.57      -64.00
    976.44      -65.00
   1002.33      -26.75
    961.43      -64.25
    983.75      -61.00
    951.56      -60.25
    972.14      -64.50
    989.18      -49.00
    950.03      -61.00
    958.62      -69.50
    941.15      -68.00
    980.72      -51.00
    974.52      -66.50
    960.77      -58.25
    972.54      -50.25
    992.01      -48.50
    954.90      -58.25
    967.58      -57.75
    959.76      -55.00
    954.83      -66.50
    975.60      -61.00
   1007.32      -32.25
    976.51      -55.25
    984.39      -74.00
    966.47      -57.00
    959.35      -61.25
   1002.23      -37.00
    950.88      -62.25
   1004.32      -34.25
    998.03      -51.25
   1005.15      -27.50
    989.74      -43.75
    963.29      -67.75
    992.86      -31.00
    975.56      -58.00
    969.44      -59.25
    978.08      -62.00
    975.26      -54.75
    979.69      -49.50
    956.43      -58.75
   1012.76      -35.50
    977.01      -65.50
    954.82      -66.75
    953.05      -57.75
    942.26      -52.00
    973.63      -63.50
    945.24      -68.75
    949.97      -70.75
    969.77      -46.25
    949.76      -66.00
    959.49      -68.75
    975.52      -80.50
    965.05      -60.00
    940.21      -61.25
   1002.61      -38.50
    967.35      -60.50
    948.73      -54.50
    945.45      -63.50
    976.32      -57.00
    984.00      -47.00
   1005.41      -27.75
    979.00      -58.75
    971.99      -68.75
    969.58      -57.50
   1002.23      -47.50
    959.45      -55.75
    970.36      -62.75
    957.71      -66.00
   1011.89      -37.00
    966.46      -57.75
    978.44      -80.75
   1002.88      -34.25
    961.37      -62.75
    968.42      -60.75
    969.64      -64.50
   1011.21      -29.75
    989.25      -49.50
   1003.81      -32.00
    962.93      -81.75
    953.82      -65.00
    942.47      -58.75
    948.21      -60.25
    972.08      -53.50
    950.96      -59.50
   1007.33      -31.75
    956.90      -63.25
    969.32      -54.75
    984.70      -55.75
    968.57      -79.50
    960.81      -62.50
    956.46      -55.00
    981.71      -61.50
    967.33      -63.00
    942.07      -57.75
    973.10      -65.50
    969.01      -53.50
    958.00      -63.75
    958.60      -78.25
    946.98      -70.75
    949.77      -67.00
    965.59      -57.00
    973.45      -83.50
   1010.68      -34.25
   1013.54      -31.00
   1009.97      -28.50
    972.58      -51.50
    997.78      -36.50
    977.03      -78.00
    970.09      -57.25
    954.95      -53.50
    965.66      -64.75
    953.44      -60.00
    947.36      -64.50
    941.77      -61.50
    997.80      -45.25
    956.67      -63.75
   1004.09      -35.00
    968.41      -61.75
    956.58      -61.75
    958.09      -51.00
    961.25      -66.75
    990.04      -61.00
    970.35      -55.75
    960.64      -55.50
    986.47      -58.75
    949.28      -65.25
    973.48      -59.75
    960.14      -59.75
    951.27      -71.50
    945.24      -76.00
    995.60      -47.50
    951.70      -56.50
    987.80      -43.00
    971.08      -57.75
    988.53      -53.50
    956.83      -72.75
   1002.58      -38.00
    963.32      -70.00
    964.35      -56.50
    959.23      -69.25
   1004.05      -35.25
    947.74      -61.25
    973.16      -67.00
    959.12      -55.25
    953.21      -65.00
   1002.76      -43.00
   1016.04      -46.75
    961.26      -64.00
    955.76      -58.50
   1000.51      -32.25
    959.33      -60.00
    987.59      -45.50
    960.44      -60.25
    953.76      -61.50
    999.17      -35.00
    986.57      -46.25
    951.68      -62.25
    969.72      -57.00
    946.33      -71.75
    943.84      -58.00
    975.81      -82.25
    960.57      -75.75
    987.83      -41.00
   1002.48      -29.25
    965.34      -58.25
    926.98      -64.00
    963.63      -54.50
    956.23      -62.50
    971.07      -61.75
    946.54      -58.25
    952.52      -62.25
   1017.09      -30.00
    952.16      -62.75
    939.21      -60.75
    972.12      -78.25
    987.30      -38.50
    970.04      -51.25
    981.33      -49.25
    962.61      -62.00
    945.28      -69.50
    947.23      -62.75
   1002.60      -37.50
    962.05      -56.00
    981.47      -52.25
   1006.58      -26.50
   1009.18      -31.50
    963.55      -64.50
    968.91      -61.25
    999.65      -36.00
    961.20      -70.25
    950.40      -65.75
    962.38      -54.75
   1002.36      -48.50
    976.74      -63.75
    950.05      -63.00
    967.63      -53.50
    975.09      -67.25
    948.34      -65.00
    954.54      -62.50
    997.41      -33.00
   1012.94      -31.50
    954.06      -58.00
    985.57      -48.75
    938.57      -64.00
   1005.19      -34.75
    967.70      -62.75
    984.96      -36.75
    970.32      -47.50
   1012.25      -34.25
    940.33      -61.00
    946.06      -61.50
   1008.28      -39.00
    953.33      -65.75
    974.09      -67.00
    952.59      -66.25
    956.28      -60.75
    961.35      -59.50
   1027.87      -37.25
    974.40      -63.75
    967.76      -57.00
    938.92      -67.00
    972.49      -49.75
    965.22      -56.00
    999.48      -46.25
    940.29      -62.75
    955.78      -66.00
    941.58      -63.50
   1008.45      -38.00
    938.35      -67.00
    953.03      -59.50
    959.04      -68.00
    990.63      -49.50
    965.32      -66.00
    972.97      -57.75
    979.07      -41.25
    964.17      -65.25
    959.05      -67.75
    935.70      -67.75
    995.25      -47.50
    940.39      -60.25
    969.54      -58.75
    983.16      -54.00
   1006.69      -45.50
    955.81      -58.50
    963.65      -62.25
    955.81      -65.50
   1005.75      -31.25
    937.34      -67.25
   1011.58      -33.75
    956.81      -63.00
    944.84      -63.00
    959.48      -63.50
   1006.16      -39.25
    963.94      -67.00
    994.66      -52.25
    995.83      -46.50
    976.41      -64.00
    999.71      -41.75
    949.99      -62.25
    969.37      -57.25
    946.78      -53.00
    951.50      -64.00
    982.17      -63.75
    950.71      -60.75
   1011.19      -39.50
    963.76      -58.50
    992.42      -44.25
    970.24      -66.00
    956.46      -69.50
    996.65      -33.75
    964.57      -57.50
   1005.07      -30.00
    951.67      -58.00
    959.73      -55.25
    998.87      -42.50
    953.93      -71.75
    962.34      -60.25
    939.17      -58.25
    970.25      -79.00
    999.18      -37.75
    954.03      -60.00
    980.78      -54.75
    952.85      -62.75
    964.25      -73.25
    993.32      -35.50
    938.92      -58.75
    961.57      -57.50
    952.34      -56.25
    993.17      -50.25
    962.99      -55.25
    983.53      -81.00
    953.66      -63.75
    975.94      -63.50
    949.41      -56.25
   1006.22      -41.75
   1005.20      -32.00
    978.37      -66.75
   1012.56      -26.50
    976.57      -63.00
    974.34      -53.50
    954.11      -63.25
    967.19      -53.00
    998.57      -50.00
    975.11      -57.50
    970.85      -58.50
    939.33      -68.75
    958.86      -54.50
    966.15      -48.00
    941.79      -55.00
    945.11      -63.75
    958.17      -79.00
   1009.75      -29.25
    992.73      -53.25
    952.79      -53.75
   1008.32      -32.25
    972.00      -54.50
   1011.25      -38.50
    996.84      -37.25
    954.55      -63.50
    943.06      -62.25
   1001.16      -49.25
    998.76      -38.25
    963.50      -61.75
    978.97      -59.00
    977.39      -81.00
    957.74      -64.50
    947.79      -67.25
    955.90      -51.25
    976.50      -59.50
    983.41      -37.50
    962.82      -57.25
    980.22      -65.75
    968.07      -56.50
    973.52      -52.75
    980.27      -80.50
    959.29      -59.75
    959.56      -67.25
    955.24      -63.50
    972.09      -64.00
    940.46      -58.00
    993.86      -49.25
    974.29      -62.50
    944.27      -65.75
    973.48      -61.75
   1005.65      -29.75
    998.96      -33.00
    967.41      -59.75
    955.79      -56.00
    948.33      -60.75
   1008.15      -37.75
    950.87      -64.25
   1008.00      -43.75
    935.16      -62.25
    966.11      -59.25
    964.62      -59.25
    970.56      -67.00
    958.95      -62.00
    972.25      -60.50
    966.01      -56.00
    963.20      -61.50
    967.47      -64.50
   1003.44      -42.75
    954.55      -58.00
    949.09      -62.25
    951.95      -69.75
    999.92      -52.50
   1011.07      -38.75
    958.43      -60.75
    971.99      -55.00
    937.02      -65.25
    953.04      -62.50
    961.46      -53.50
    967.09      -63.50
   1007.21      -41.25
    957.53      -67.75
   1002.25      -37.50
    961.56      -59.25
    968.58      -79.75
    969.32      -53.50
   1002.25      -33.50
    952.53      -62.25
    985.92      -58.50
   1003.72      -35.00
    966.00      -62.25
   1000.09      -35.75
    952.13      -57.50
    956.40      -60.00
    962.04      -71.50
   1007.52      -36.50
   1002.22      -30.00
    971.90      -54.75
    971.29      -63.00
    974.05      -58.75
    963.86      -55.75
    949.61      -63.50
    959.53      -56.25
    984.69      -47.75
    953.65      -56.75
   1010.00      -30.25
    955.60      -58.25
    959.61      -69.25
    971.19      -53.50
   1011.44      -34.00
    965.17      -62.50
    972.76      -67.50
    954.08      -76.00
    952.48      -61.00
    962.20      -55.00
    957.05      -64.75
   1004.74      -38.25
    964.47      -61.25
    962.87      -66.50
   1009.74      -26.75
    962.59      -69.50
    945.80      -71.75
    976.53      -63.25
    971.34      -59.25
    968.78      -61.25
    970.22      -63.50
    946.49      -60.00
   1008.87      -28.75
    953.71      -63.25
    978.81      -64.00
    955.81      -57.75
    966.28      -62.50
    986.96      -44.75
    993.18      -44.00
    986.69      -40.75
    961.57      -51.75
    968.04      -60.25
    961.09      -55.75
    956.88      -57.50
    972.31      -64.50
    968.15      -53.25
    959.19      -57.75
    970.84      -59.75
    966.45      -54.00
    956.23      -60.50
    964.16      -58.25
    979.77      -59.25
   1008.54      -32.25
    962.84      -64.75
    977.06      -59.75
    956.52      -53.25
    963.56      -57.25
    958.57      -64.50
    962.18      -51.00
    975.83      -58.50
    963.65      -61.75
    942.35      -63.50
    970.47      -52.50
    960.03      -61.75
    977.86      -62.50
    975.94      -61.75
    986.42      -48.00
    969.37      -52.25
    950.33      -54.25
    970.45      -65.00
    975.31      -51.25
    949.00      -62.25
    950.99      -65.50
   1007.18      -33.75
    974.75      -64.25
    954.89      -63.75
    990.60      -55.00
    940.68      -66.25
    954.26      -64.25
   1003.20      -25.75
    951.85      -66.75
    959.79      -61.75
    956.28      -60.75
    955.91      -60.75
    977.84      -58.25
   1011.52      -34.75
    938.72      -61.50
   1018.04      -36.00
    937.65      -62.50
    975.81      -59.50
   1007.05      -29.75
    967.99      -60.25
    975.44      -54.50
    925.90      -64.50
    976.05      -67.50
    973.83      -55.25
    996.24      -49.50
    958.25      -68.00
   1011.12      -26.75
    978.04      -58.50
    946.86      -61.75
    966.17      -56.75
    962.44      -65.75
    949.28      -65.00
    970.77      -56.25
    946.93      -68.00
    945.03      -62.50
    944.15      -64.00
    956.53      -71.75
    966.31      -64.50
    981.67      -57.25
    978.91      -55.50
   1010.37      -26.25
    976.56      -57.25
    957.01      -62.25
    930.17      -61.00
    958.10      -69.50
    958.21      -62.50
   1006.65      -30.75
    960.41      -58.75
    959.14      -65.25
    975.98      -52.00
    988.14      -33.75
    954.03      -57.75
    955.20      -61.00
    986.20      -58.00
    962.09      -59.75
   1003.57      -29.75
    952.48      -65.25
    946.46      -67.75
    935.56      -69.00
   1013.20      -32.00
    980.40      -61.00
    965.63      -54.00
    992.81      -81.50
    997.25      -56.00
    964.03      -65.25
    965.01      -55.25
   1021.17      -31.00
    983.90      -57.50
    949.68      -52.75
    975.80      -67.50
    958.36      -58.50
    950.86      -58.25
    986.34      -42.00
    998.76      -31.25
    963.50      -56.00
    985.33      -44.75
    952.21      -49.00
   1004.45      -45.00
   1005.82      -40.75
    975.26      -68.00
    996.64      -32.00
    971.98      -60.25
    963.52      -46.00
    982.71      -59.75
    961.88      -57.75
    970.34      -47.50
    955.30      -51.75
    974.28      -32.00
    992.47      -37.00
    964.12      -56.75
    996.46      -42.75
    987.18      -49.75
    981.14      -41.50
    967.33      -58.50
    954.74      -63.50
    942.47      -63.00
    949.06      -65.50
    978.05      -52.25
    951.22      -59.75
   1004.44      -32.25
    958.87      -53.50
    957.88      -64.50
    988.85      -45.50
   1018.95      -32.75
    951.55      -64.00
   1012.49      -32.50
    962.46      -62.00
    990.51      -39.00
    995.60      -46.50
