    945.62      -57.50
    963.03      -67.50
    944.99      -59.25
    951.58      -62.75
    968.38      -55.75
    982.16      -50.50
    985.52      -41.75
    977.65      -42.50
    957.92      -52.25
    983.74      -48.50
    973.92      -48.25
    944.49      -68.25
    956.45      -71.75
    975.14      -43.00
    933.12      -61.50
    968.99      -48.75
    989.67      -70.75
    951.36      -63.75
    966.76      -48.50
    950.16      -51.00
    955.47      -51.00
    967.07      -60.00
    939.20      -68.50
    958.22      -49.75
    988.67      -66.50
    944.52      -64.00
    980.81      -53.00
    974.71      -74.25
    962.20      -77.00
    939.47      -59.75
    949.45      -67.75
    941.09      -70.50
    992.38      -40.00
    971.15      -48.25
    951.13      -60.25
    957.17      -59.75
    950.84      -53.75
    953.65      -65.00
    961.17      -75.75
    957.15      -62.25
    959.94      -64.50
    999.51      -40.25
    972.07      -60.50
    964.80      -55.75
    958.15      -67.75
   1019.42      -40.00
    953.61      -71.50
    947.02      -59.75
    990.11      -46.75
    933.02      -59.25
    954.48      -55.50
   1010.46      -39.50
    982.89      -51.25
    991.14      -35.50
    969.97      -61.50
    957.99      -63.75
    997.87      -45.00
    960.23      -62.75
    970.29      -42.25
    958.41      -63.25
    967.65      -65.50
    938.83      -67.75
    944.43      -62.25
    951.84      -62.50
    982.34      -79.50
    980.38      -50.50
    957.14      -61.75
    978.09      -76.25
    950.42      -55.75
    965.63      -66.25
    972.15      -40.25
    968.61      -64.75
    958.28      -63.75
    957.22      -62.50
    950.59      -55.50
    924.70      -67.75
    966.25      -52.50
    951.74      -60.25
    974.94      -81.25
    952.19      -59.75
    947.93      -61.25
    956.35      -60.50
    962.66      -59.75
    969.71      -49.00
    947.77      -62.00
    949.34      -67.50
    946.85      -66.75
    993.12      -42.25
    958.99      -60.25
    959.36      -66.50
    957.46      -59.25
    957.03      -62.00
   1001.24      -43.50
    970.61      -55.50
    965.39      -58.50
    963.32      -51.00
    966.21      -55.50
    994.15      -56.25
    988.55      -70.75
   1006.56      -35.25
    980.04      -54.75
    974.23      -43.50
    962.22      -58.25
    990.93      -79.50
    956.80      -61.25
    966.14      -68.50
    973.92      -49.25
   1011.17      -44.00
    958.73      -59.50
    980.81      -49.00
    945.19      -67.50
    963.24      -44.50
    969.76      -63.75
    966.57      -54.75
    944.65      -63.50
    967.19      -52.25
    963.70      -48.25
    951.85      -57.25
    958.63      -50.75
    953.70      -56.75
    980.19      -47.75
    985.51      -80.00
    961.72      -53.00
    998.57      -40.00
   1013.15      -41.25
    962.44      -61.75
    960.03      -61.75
    965.98      -65.75
    964.54      -69.50
    996.09      -43.75
    966.04      -73.50
    956.32      -64.00
    973.28      -34.75
    947.15      -71.50
    933.65      -69.75
    967.80      -81.75
   1008.94      -32.50
    954.51      -63.75
   1006.65      -37.00
   1006.16      -41.50
    929.56      -65.25
    945.80      -63.75
    973.24      -43.50
    957.68      -59.00
    946.45      -66.75
    975.00      -46.25
    956.82      -61.50
    979.47      -41.00
    944.84      -60.75
   1014.91      -27.50
    927.31      -68.25
    947.96      -48.25
    958.76      -68.75
    940.13      -65.75
    947.65      -71.25
    979.44      -46.75
    963.18      -58.50
   1003.06      -46.25
    978.42      -42.00
    924.12      -66.75
    962.40      -68.50
    958.04      -49.25
    996.79      -34.00
    999.99      -44.50
    953.23      -64.00
    963.01      -62.25
    959.06      -62.75
    932.88      -63.00
    948.39      -67.50
    976.57      -66.50
    947.30      -64.75
    983.85      -50.00
    989.45      -41.75
    964.38      -80.50
    943.14      -64.00
    972.95      -63.75
    926.46      -62.00
    950.39      -74.75
    950.63      -60.25
    950.92      -68.00
    926.86      -62.75
    977.06      -70.50
    944.74      -63.00
    996.65      -46.00
    954.82      -63.25
    997.62      -39.50
    946.45      -71.75
    960.55      -64.00
   1001.09      -37.00
    998.26      -41.50
    971.51      -53.75
    951.39      -68.75
    959.95      -66.50
    979.22      -47.50
    948.14      -65.50
    973.02      -41.00
    996.65      -41.75
    976.32      -42.50
    960.91      -71.50
    961.48      -63.75
    948.11      -61.00
    949.16      -54.25
    953.51      -59.25
    963.80      -66.25
    971.92      -47.25
    956.24      -56.75
    959.05      -70.50
    963.06      -62.00
    954.40      -60.00
   1001.39      -47.75
    984.85      -42.00
    971.57      -41.25
    949.03      -69.25
    952.89      -63.25
    968.86      -43.25
   1010.41      -38.50
    957.94      -55.25
   1000.22      -43.25
    946.22      -61.25
    943.74      -64.00
   1018.61      -33.50
    992.13      -40.25
    935.11      -66.25
    969.15      -68.50
    947.76      -53.50
    925.67      -56.00
    958.56      -57.75
    962.48      -68.75
    952.19      -54.00
    979.55      -48.25
    963.81      -71.00
    962.60      -57.50
    989.74      -34.50
    964.66      -58.00
    980.26      -42.75
    946.43      -60.50
    949.45      -53.00
    953.40      -50.75
    957.41      -71.75
    970.75      -56.25
   1008.63      -33.75
    955.11      -71.25
    957.74      -60.50
    984.89      -44.50
    947.32      -65.00
    973.05      -53.50
    963.70      -45.75
    957.34      -60.50
    944.02      -64.75
    970.34      -47.50
    951.16      -62.25
    994.54      -48.50
   1007.59      -38.25
    948.44      -57.00
    981.98      -52.50
    982.38      -33.50
    941.74      -60.50
    993.87      -41.75
    948.13      -58.75
    967.00      -46.00
    950.23      -71.00
    979.24      -56.00
    959.35      -63.75
    955.40      -64.25
    926.13      -56.25
    964.27      -59.50
    955.54      -63.00
    975.67      -79.75
    994.77      -42.75
    954.51      -65.50
   1000.78      -45.00
    957.71      -54.75
    931.93      -66.00
    978.07      -70.75
    974.80      -69.50
   1022.96      -25.25
    981.90      -45.00
    949.38      -70.50
    981.25      -36.25
    990.45      -36.25
    968.31      -66.75
    953.17      -73.00
    943.86      -59.25
    994.11      -41.50
    949.48      -68.25
    956.82      -68.00
    973.39      -66.50
    955.92      -58.75
    968.92      -64.25
    938.56      -62.75
   1002.38      -36.75
    933.01      -66.00
    964.76      -42.50
    985.54      -41.75
    974.48      -41.00
    968.66      -50.00
    943.24      -62.75
    977.88      -57.00
    944.88      -66.75
   1006.46      -49.50
    945.85      -67.50
    967.68      -64.00
    948.60      -62.25
   1012.10      -34.50
    958.03      -57.50
    948.08      -58.50
    945.18      -53.25
    993.87      -43.00
    946.71      -61.00
    978.48      -53.75
    949.14      -62.00
    981.45      -59.25
    952.61      -61.75
    971.25      -41.00
    957.25      -63.75
    992.11      -33.50
    980.69      -72.50
    980.91      -62.75
    982.73      -63.75
    971.64      -47.00
    995.62      -54.00
    983.85      -63.25
    958.20      -62.75
    960.69      -57.25
    965.86      -61.50
    939.61      -60.25
    978.96      -78.50
    962.93      -59.50
    974.15      -63.25
    958.28      -52.75
    962.78      -62.50
    973.53      -60.75
    969.94      -58.00
    984.53      -60.75
    960.87      -71.50
    965.52      -53.75
    939.30      -59.50
    958.98      -48.00
    979.65      -43.00
    952.27      -52.00
    988.31      -43.25
    997.85      -34.00
    947.40      -57.50
    986.25      -37.00
    969.78      -55.75
    987.75      -39.50
    939.77      -60.50
    964.00      -74.75
    950.36      -59.50
    970.89      -53.00
    966.38      -60.50
    963.43      -61.00
    965.49      -61.25
    961.55      -49.75
    966.34      -66.25
    965.69      -61.00
    997.11      -46.75
    976.45      -52.00
    944.53      -61.00
    955.82      -61.25
    970.06      -64.75
    943.16      -57.75
    961.64      -67.75
    981.80      -52.00
    974.82      -52.25
    986.85      -81.00
    970.01      -58.50
    952.88      -61.00
    963.76      -49.75
    963.49      -52.25
    961.70      -67.75
    966.60      -44.00
   1013.97      -36.75
    968.32      -74.25
    940.78      -62.25
    977.55      -78.50
    969.19      -49.00
    956.58      -65.00
    943.57      -67.00
    953.64      -64.25
    959.87      -72.50
    955.93      -64.25
    970.15      -44.00
    968.47      -50.50
    956.85      -55.50
    949.03      -70.75
    997.79      -51.50
    937.65      -59.75
    985.69      -49.25
   1013.21      -28.75
    974.13      -44.50
    964.15      -51.25
    929.04      -61.00
    955.31      -61.25
    943.93      -69.75
    945.79      -71.00
    964.86      -79.25
    969.40      -48.00
    941.74      -58.00
    963.82      -74.50
    982.37      -43.00
    971.38      -49.25
    949.72      -75.00
    945.74      -62.50
    928.34      -61.50
    984.98      -64.25
   1016.64      -31.50
    956.31      -67.25
    972.92      -57.00
    989.16      -39.00
    946.73      -64.75
    991.32      -48.00
    964.76      -52.75
    963.94      -63.00
    935.76      -61.75
   1018.15      -42.25
    959.18      -78.50
    953.52      -59.50
   1008.72      -28.25
    961.23      -71.75
    949.91      -66.50
    929.90      -71.25
    982.44      -48.25
    976.86      -50.75
    951.61      -69.25
    941.80      -64.75
    964.54      -52.25
   1014.88      -30.50
    950.41      -60.75
   1009.43      -42.00
    990.38      -45.75
    984.86      -40.25
   1012.11      -34.75
    967.25      -66.50
    938.19      -71.50
    966.41      -64.50
    974.72      -55.00
    947.60      -60.00
   1003.19      -37.75
    968.07      -46.75
    976.38      -49.75
    987.13      -49.50
    955.13      -69.75
    972.90      -62.50
    984.65      -43.00
    957.68      -64.25
    968.82      -48.75
    946.81      -66.00
    968.33      -72.75
    967.36      -65.25
   1018.61      -31.25
    943.36      -59.75
    949.45      -64.00
   1001.47      -29.50
    946.23      -68.50
    947.43      -73.00
    984.57      -47.25
   1004.16      -55.50
    962.53      -52.75
    964.77      -54.75
    953.79      -61.00
    978.46      -69.25
    952.67      -54.75
    967.73      -55.75
   1008.75      -42.50
    967.77      -58.75
    947.40      -64.00
    986.56      -46.25
    963.42      -61.75
    955.39      -71.25
    994.02      -53.50
    967.33      -55.00
    989.04      -29.75
    965.09      -53.50
   1005.01      -42.25
    961.90      -61.75
    958.88      -55.25
    953.20      -51.25
   1008.13      -34.25
    939.39      -59.25
    959.03      -56.00
    975.89      -54.50
    963.63      -51.00
    988.99      -36.75
    962.46      -78.75
    976.65      -59.25
    975.23      -76.00
    966.62      -52.25
    996.92      -59.50
    980.08      -74.75
    978.16      -59.50
    979.80      -48.25
    956.20      -65.50
    963.98      -46.50
    990.68      -42.50
    969.39      -48.25
    977.45      -75.50
    966.30      -62.25
    954.49      -52.75
    991.40      -36.75
    977.24      -54.00
    947.94      -63.50
    961.77      -53.25
    970.61      -49.00
    964.15      -63.25
    982.40      -53.75
    963.73      -43.50
    985.95      -59.75
    957.15      -55.00
    960.01      -60.00
    997.81      -35.50
    961.73      -46.00
    981.14      -59.75
    971.12      -57.25
    995.92      -43.50
   1000.94      -38.50
    977.33      -42.00
    963.27      -55.00
    947.28      -56.00
    953.51      -59.75
    968.34      -70.00
   1004.02      -37.75
    980.47      -49.00
    996.41      -81.00
    991.36      -55.25
    974.91      -55.50
    951.73      -52.75
    967.45      -50.00
    979.29      -46.75
    971.29      -44.25
    972.89      -49.50
    935.40      -69.00
    961.60      -52.75
    959.11      -63.75
    949.61      -63.00
    977.91      -53.50
    986.83      -80.00
    970.61      -48.00
    975.12      -55.00
    971.88      -61.50
    974.63      -67.00
    986.55      -79.00
    968.66      -60.75
    986.65      -48.25
    960.87      -49.00
    947.00      -54.75
    977.19      -66.50
    937.87      -66.25
    955.44      -71.50
    961.81      -45.00
    954.77      -69.00
    966.48      -51.75
    976.43      -57.75
    946.43      -54.75
    985.50      -42.75
    966.50      -64.75
    941.33      -62.00
    928.93      -70.25
    939.71      -71.50
    999.19      -34.75
    967.06      -47.75
    993.11      -37.25
    945.55      -56.25
    972.67      -51.25
    980.33      -47.25
    966.21      -78.75
    968.09      -51.00
    975.73      -43.50
    970.97      -62.75
    965.42      -57.25
    929.09      -64.50
    998.70      -48.25
    964.42      -64.50
    967.99      -50.50
    966.82      -65.00
    987.08      -57.25
    953.08      -51.00
    953.35      -79.00
    945.88      -55.00
   1011.04      -28.50
    941.02      -57.00
    946.57      -64.50
    961.00      -70.75
    958.19      -48.75
    991.10      -46.00
    975.89      -46.00
    960.99      -69.50
    952.21      -62.25
    949.84      -79.25
    942.15      -64.50
    993.54      -49.25
    934.73      -69.00
    935.36      -68.75
   1001.32      -37.25
   1010.10      -41.50
    967.26      -56.50
    934.26      -60.50
    943.53      -63.50
    959.56      -62.25
    993.05      -43.00
    950.24      -59.25
    954.90      -66.25
    959.13      -75.00
    959.71      -72.50
    936.47      -62.75
    966.98      -60.50
    999.45      -52.00
    974.13      -44.25
    928.78      -58.75
   1004.74      -39.75
    969.75      -68.75
    962.15      -65.75
    965.20      -54.25
    969.75      -63.75
    989.48      -49.00
    946.54      -61.00
    987.85      -39.50
    949.94      -68.50
    951.82      -54.25
    997.09      -39.50
    956.23      -56.50
    977.07      -59.25
    983.57      -45.50
    931.91      -67.00
    970.88      -77.50
    950.97      -50.00
    956.48      -62.75
    937.58      -65.00
    968.41      -51.25
    971.90      -58.75
    956.77      -55.75
   1008.56      -35.50
    944.40      -68.00
    948.70      -48.50
    938.07      -65.50
    950.02      -61.25
    943.56      -61.00
    972.33      -48.75
    934.31      -66.75
    967.46      -82.00
   1016.00      -26.50
    972.88      -53.25
    939.64      -58.50
    945.38      -64.00
    959.80      -78.00
    957.52      -63.00
    967.07      -54.25
    955.15      -62.50
    995.94      -46.25
    999.65      -42.75
    973.51      -79.00
    987.42      -44.75
    964.13      -52.75
    968.13      -50.00
   1014.07      -34.25
    956.89      -52.50
    976.86      -61.50
    990.08      -37.00
    976.57      -65.75
    962.10      -67.75
    972.07      -54.00
    946.40      -60.50
    942.41      -62.75
    952.45      -63.50
    965.46      -45.75
    955.75      -66.50
    948.01      -58.75
    985.53      -33.00
    977.56      -34.25
    973.76      -57.00
    967.83      -67.75
    990.21      -38.75
    921.62      -70.50
    934.09      -63.50
    937.64      -65.50
    946.35      -71.50
    986.02      -40.00
    998.81      -32.25
    987.79      -45.25
    940.46      -71.75
    970.23      -42.25
    941.32      -57.25
    950.97      -70.00
    984.98      -38.25
   1016.29      -24.25
   1022.63      -28.00
    968.58      -43.25
    962.60      -79.75
    984.05      -40.25
    961.28      -66.75
    960.05      -63.50
    951.62      -53.25
    955.37      -49.75
    962.94      -63.75
    949.86      -69.50
    954.34      -62.25
    958.56      -62.50
    953.97      -66.75
    988.75      -39.50
    957.05      -62.50
    939.58      -64.25
    969.49      -60.50
    960.74      -57.50
    957.55      -51.50
    952.94      -64.75
    961.98      -69.50
    967.73      -46.50
    951.33      -69.25
    952.70      -54.75
    991.28      -37.25
    955.48      -73.25
    966.45      -49.25
    950.23      -62.75
    962.32      -58.75
    946.95      -59.75
    936.26      -64.75
   1022.79      -25.25
    960.78      -61.00
    966.31      -50.25
    960.50      -56.00
    990.51      -53.75
    941.82      -61.50
    995.25      -45.25
    973.04      -62.00
    947.51      -61.25
   1010.76      -37.00
    984.03      -57.00
    953.99      -55.25
    951.92      -73.00
    978.13      -66.50
    946.49      -66.75
    974.51      -52.25
    967.34      -69.25
    964.58      -59.25
   1011.08      -30.25
    963.45      -60.75
    964.64      -68.25
    970.63      -72.25
    982.33      -47.50
    984.10      -43.25
    968.51      -58.75
    966.11      -55.00
    952.89      -61.50
    969.75      -76.00
    949.88      -63.25
    948.99      -65.00
    934.49      -61.75
    994.71      -47.75
    975.21      -52.00
    968.16      -49.00
    942.78      -63.00
    975.74      -79.50
    981.74      -47.00
    974.56      -58.25
    958.50      -74.25
    987.81      -43.75
    999.27      -42.00
    932.87      -63.00
    951.35      -63.75
    990.28      -48.75
    948.37      -61.25
    973.03      -44.25
    997.76      -41.50
    964.28      -51.75
    924.39      -64.75
    955.61      -52.25
    976.52      -55.50
    944.02      -63.75
    992.21      -56.75
    983.91      -53.75
    975.51      -39.00
    946.19      -62.00
    963.62      -53.25
   1000.49      -35.00
    946.67      -61.75
    978.23      -55.25
    940.17      -63.75
    998.02      -34.25
    967.31      -77.25
    950.60      -63.50
    944.32      -64.75
    952.67      -64.25
    975.50      -45.00
    976.32      -42.25
    941.15      -70.00
    964.28      -56.50
    957.86      -59.00
    997.31      -40.25
    963.74      -60.00
    958.08      -58.75
    942.79      -66.75
    960.43      -61.25
    957.08      -59.50
    941.73      -67.50
    972.05      -78.00
    965.58      -53.50
   1000.21      -39.50
    997.96      -49.25
    943.74      -62.75
    941.50      -65.75
    989.88      -55.75
    943.70      -74.75
    928.88      -66.00
    939.17      -68.50
    977.88      -45.50
    940.69      -68.00
    943.90      -67.00
    937.36      -62.75
    940.27      -61.75
    966.60      -65.75
    996.59      -43.50
   1018.13      -29.25
    956.73      -62.25
    957.68      -53.75
    953.17      -57.25
    920.98      -75.00
    960.11      -62.00
    930.78      -53.25
    952.58      -74.00
    934.38      -61.50
    959.99      -59.50
    941.94      -68.50
    958.47      -47.25
    975.73      -51.25
    959.81      -79.00
   1005.58      -38.75
    937.32      -79.25
    951.57      -57.50
    945.31      -59.00
    954.02      -65.50
    977.39      -36.75
    964.18      -47.75
    955.93      -65.00
    958.29      -54.25
    967.26      -66.00
    933.26      -63.25
   1014.74      -33.75
    966.40      -80.50
    977.37      -55.25
    957.95      -68.25
    949.44      -57.00
    952.05      -60.75
    962.13      -48.75
    987.03      -38.00
    917.84      -72.00
    965.12      -50.25
    948.32      -63.25
    935.94      -54.50
    941.07      -63.25
    982.93      -50.25
    944.24      -64.00
    984.69      -60.50
    955.94      -64.25
    951.97      -63.75
    950.37      -77.75
    952.69      -75.75
   1017.71      -35.00
    968.54      -48.00
    968.17      -44.25
    939.88      -51.00
    985.25      -48.00
   1001.12      -39.75
    958.60      -59.25
    962.72      -73.25
    981.34      -42.00
    972.74      -70.75
    961.93      -53.25
    981.30      -49.50
    974.03      -53.25
    966.68      -67.75
    939.78      -64.25
    949.48      -62.00
    990.75      -40.75
    939.42      -60.50
    960.12      -65.25
    967.23      -78.75
    925.83      -64.75
    971.01      -50.25
    941.15      -62.75
    939.41      -62.75
    942.95      -62.75
    951.05      -63.00
    965.13      -52.25
    936.69      -61.50
    955.47      -62.25
    973.92      -81.25
   1008.42      -45.75
    942.75      -65.00
    983.76      -41.00
    954.87      -59.00
    960.76      -57.50
    939.98      -65.00
    983.91      -52.50
    963.43      -43.50
    944.45      -59.50
    957.83      -51.00
    945.63      -82.75
    982.02      -50.50
    955.54      -57.25
    989.75      -44.50
    947.00      -62.75
    968.18      -58.50
   1004.40      -38.25
    957.11      -72.25
   1001.40      -30.50
    983.77      -48.50
    954.59      -68.00
    953.48      -69.50
    939.37      -70.50
    962.82      -65.50
    984.69      -58.00
    951.97      -65.00
    937.57      -59.50
   1000.77      -46.00
    925.46      -68.75
    941.35      -61.00
    979.48      -52.50
    965.91      -64.50
    979.61      -67.75
    939.76      -62.50
    949.84      -58.00
    939.47      -63.25
    942.71      -54.00
    950.63      -54.25
    957.23      -63.25
    965.37      -74.00
    975.26      -53.50
    929.79      -58.50
    949.58      -73.00
    989.53      -52.00
    951.29      -57.25
    984.18      -40.50
    979.81      -53.25
   1006.90      -32.00
    970.74      -62.25
    954.20      -72.50
    956.61      -64.00
    959.96      -60.00
    981.09      -51.75
    944.01      -74.25
    953.08      -54.75
    957.92      -64.75
    980.55      -49.75
    952.09      -43.00
    952.82      -60.75
    945.04      -58.00
    937.51      -52.25
    967.41      -51.00
    946.09      -62.00
    973.26      -70.00
    980.33      -61.00
    966.36      -62.50
    965.62      -47.00
    956.96      -55.25
    975.52      -47.25
    967.08      -40.75
    965.73      -58.00
    984.97      -55.25
    962.93      -49.25
   1016.88      -27.00
    960.17      -45.75
    998.18      -46.00
    959.49      -63.50
    951.22      -56.75
    984.21      -66.25
    968.09      -59.75
    954.95      -61.00
    998.03      -38.75
    966.73      -60.75
    962.90      -58.75
    973.38      -64.00
    987.30      -42.75
    948.74      -51.00
    957.54      -51.75
    964.03      -61.50
    957.92      -56.75
    984.21      -36.00
    980.35      -77.00
    995.08      -42.25
    982.92      -68.75
    984.50      -71.50
    989.08      -58.50
    959.71      -59.25
    971.65      -67.25
   1021.03      -26.00
    994.65      -70.25
    955.57      -59.75
    968.31      -60.75
    953.54      -68.50
    967.97      -55.00
    968.94      -52.00
    964.15      -50.25
    956.38      -67.25
    956.30      -49.00
    978.31      -44.00
    941.62      -52.75
    957.77      -52.00
   1002.63      -48.00
    963.10      -62.75
    969.40      -70.50
    934.25      -56.50
    950.53      -58.25
    984.14      -52.50
    970.86      -52.75
    944.79      -56.00
   1003.07      -35.50
    970.89      -52.00
    972.05      -52.00
   1013.19      -39.50
    957.07      -60.00
    967.51      -65.25
    968.56      -49.75
    951.67      -64.00
    972.85      -51.50
    967.05      -75.00
    985.98      -39.50
    947.72      -59.50
    942.55      -60.75
    958.57      -59.25
    965.52      -60.00
    986.98      -43.00
    972.46      -62.75
    952.73      -59.50
    944.16      -60.75
    939.93      -57.50
    954.48      -65.25
    978.29      -78.75
    951.93      -60.75
    974.66      -54.75
   1008.39      -35.75
    964.27      -60.25
    996.20      -58.50
    987.77      -54.75
    934.45      -62.00
    961.13      -49.50
    980.41      -40.50
    970.51      -62.75
    975.97      -54.00
    936.95      -61.75
    959.51      -54.75
    986.84      -41.25
    975.30      -60.00
    990.66      -65.50
    950.83      -55.50
    958.87      -55.50
    968.32      -62.25
    944.12      -58.00
    951.73      -59.75
    982.24      -81.00
    961.46      -65.00
    984.40      -55.25
    995.39      -42.50
    997.54      -52.25
    959.75      -65.25
    973.70      -61.00
    950.64      -68.50
    990.49      -46.00
    986.74      -43.50
    937.50      -64.00
    941.03      -70.75
    945.38      -60.75
    996.89      -38.25
    968.69      -56.50
    960.66      -47.25
    938.08      -70.75
    941.42      -67.50
   1009.09      -58.00
    945.54      -62.50
    923.27      -70.25
    945.14      -62.00
   1005.54      -37.75
   1015.33      -29.50
    952.13      -64.50
   1002.54      -33.75
    940.50      -60.75
    958.73      -63.75
    988.37      -53.25
    948.79      -78.00
    981.53      -49.00
    938.96      -71.50
    947.32      -58.75
    956.55      -63.25
    978.35      -53.75
   1003.98      -28.25
    946.70      -72.25
    952.92      -67.50
    983.47      -43.25
    950.12      -62.25
   1022.80      -25.25
    938.30      -67.00
    963.54      -63.50
    972.87      -49.00
    929.01      -62.50
    947.61      -60.50
   1014.51      -34.75
    932.49      -69.50
    990.14      -39.00
    935.18      -60.25
    945.38      -61.75
    966.36      -57.25
    945.20      -59.75
   1009.81      -31.25
    991.09      -51.25
    943.79      -63.25
    957.80      -63.50
    966.33      -66.75
    952.14      -65.50
    957.10      -71.00
    970.41      -63.25
   1016.23      -28.00
    953.94      -58.50
    959.99      -58.75
    952.22      -62.25
    954.64      -67.00
    963.90      -52.25
    957.89      -51.75
    952.86      -57.00
    952.57      -53.75
    934.48      -70.25
    982.94      -57.75
    944.74      -55.50
    990.79      -46.00
    983.59      -46.50
    971.25      -52.25
    960.54      -67.00
    981.25      -79.00
    986.81      -44.00
    947.79      -68.50
    945.79      -67.75
    935.82      -60.25
    936.55      -67.75
    951.42      -60.50
    961.17      -77.00
    960.68      -58.25
    943.53      -55.75
    967.96      -81.50
    991.35      -49.50
    952.63      -64.25
    924.91      -61.50
   1000.66      -40.50
    929.64      -63.50
    952.02      -65.75
    957.89      -63.50
    961.15      -60.00
    948.95      -59.75
    948.01      -68.25
    964.96      -68.00
    946.73      -52.25
    943.77      -59.50
    961.82      -62.75
    956.56      -46.75
    973.27      -75.25
    943.79      -62.00
    966.87      -59.50
    970.99      -60.25
    969.39      -55.75
    983.88      -41.75
    967.79      -58.75
   1005.12      -28.00
    943.07      -60.00
    988.62      -66.25
    953.23      -60.75
    944.92      -61.75
    984.27      -45.00
    964.36      -46.75
    943.86      -57.75
    979.88      -67.00
    985.82      -51.00
    949.60      -63.00
   1001.81      -38.50
    953.80      -55.25
    955.49      -67.00
    960.37      -54.75
    964.52      -38.00
    966.67      -51.25
    981.16      -56.75
    969.06      -78.50
    966.60      -70.25
    965.50      -50.00
    991.12      -46.50
    986.23      -54.25
    951.32      -54.75
    977.64      -59.75
    945.93      -57.50
    969.40      -54.50
    962.36      -73.00
    945.15      -67.25
    977.73      -51.75
    986.82      -39.00
    958.14      -62.50
    975.60      -54.00
    965.51      -56.25
    972.33      -77.00
    946.23      -63.50
    959.79      -58.75
    971.53      -45.75
    973.28      -46.75
    972.91      -57.00
    975.06      -43.75
    992.97      -45.50
    953.22      -52.50
   1006.93      -31.50
    944.09      -51.75
    963.34      -49.75
    943.94      -67.25
   1016.07      -27.00
    958.26      -57.25
    970.19      -68.00
    951.15      -53.50
    991.91      -39.50
    976.79      -66.00
    955.12      -55.50
    988.74      -78.25
    951.32      -56.25
    948.70      -64.50
   1008.01      -38.00
    959.97      -53.00
    954.74      -50.50
    966.01      -57.75
    969.16      -41.00
    944.52      -55.50
    967.48      -50.25
    952.95      -53.50
    939.97      -60.50
    958.31      -54.00
    953.89      -59.25
    985.94      -79.50
    952.12      -58.00
   1004.28      -34.75
    984.70      -49.75
    981.24      -54.75
    961.90      -62.50
    984.35      -81.50
    997.85      -31.00
   1011.27      -37.25
    943.91      -54.00
    961.08      -48.25
    960.68      -62.25
    961.91      -61.75
   1007.76      -32.00
    983.65      -40.00
    970.15      -45.25
    947.90      -51.50
    956.77      -56.75
    936.96      -60.00
   1010.39      -33.00
    976.50      -41.50
    983.21      -46.75
    964.23      -56.00
    967.75      -56.75
    958.07      -58.00
    990.32      -60.25
    968.57      -50.50
    965.33      -54.50
    951.85      -61.75
    990.75      -57.50
   1002.98      -40.50
    957.60      -68.75
    980.20      -46.50
    982.90      -39.00
    994.88      -39.50
    954.06      -52.00
    972.88      -50.50
    965.16      -70.50
    954.22      -65.00
    971.04      -58.75
    960.13      -60.50
    935.10      -62.50
    986.52      -58.00
    957.31      -47.50
   1004.17      -38.75
    954.04      -47.50
    972.67      -55.25
    968.12      -44.25
    960.87      -60.25
    977.01      -55.00
    972.49      -48.75
    994.77      -47.50
   1001.93      -35.25
    982.91      -54.25
    949.74      -55.50
    961.67      -61.50
    947.18      -57.25
    967.62      -53.00
    979.85      -66.00
    999.82      -33.25
    965.23      -51.25
    946.77      -70.75
    990.30      -47.50
    947.13      -54.75
    943.43      -56.25
   1006.10      -34.00
    980.11      -60.25
    938.83      -71.00
    953.68      -63.75
    955.10      -68.50
    997.72      -57.75
    978.31      -52.75
    979.56      -60.50
    986.30      -61.50
    988.96      -48.25
    969.99      -79.50
    936.45      -52.00
    983.17      -49.75
    959.85      -64.25
   1012.24      -35.25
    960.22      -47.25
    984.24      -70.25
    980.02      -46.50
    948.78      -60.00
    968.69      -62.25
    977.40      -43.50
    950.12      -62.00
    975.04      -62.25
    941.88      -56.25
    953.27      -70.00
   1006.62      -35.25
   1015.62      -32.00
    961.18      -50.75
    970.28      -54.00
    997.36      -53.75
    940.36      -79.00
   1004.17      -47.50
    966.45      -66.00
    956.25      -72.25
    939.02      -64.25
    953.97      -66.00
    931.12      -55.25
    980.63      -45.25
    970.49      -49.00
    949.39      -57.50
    918.21      -59.75
    991.81      -46.50
    953.20      -52.00
    961.46      -55.00
    948.52      -64.50
    964.09      -54.75
    955.13      -52.25
    975.58      -58.75
    931.51      -58.75
    967.21      -47.00
    978.77      -54.50
    964.29      -80.25
    991.70      -36.75
    950.92      -53.75
   1003.07      -40.50
    943.18      -68.00
    963.37      -58.75
    947.23      -63.00
    961.66      -64.50
    994.65      -36.25
    951.04      -63.50
    924.65      -62.25
    962.58      -56.50
    951.71      -65.50
    962.73      -71.75
    968.49      -50.50
    968.52      -48.50
    982.69      -53.25
    981.88      -51.75
    988.53      -42.75
    945.28      -56.50
    971.77      -79.25
    965.72      -71.50
    963.37      -56.25
    926.87      -62.00
   1010.43      -32.50
    958.03      -56.25
    955.55      -58.00
    960.24      -59.50
    959.82      -56.25
    950.26      -71.50
   1009.73      -27.25
    941.73      -62.50
    963.27      -65.25
    997.84      -32.00
    999.13      -43.25
    958.82      -70.25
    965.57      -64.75
    948.12      -46.75
    957.80      -72.50
    958.88      -51.25
    941.99      -69.25
    990.84      -41.50
    983.76      -80.50
    948.09      -58.50
    950.90      -72.00
    972.88      -57.25
    942.90      -60.75
    980.53      -43.00
    997.66      -37.00
    986.18      -49.50
    961.03      -43.50
    997.42      -65.25
    970.14      -67.75
    969.49      -58.00
    975.60      -64.50
    971.49      -55.50
    984.41      -46.25
    931.28      -60.25
    969.15      -41.50
    965.42      -62.00
    950.93      -76.00
    939.51      -68.50
    951.22      -55.75
    971.05      -75.00
    974.73      -49.75
    964.64      -48.50
    956.73      -74.50
    947.98      -52.00
   1001.83      -30.75
    946.09      -69.00
    968.80      -58.50
    983.95      -45.75
    965.88      -57.50
    951.05      -61.50
    976.29      -64.00
    994.29      -78.75
    983.75      -47.75
    948.03      -65.50
    988.06      -44.75
    964.75      -53.75
    993.82      -35.75
    952.85      -60.25
   1015.79      -55.25
    973.71      -72.25
    974.55      -56.00
    969.98      -66.00
    994.16      -32.25
    924.38      -74.00
    942.51      -58.50
    937.33      -62.25
    938.38      -64.00
    968.17      -62.75
    958.41      -58.50
    973.79      -81.75
    997.36      -37.25
    936.31      -72.50
    962.58      -48.25
    949.14      -65.00
    943.26      -70.75
    998.61      -46.00
    991.12      -39.00
    953.32      -60.25
   1003.04      -42.00
    948.11      -63.25
    943.45      -61.75
    985.58      -37.00
    970.02      -61.25
    949.38      -52.50
    964.79      -60.00
    951.95      -79.50
    974.60      -81.25
    976.56      -37.00
    948.59      -65.00
    944.81      -64.25
   1003.49      -33.25
    998.59      -39.50
    993.63      -35.00
    937.22      -70.75
    936.58      -59.00
    964.19      -55.25
    999.09      -42.25
    977.84      -35.75
    959.11      -60.00
    991.11      -57.00
    957.62      -59.25
   1011.30      -35.25
    966.95      -68.75
    962.52      -55.75
    961.05      -43.25
    956.15      -63.50
    957.31      -60.25
    961.96      -59.75
    957.33      -45.75
    945.64      -54.25
    969.14      -50.50
    989.50      -57.75
    959.19      -65.50
    957.09      -57.00
    941.84      -66.50
    993.39      -40.25
    980.13      -48.00
    967.76      -48.50
    933.91      -65.75
    935.31      -73.75
    974.25      -49.50
    956.16      -62.00
   1007.99      -38.00
    981.79      -43.00
    943.05      -73.00
    955.45      -51.50
    965.41      -52.25
    950.44      -65.25
    939.67      -61.50
    987.58      -37.50
    947.68      -61.50
    963.12      -52.25
    942.60      -70.25
    948.11      -66.25
    995.75      -29.75
    954.46      -70.50
    973.94      -70.25
    935.58      -72.75
    963.31      -55.50
    946.81      -64.75
    957.61      -68.25
   1005.56      -40.00
    931.36      -63.00
    945.56      -65.00
    952.72      -58.50
    948.28      -54.25
    971.87      -59.00
    930.97      -72.50
    977.79      -53.75
    925.43      -68.25
    970.53      -44.00
    933.01      -61.00
   1000.81      -36.50
    948.41      -63.75
    981.81      -45.75
    982.67      -80.25
    965.20      -50.00
    942.21      -60.00
    956.52      -61.50
   1000.37      -37.75
    977.31      -61.00
    960.03      -52.25
    980.29      -80.00
    979.83      -41.00
    981.00      -47.75
    988.27      -40.75
    930.77      -63.50
    967.09      -61.25
    970.62      -55.00
    989.79      -34.00
    966.72      -54.50
    952.84      -53.25
    992.84      -48.25
    962.80      -68.00
    958.32      -56.75
    970.35      -55.50
    948.81      -63.00
    976.30      -69.50
    953.16      -59.00
    977.54      -56.50
    951.02      -65.50
    957.15      -64.50
    948.94      -65.25
    940.86      -53.25
    965.20      -73.25
    985.41      -45.50
    932.44      -58.00
    936.49      -64.25
    937.78      -66.75
    969.33      -63.25
    970.65      -60.25
    957.21      -64.75
    947.20      -69.50
    973.44      -69.25
    983.72      -50.00
    954.58      -63.00
    972.08      -57.75
    995.44      -38.25
    944.33      -61.50
    985.50      -45.00
    947.59      -72.50
    962.72      -63.50
    952.27      -55.50
   1004.12      -37.75
    965.24      -55.75
    941.10      -58.25
    966.83      -54.75
    949.79      -61.00
    964.28      -49.00
    945.54      -51.50
    951.96      -58.50
    987.68      -48.50
    991.95      -43.50
    966.13      -54.50
   1008.16      -27.75
    984.98      -77.25
    934.05      -57.25
    975.85      -55.00
    961.72      -50.00
    973.05      -58.75
    968.39      -49.50
    978.06      -64.75
    951.00      -56.00
    961.83      -71.75
    967.21      -57.00
    953.88      -50.75
    989.99      -46.75
    971.41      -49.75
    993.21      -82.00
    962.42      -66.00
    977.77      -54.25
    952.97      -64.50
    986.95      -40.25
    974.27      -77.25
   1018.58      -35.00
    949.68      -61.75
    960.10      -71.25
    943.75      -55.75
    952.13      -67.00
   1000.27      -26.75
   1003.73      -37.50
   1007.01      -38.25
    944.74      -60.25
    975.36      -44.75
    983.91      -48.00
    977.96      -53.25
    959.20      -62.50
    957.43      -70.00
    936.55      -65.50
    964.98      -54.50
    972.47      -79.75
    958.55      -70.50
    952.63      -66.25
   1002.63      -40.75
    984.85      -53.50
    986.38      -52.25
    946.94      -60.00
    957.26      -47.75
    963.10      -63.75
    947.35      -72.75
    965.87      -55.75
    993.46      -43.00
    946.45      -52.50
    960.38      -58.25
    993.34      -37.75
   1022.21      -27.00
    939.64      -57.75
    953.36      -58.25
    966.06      -51.25
    960.31      -65.75
    957.99      -42.50
    972.28      -54.00
    981.90      -66.50
    972.18      -58.50
    965.02      -63.00
    972.49      -43.25
    954.61      -58.25
    963.68      -52.75
   1016.75      -31.75
    971.44      -70.00
    995.30      -72.00
    955.74      -57.75
    966.43      -69.25
   1003.69      -54.00
    948.27      -58.75
    968.58      -64.25
    980.20      -46.00
   1007.41      -34.50
    952.79      -60.75
    996.14      -43.25
    970.42      -55.00
    976.10      -65.25
    983.73      -72.25
    978.97      -49.00
    948.35      -58.50
    965.56      -60.25
    974.35      -50.25
    950.68      -60.75
   1004.27      -45.50
    971.73      -67.50
    951.24      -73.50
    977.35      -59.00
    970.79      -58.25
    962.50      -52.25
    936.53      -64.75
   1002.99      -35.75
    933.16      -74.25
   1001.56      -44.25
    951.56      -63.00
    976.28      -44.75
    950.32      -64.25
    986.73      -48.00
    943.95      -54.25
    969.71      -76.50
    947.67      -60.00
    956.76      -72.00
    944.96      -62.50
   1018.91      -27.75
    950.73      -58.25
    953.88      -66.75
   1001.90      -41.25
    995.88      -51.00
    979.52      -45.00
    963.98      -47.75
   1013.13      -26.00
    932.32      -61.00
    948.44      -70.75
   1022.17      -30.00
    929.87      -62.25
    959.61      -48.75
    958.34      -57.75
    954.60      -72.25
    995.01      -37.00
    957.79      -60.25
    965.82      -64.75
    978.70      -50.50
    938.77      -58.25
    991.81      -39.50
    964.23      -62.25
    963.44      -65.75
    962.74      -62.00
    961.39      -60.25
    984.13      -55.75
    955.92      -61.00
    962.82      -68.25
   1014.88      -30.00
    979.88      -46.75
    952.87      -56.00
    955.36      -68.50
   1000.41      -47.25
    957.87      -57.75
    944.48      -61.75
    994.03      -34.50
    945.41      -56.25
    945.85      -61.25
    989.43      -40.00
    949.69      -72.00
    946.50      -73.00
    949.78      -61.50
    993.18      -36.75
    970.94      -40.00
    969.58      -56.00
    947.95      -62.50
    944.67      -62.75
    979.79      -53.50
    940.62      -57.00
    968.36      -64.00
    942.65      -57.00
    970.38      -49.50
    934.20      -63.50
    949.62      -57.50
    987.93      -38.25
   1001.38      -36.25
    945.48      -60.75
   1000.65      -35.50
    938.03      -61.25
    953.02      -76.00
   1001.53      -37.50
    994.09      -45.00
    948.02      -62.75
   1008.12      -30.00
    953.13      -60.50
    989.41      -50.00
    942.97      -75.00
    942.70      -57.75
    971.01      -49.75
    943.16      -64.00
    971.94      -45.75
   1018.67      -38.75
    936.39      -73.25
    940.29      -60.25
    950.99      -57.00
    971.36      -50.50
   1006.93      -29.75
   1016.56      -33.00
    948.98      -64.50
   1000.81      -47.00
    917.14      -69.75
    946.19      -62.50
    963.04      -46.50
    975.53      -46.25
    935.78      -67.75
    965.57      -63.00
    943.57      -64.50
    983.64      -78.50
    972.10      -66.00
    954.44      -59.00
    991.46      -31.75
    961.47      -64.00
    990.58      -39.75
    945.48      -65.75
    985.31      -80.25
    967.21      -62.00
    977.52      -50.75
    954.06      -58.75
    953.94      -59.00
    946.17      -69.50
    985.60      -45.50
    998.57      -41.50
    954.87      -64.50
    991.19      -48.50
    959.89      -61.75
    951.62      -61.75
   1020.91      -28.50
    939.98      -55.50
   1005.48      -46.25
    937.42      -72.50
    955.74      -61.75
    972.74      -49.00
    932.16      -70.00
    995.04      -32.50
   1006.43      -39.50
   1004.57      -31.75
    978.79      -41.25
    975.92      -48.50
    928.11      -70.25
    940.33      -60.75
    949.27      -70.00
    991.12      -51.25
    994.42      -42.75
    964.80      -82.25
    987.68      -46.50
    995.38      -33.25
    937.35      -61.00
    947.05      -65.50
    949.79      -71.00
    944.60      -61.75
    931.72      -61.00
   1000.32      -32.00
    994.21      -42.00
    956.78      -59.50
    963.59      -60.00
    965.03      -74.50
    951.20      -60.25
    985.89      -54.00
    942.22      -64.25
    993.37      -49.75
    968.05      -67.25
    998.74      -44.00
    958.44      -61.75
    959.82      -63.50
    995.93      -42.50
    954.80      -64.00
    951.76      -69.50
    948.08      -63.00
    972.18      -53.25
    988.65      -50.25
    939.46      -65.00
    973.65      -73.00
   1004.86      -42.50
    936.89      -71.50
   1004.91      -30.75
   1001.60      -43.75
    966.65      -65.00
    977.62      -56.50
    948.04      -62.00
    937.47      -64.25
    944.29      -56.50
    936.04      -63.25
    958.05      -53.25
    983.08      -57.25
    950.20      -57.75
    990.67      -50.50
    937.22      -62.25
    940.04      -56.25
    937.76      -59.25
    952.94      -61.50
    959.87      -73.75
    956.19      -64.75
    953.26      -53.75
    974.59      -46.00
    957.03      -63.50
    940.59      -56.75
    972.06      -43.50
    952.32      -69.50
    963.44      -60.50
    978.64      -59.75
    941.57      -65.75
    962.01      -44.25
    939.16      -60.75
    983.97      -41.50
    945.79      -69.75
    982.99      -61.50
    928.41      -68.00
    977.45      -80.25
    997.87      -44.25
    960.24      -60.50
    950.12      -62.75
    951.56      -62.75
    943.03      -63.75
    955.40      -52.25
    981.93      -67.50
    987.63      -53.75
    973.93      -67.25
    991.08      -42.50
    976.21      -50.50
    939.91      -61.75
    958.76      -63.75
    952.05      -70.50
    955.50      -64.25
    955.83      -62.75
    946.18      -61.50
    938.67      -60.25
    985.52      -48.00
    953.31      -58.25
    963.25      -65.00
    965.83      -55.25
    926.65      -67.25
    946.15      -60.50
    951.48      -57.25
    958.99      -61.25
    985.09      -47.25
    947.14      -58.50
    958.22      -74.50
   1019.02      -23.25
    947.01      -67.75
    941.43      -58.75
    969.48      -48.75
   1005.64      -41.75
    971.36      -79.50
    951.97      -60.25
    979.61      -49.25
   1006.99      -46.25
    986.12      -57.25
    932.35      -65.50
    998.03      -40.25
    947.17      -64.25
    998.07      -44.75
    950.73      -75.50
    988.98      -48.25
    949.40      -68.50
    942.48      -64.75
   1004.60      -45.25
    952.75      -58.25
    949.36      -60.00
    958.02      -64.00
    988.76      -49.25
    936.55      -57.00
    944.31      -60.25
    960.50      -73.75
    944.02      -61.00
    977.16      -55.25
    959.08      -64.00
    946.63      -62.25
    983.27      -43.50
    955.85      -62.75
    941.03      -61.75
    933.09      -70.00
    971.20      -66.00
    956.72      -56.75
   1005.40      -41.25
    971.45      -58.75
    954.06      -61.00
    962.56      -54.50
    943.07      -63.25
    939.44      -67.25
    958.73      -59.75
    933.47      -60.00
    997.37      -41.50
    981.42      -47.50
    943.80      -58.00
    967.68      -40.75
    976.88      -47.50
    985.03      -64.75
    972.56      -41.50
    963.27      -76.25
    977.47      -55.25
    933.14      -62.50
    958.70      -68.00
    951.42      -66.25
    962.97      -54.50
    967.61      -50.00
    940.09      -66.00
    997.97      -36.50
    993.64      -43.75
    977.29      -47.75
    938.98      -58.50
    977.79      -48.50
    937.05      -61.00
    926.77      -69.00
    964.48      -71.25
   1019.37      -34.25
    971.75      -50.25
    938.20      -60.00
    982.09      -43.75
    954.41      -65.50
    955.01      -57.00
    983.20      -51.25
    943.35      -62.75
    976.32      -55.00
    990.03      -44.00
    960.46      -62.25
    991.75      -46.00
    975.89      -41.50
    964.97      -43.50
    919.03      -64.00
    940.14      -64.75
    974.05      -49.50
    950.56      -59.75
    966.08      -80.00
   1009.80      -27.00
    937.22      -57.50
    952.34      -70.50
    988.83      -38.50
    950.44      -59.00
   1024.51      -26.25
    937.17      -67.50
    941.28      -72.25
    958.85      -68.25
    991.31      -45.50
    942.14      -62.25
   1011.79      -33.00
    939.29      -63.00
    995.50      -50.00
    933.01      -58.25
    974.75      -52.50
   1006.38      -36.25
    966.94      -61.75
    970.92      -64.50
    944.19      -61.25
    949.05      -64.75
    942.34      -65.25
    962.08      -56.75
    951.72      -64.25
    940.22      -62.50
   1006.52      -32.00
    966.69      -66.75
    960.35      -56.75
    970.17      -80.50
    969.10      -48.75
    930.40      -62.75
    958.43      -56.50
    959.24      -66.75
    960.44      -62.00
   1002.92      -45.50
   1001.08      -45.00
    952.45      -50.00
    938.48      -63.00
    952.80      -59.50
    948.81      -60.00
    955.11      -64.00
    933.67      -59.75
    970.68      -63.75
    984.82      -41.00
    943.18      -61.75
    965.04      -57.50
    957.59      -61.00
    955.40      -58.25
    985.40      -53.25
    960.88      -56.75
    937.38      -71.75
    946.84      -65.50
   1009.51      -27.75
    973.06      -79.50
    926.93      -66.25
    958.22      -63.50
    991.36      -46.75
    941.89      -58.50
    945.63      -63.50
    964.25      -62.00
   1004.29      -31.25
    943.87      -60.00
    972.57      -58.25
    962.84      -59.75
    945.51      -61.25
    957.43      -60.75
    939.48      -52.50
    983.29      -58.25
    959.97      -63.25
    938.59      -64.00
    947.74      -55.00
    950.55      -49.75
    944.50      -62.50
    966.37      -69.25
    948.79      -62.75
    941.07      -59.00
    973.58      -48.50
    962.46      -59.50
    977.26      -51.00
   1004.62      -33.50
    962.48      -65.00
    957.87      -62.75
    977.57      -50.00
    962.84      -53.25
    976.75      -50.25
    967.75      -55.75
    984.05      -79.50
    996.99      -43.50
    990.81      -32.00
    978.58      -45.00
    947.79      -56.25
    972.15      -66.75
    956.10      -63.50
    983.34      -42.50
    964.28      -46.00
    953.42      -64.25
    986.59      -37.75
    994.79      -33.75
    956.66      -51.75
    942.17      -51.50
    952.07      -69.25
    947.03      -54.25
    969.57      -49.00
    953.25      -55.75
    967.72      -68.00
   1003.08      -77.75
    977.68      -56.75
    953.14      -56.00
    997.49      -36.50
    979.33      -60.50
    953.22      -66.75
    996.72      -33.25
    991.36      -74.75
    996.32      -77.50
    966.80      -59.75
    984.02      -47.00
    986.32      -63.50
    954.65      -61.50
    994.39      -50.75
    950.61      -45.75
    954.28      -60.00
    968.06      -68.00
    996.54      -44.75
    958.39      -57.00
    979.87      -43.00
    981.20      -65.75
    953.49      -70.50
    936.56      -63.25
    965.63      -44.50
    994.44      -31.75
    954.39      -65.00
    949.40      -60.25
    958.10      -60.25
    958.98      -66.75
    965.13      -53.25
    961.99      -59.50
    992.68      -39.75
    968.27      -52.50
    976.08      -57.00
    942.89      -62.50
    946.23      -59.25
    947.10      -65.00
    940.82      -58.75
    958.77      -63.75
    957.73      -61.00
    952.65      -59.75
    982.36      -45.75
    989.08      -44.25
    948.93      -63.50
    943.28      -63.00
    944.96      -63.75
    968.13      -78.75
    982.74      -44.50
    951.75      -68.25
    940.28      -55.50
    989.69      -39.25
    956.92      -72.25
   1007.75      -37.00
    961.89      -54.75
    947.69      -66.00
    943.30      -69.25
    953.53      -63.75
    956.97      -57.00
    954.52      -47.00
    935.13      -64.25
    933.34      -61.75
    985.41      -79.00
    966.92      -68.00
    981.25      -44.00
    968.37      -50.00
    999.38      -43.00
    938.73      -59.75
    998.95      -34.50
   1005.49      -49.75
    959.29      -57.00
    943.71      -59.00
   1006.46      -38.25
    965.95      -68.75
    950.14      -76.75
    955.39      -62.00
    961.13      -61.75
    985.54      -38.50
    946.15      -53.00
    979.72      -51.25
    971.99      -81.50
    993.01      -55.75
   1020.98      -29.25
    980.94      -57.50
    937.46      -64.00
    968.59      -43.50
    990.53      -44.25
   1013.47      -33.00
    953.30      -71.50
    955.66      -63.75
    962.03      -66.25
    958.84      -59.50
    935.92      -68.25
    952.21      -62.50
    952.34      -68.00
    943.17      -76.75
    961.01      -54.00
    949.00      -56.50
    964.68      -72.50
    990.93      -40.75
    951.03      -66.00
    960.96      -65.00
    952.22      -55.25
    959.14      -59.25
    980.25      -65.25
    959.22      -66.75
    938.09      -70.25
    986.60      -40.50
    947.49      -61.00
    977.99      -50.00
   1002.75      -44.50
    959.87      -64.50
    941.26      -66.00
    971.31      -45.00
    955.26      -61.75
    969.70      -60.25
    934.46      -56.25
    967.74      -57.00
    975.48      -73.75
    971.79      -50.00
    970.49      -67.50
    960.17      -52.75
    999.62      -51.75
    950.86      -65.25
    928.43      -66.25
    952.00      -66.75
    931.30      -70.75
    948.71      -58.50
    991.09      -48.00
    951.47      -79.75
    974.33      -46.75
    981.95      -57.25
    982.52      -55.25
    980.55      -52.00
    944.34      -62.25
    947.22      -58.75
    946.56      -75.25
    986.42      -38.00
    981.80      -63.75
    940.59      -63.00
    932.99      -67.75
    971.36      -55.25
    955.88      -55.00
    977.07      -51.50
    940.97      -64.00
    949.46      -66.25
    976.00      -51.25
    989.75      -42.00
    951.81      -66.50
    931.19      -57.25
    940.23      -61.25
    948.34      -62.50
    977.26      -64.25
    948.04      -57.75
    991.40      -43.00
    959.23      -61.25
    965.74      -61.25
    939.08      -61.00
    951.26      -71.00
    956.04      -56.75
    936.40      -65.75
    962.34      -78.75
   1011.08      -34.50
   1003.66      -46.00
    979.99      -45.75
    950.55      -71.75
    979.69      -69.75
   1007.07      -35.25
    956.38      -60.00
    943.91      -64.25
    972.94      -70.00
    976.02      -66.00
    958.32      -49.00
    972.41      -41.50
    964.36      -42.75
    961.32      -60.75
    953.37      -69.00
    960.20      -63.00
    973.21      -39.00
    940.92      -64.75
    975.94      -58.25
   1013.54      -26.50
    946.68      -63.75
    968.59      -56.00
   1012.86      -26.25
    978.72      -69.50
    951.28      -62.25
    954.99      -69.50
    946.76      -62.00
    972.95      -63.75
    943.37      -68.50
    946.98      -61.00
    996.04      -45.00
    973.83      -61.00
    982.44      -45.00
    982.29      -48.00
    961.09      -64.75
    962.26      -60.50
    978.17      -53.75
    966.79      -72.00
   1004.58      -35.00
    956.71      -67.50
    944.29      -69.00
    980.50      -58.75
    944.97      -63.25
    958.42      -53.50
   1000.10      -43.25
    929.26      -60.00
    957.44      -57.50
    968.88      -54.50
    955.92      -62.00
    935.64      -72.25
    946.40      -60.50
    990.70      -43.25
    953.82      -56.25
    984.05      -37.25
    955.24      -70.00
    990.57      -31.25
    957.06      -55.25
    952.45      -58.75
    995.86      -59.50
    988.12      -73.75
    951.26      -58.75
    977.47      -69.00
    973.30      -67.50
    973.29      -75.75
    981.99      -52.75
    972.00      -53.75
    947.88      -55.75
    932.76      -65.75
    982.78      -40.25
    971.07      -48.75
    998.80      -43.50
    970.53      -62.75
    967.56      -70.00
    971.48      -71.00
    993.83      -37.75
    967.39      -51.00
    967.80      -47.25
    981.88      -42.50
    983.41      -43.50
    935.92      -69.25
    959.17      -67.25
    941.71      -69.25
   1008.08      -36.25
    947.65      -61.25
    949.15      -73.25
    940.36      -55.00
    975.83      -80.50
    961.82      -50.25
    983.60      -57.75
   1003.80      -38.00
    968.26      -62.25
    934.21      -68.25
   1005.20      -31.75
    960.84      -72.00
    979.99      -40.00
    982.52      -41.75
    958.71      -66.75
    966.83      -59.00
    995.05      -43.25
    947.95      -57.25
    938.39      -72.25
    969.26      -61.50
    960.92      -68.25
    949.57      -54.25
    952.25      -50.75
    964.58      -55.50
    964.92      -52.50
    992.38      -38.75
    965.91      -65.00
    936.45      -63.75
    948.08      -70.50
    967.10      -52.75
    949.95      -80.25
   1002.96      -57.75
    941.07      -57.25
    998.17      -32.50
    934.08      -69.75
    976.23      -43.00
    945.10      -61.00
   1007.21      -46.50
    937.18      -66.50
    962.67      -73.75
    978.18      -51.75
    989.40      -42.75
    949.06      -64.50
    982.77      -45.75
    954.89      -71.00
    935.97      -67.25
    975.95      -46.25
    939.24      -61.25
    948.78      -56.50
    964.16      -60.50
    958.98      -55.50
    961.41      -63.00
   1001.73      -40.00
    968.93      -55.25
    954.73      -65.00
    957.77      -64.50
    948.56      -63.75
    981.92      -63.25
    995.79      -48.75
    984.41      -79.50
    966.93      -56.25
    996.60      -38.50
    969.25      -64.25
    926.24      -62.25
   1000.64      -42.50
    964.27      -64.25
   1015.05      -27.25
    959.53      -59.00
    971.41      -76.25
    955.69      -71.25
    978.19      -57.50
    957.61      -60.25
    965.66      -59.75
    946.42      -63.75
   1014.91      -31.25
    963.76      -53.25
   1013.49      -36.75
    968.31      -48.00
    957.66      -52.25
    949.95      -57.75
    947.17      -65.25
    974.94      -71.75
    963.29      -52.50
    954.13      -63.00
    951.07      -58.75
    959.18      -51.75
    961.11      -46.75
    968.98      -59.25
    968.44      -56.75
    996.69      -48.25
   1002.13      -32.25
    952.31      -53.25
    981.14      -48.25
    972.24      -77.75
    944.30      -67.75
    949.29      -53.50
    986.69      -34.25
    974.61      -46.25
    942.00      -62.00
    989.53      -55.25
    955.28      -61.75
    980.25      -60.00
    936.14      -57.75
    986.44      -50.75
    932.04      -65.75
    954.82      -64.75
    969.91      -50.75
    973.03      -53.00
    972.22      -48.25
    954.42      -72.25
    955.93      -55.00
    966.24      -63.50
    932.15      -61.50
    940.87      -63.50
    954.10      -60.25
    961.53      -50.75
   1004.59      -54.25
    939.61      -52.25
    940.42      -74.25
   1015.44      -28.00
    992.25      -52.75
    965.57      -68.75
    989.66      -38.25
    983.98      -45.50
    934.33      -64.25
    953.92      -53.00
    950.13      -63.00
    939.69      -60.00
    935.75      -57.75
    946.52      -61.00
    975.07      -80.75
    997.73      -43.50
    974.24      -66.50
    957.74      -60.00
    942.31      -66.50
    956.29      -59.50
    977.93      -62.50
    935.94      -59.75
    988.61      -40.25
    963.59      -66.00
    960.98      -59.25
    972.76      -54.25
    962.56      -47.00
    959.03      -71.00
    972.10      -65.00
    977.64      -81.25
    973.25      -49.25
    980.41      -43.00
    968.81      -71.25
    967.88      -44.25
    958.32      -54.00
    964.46      -64.50
   1004.08      -38.75
    975.10      -49.00
    977.51      -81.75
    992.49      -45.75
    968.49      -74.50
    973.34      -63.00
    970.57      -62.00
   1003.85      -39.00
    953.82      -55.25
    979.60      -48.75
    938.14      -66.25
    997.50      -40.00
    983.92      -43.25
    981.65      -41.25
    963.99      -42.75
    974.54      -45.75
    950.70      -59.25
    959.70      -60.50
    972.87      -58.75
   1010.52      -37.25
    967.62      -46.50
    973.62      -52.25
    974.81      -52.25
    934.63      -68.50
    965.51      -70.75
    996.28      -34.25
    987.80      -54.50
    993.09      -48.00
    964.23      -69.50
    964.04      -65.75
    961.74      -58.50
    959.41      -63.00
    961.15      -64.75
    960.96      -52.25
    963.48      -65.00
    984.51      -67.50
    971.46      -45.50
    938.14      -65.50
    950.46      -60.25
    981.74      -68.25
    984.67      -39.75
    966.80      -55.25
    948.95      -68.25
    994.05      -39.75
    983.31      -48.00
    951.41      -53.25
    947.74      -70.50
    977.15      -81.50
    976.38      -49.25
    958.58      -58.25
    941.34      -69.25
    941.48      -57.50
    956.50      -62.25
    957.16      -51.00
    972.55      -57.00
    965.63      -63.25
    972.09      -54.25
   1010.34      -37.25
    957.99      -63.75
    948.21      -65.00
    973.95      -68.25
   1010.98      -28.00
    967.36      -56.50
    951.77      -50.50
    971.39      -62.00
    956.72      -58.25
    954.58      -57.75
    941.72      -75.75
    972.24      -36.50
    956.22      -53.00
   1012.92      -42.50
    963.46      -50.75
    953.84      -63.50
    960.64      -61.75
    975.24      -81.25
    965.23      -52.75
    959.22      -73.25
    956.71      -64.75
    950.39      -66.00
    975.13      -47.50
    958.87      -46.75
    942.46      -57.00
    956.05      -55.75
    976.57      -42.75
    961.88      -63.25
    982.21      -40.75
    962.95      -71.25
    977.33      -46.25
    946.62      -60.75
    949.82      -70.50
    977.50      -65.00
    947.55      -53.00
    985.24      -51.50
    935.27      -67.00
    957.01      -55.75
    975.16      -79.00
    962.65      -52.25
    945.70      -63.00
    986.15      -61.25
    949.73      -57.25
    926.17      -59.75
   1008.37      -28.50
    954.19      -51.50
   1002.61      -38.50
    956.39      -59.75
    983.01      -71.50
    990.99      -40.00
    982.24      -37.50
    962.53      -65.00
    945.34      -64.75
    971.83      -61.25
    984.61      -52.25
    934.22      -57.75
    991.31      -65.50
    999.24      -31.75
    943.80      -66.75
    945.22      -50.75
    992.76      -60.75
    987.83      -63.75
    958.15      -55.75
    996.92      -68.50
    974.25      -63.25
    941.11      -70.25
    998.86      -37.50
    952.53      -47.00
    966.35      -62.75
    951.11      -68.00
    974.71      -79.25
    977.44      -60.75
    954.19      -53.00
    994.10      -33.25
    974.06      -63.50
    967.80      -52.75
    950.55      -70.50
    970.22      -54.75
    952.28      -59.75
    992.13      -36.75
   1016.08      -38.25
    940.19      -60.00
    970.17      -51.50
    925.45      -56.75
    944.70      -65.00
    966.61      -56.75
   1003.11      -35.25
    981.64      -81.50
    963.26      -70.50
    952.47      -63.25
    971.49      -59.25
   1021.52      -32.75
    950.97      -57.25
    944.77      -55.00
    930.89      -66.50
    973.51      -44.00
    951.78      -72.00
    941.97      -63.00
    970.18      -46.00
    965.22      -60.00
    946.40      -56.00
    989.51      -39.75
    928.23      -63.75
    982.76      -51.75
    994.18      -42.25
    987.69      -46.25
    983.89      -43.75
    951.92      -48.75
    985.92      -38.75
    969.39      -68.75
    950.98      -70.25
    972.78      -59.25
    947.97      -62.75
    998.25      -36.00
    969.57      -83.25
    949.40      -56.75
    923.95      -64.75
    941.55      -62.50
    981.25      -57.75
    966.52      -66.25
    928.48      -70.75
    937.99      -76.25
    947.33      -61.00
    944.47      -62.25
    943.78      -66.25
    991.00      -53.00
    992.73      -51.25
    947.24      -62.75
   1001.47      -45.25
    983.94      -51.75
    966.88      -65.50
    970.57      -42.50
    956.23      -52.00
    955.52      -59.75
    950.28      -56.25
    983.48      -46.25
    946.63      -70.50
    970.01      -46.50
   1007.53      -34.25
    977.57      -51.75
    964.19      -52.25
    966.70      -48.25
    924.78      -64.75
    938.01      -63.25
    945.22      -65.50
    972.44      -73.25
    959.02      -79.50
    989.17      -39.00
   1010.03      -35.50
    953.58      -65.50
    920.09      -73.00
    946.74      -66.50
    982.37      -66.50
    978.09      -42.25
    966.19      -70.75
    957.81      -63.75
    962.46      -59.25
    949.20      -60.50
    941.39      -57.25
    937.15      -68.00
    949.35      -57.00
   1003.37      -34.25
    992.21      -49.00
    956.04      -54.50
    945.20      -68.50
   1004.08      -35.00
    980.95      -51.50
    946.51      -58.50
    955.36      -63.25
    931.35      -60.50
    977.87      -39.50
    980.53      -61.50
    991.52      -44.00
    966.93      -47.50
    986.97      -75.25
   1012.38      -34.75
    991.97      -45.00
   1007.96      -34.25
    974.84      -50.25
    976.55      -49.75
    970.84      -64.25
    952.20      -49.00
    953.94      -57.75
    947.92      -56.25
    965.06      -64.25
    957.14      -64.00
    991.27      -54.75
    943.24      -59.50
    985.38      -46.50
    974.53      -66.50
    984.99      -42.50
    975.57      -42.50
    976.42      -68.25
    938.21      -51.50
    964.55      -56.50
    963.51      -53.25
    989.93      -75.50
    966.42      -55.25
    982.93      -49.50
    957.60      -61.25
    942.08      -65.25
   1013.58      -41.50
    964.70      -54.00
    947.55      -54.50
    994.66      -77.75
    958.79      -74.25
    976.22      -51.75
    970.12      -79.00
    939.77      -61.75
    964.94      -63.00
    956.58      -55.75
    954.92      -67.75
    938.82      -60.75
    976.55      -59.50
    998.89      -44.50
   1017.42      -27.50
   1000.77      -44.75
    957.85      -52.25
    941.49      -68.00
    969.50      -51.00
    973.64      -44.00
    958.61      -54.75
    950.50      -69.50
    930.00      -59.75
    943.65      -68.50
    982.19      -57.75
    968.19      -82.50
    956.45      -56.00
    940.20      -61.00
    953.57      -58.00
    981.73      -46.75
    949.75      -70.25
   1005.01      -32.50
    955.88      -58.25
    982.22      -45.00
    932.31      -58.00
    946.64      -68.25
    949.58      -56.75
    965.04      -50.50
    952.14      -72.00
    953.94      -61.00
    970.92      -45.25
    950.00      -59.00
    985.53      -61.00
    974.00      -53.75
    948.19      -74.00
    967.95      -73.00
    962.05      -63.00
    956.23      -62.00
    991.85      -37.00
    970.19      -63.00
    953.84      -57.25
    999.59      -32.25
    971.08      -47.00
    962.37      -55.00
    954.24      -52.25
    982.60      -53.00
    956.49      -58.75
    984.64      -43.00
    971.14      -52.50
    984.39      -48.25
    976.26      -47.75
    949.78      -56.25
    960.63      -58.50
    946.70      -71.75
    939.63      -60.75
    955.44      -51.75
    942.95      -66.25
    946.59      -50.00
   1004.13      -32.00
    941.35      -66.50
    977.35      -54.75
    946.84      -68.50
    950.95      -66.25
    947.03      -56.75
   1013.30      -43.25
    968.66      -67.00
    972.45      -42.25
    969.28      -44.50
   1013.65      -31.00
   1008.46      -36.75
    956.66      -66.50
    997.59      -46.75
    976.90      -49.00
    972.82      -62.50
    984.89      -44.75
    945.51      -62.00
   1005.22      -32.75
    990.59      -40.75
    940.92      -63.25
    954.38      -58.00
    999.87      -31.25
    977.51      -77.50
    938.87      -59.00
    981.55      -54.75
    975.10      -44.00
    954.13      -64.00
    964.45      -45.25
    933.09      -60.00
    947.14      -62.75
    974.73      -44.00
    934.75      -60.75
    947.93      -59.00
    935.86      -68.00
    973.39      -49.00
    981.51      -43.25
    968.45      -48.00
    965.20      -50.75
    946.17      -63.25
    949.28      -78.50
    955.97      -62.00
    981.86      -38.50
    973.85      -62.25
    972.64      -57.00
    973.09      -65.75
    951.89      -66.25
    950.67      -75.50
    938.60      -61.75
    944.92      -71.00
    962.57      -62.00
    971.41      -48.75
    938.70      -61.50
    956.22      -59.75
    967.52      -64.00
    952.55      -72.75
    983.02      -45.50
    956.76      -56.25
    981.28      -76.75
    949.75      -65.50
    963.15      -60.50
    959.92      -51.50
    961.20      -58.00
    987.91      -43.75
    954.57      -58.25
   1017.65      -26.75
    973.02      -83.00
    988.68      -43.75
    942.62      -60.75
    971.29      -50.25
    963.91      -53.75
    977.59      -52.50
    952.25      -67.50
    952.16      -73.00
    967.22      -73.75
    936.75      -61.75
    991.78      -37.50
    969.10      -48.75
    958.64      -73.75
    944.80      -63.25
    947.11      -63.25
    953.87      -59.75
    991.14      -58.25
    952.39      -63.25
    946.62      -65.75
   1020.71      -35.75
    945.47      -62.25
    943.46      -66.00
    937.45      -58.75
    959.87      -59.00
    966.77      -51.50
    952.40      -60.50
    977.01      -69.25
    984.75      -39.50
    957.97      -74.75
    953.53      -62.25
    988.51      -47.25
   1012.81      -30.50
    970.51      -52.00
    975.79      -59.75
    960.39      -62.75
    981.91      -43.25
   1011.43      -37.50
    938.17      -61.50
    971.62      -72.00
    954.09      -61.00
    997.77      -46.25
    972.44      -73.50
   1011.69      -30.25
    965.61      -64.50
    978.36      -40.00
    974.76      -60.75
    959.96      -64.75
    957.89      -74.25
   1014.53      -40.00
    963.85      -55.25
    968.36      -47.25
    985.86      -79.75
    980.13      -46.75
    959.25      -62.25
    962.22      -60.50
    966.10      -69.50
    936.65      -60.75
    944.84      -57.50
    958.36      -46.50
    981.09      -47.25
   1001.41      -37.00
   1001.53      -44.50
    957.09      -55.75
    982.74      -53.00
    989.90      -64.25
    933.98      -62.75
    950.78      -60.00
    977.79      -56.25
   1000.71      -47.75
    966.07      -58.50
    994.60      -41.75
    988.13      -69.00
    955.47      -47.75
    977.13      -74.50
    969.67      -63.25
   1001.05      -32.75
    958.03      -56.25
    959.66      -61.25
    960.41      -73.25
    978.25      -47.75
    982.26      -60.75
    977.62      -49.75
    981.35      -56.50
    980.91      -54.25
    954.01      -68.75
    997.53      -47.75
    951.14      -60.75
    943.21      -51.00
    998.87      -32.50
    948.88      -62.50
    969.81      -52.50
    955.62      -61.50
    983.22      -53.75
    951.42      -61.25
    973.03      -72.00
    991.74      -39.00
    956.95      -58.50
    958.45      -56.25
    953.46      -57.50
    992.21      -79.75
    952.49      -68.25
   1018.16      -30.75
    969.39      -58.25
    977.11      -49.75
    995.85      -43.00
   1015.93      -31.00
    972.63      -60.00
    977.59      -60.50
    943.29      -65.75
    975.95      -72.50
    981.77      -51.75
    983.40      -53.50
    997.45      -56.25
    971.22      -42.75
    955.47      -64.00
    998.38      -39.00
    978.75      -72.50
    968.35      -62.25
    975.19      -67.75
    977.35      -40.00
    972.54      -64.25
    973.09      -48.00
    990.27      -39.00
    958.37      -55.25
   1010.41      -44.50
    965.80      -62.00
    956.21      -56.75
    979.13      -69.25
    968.38      -58.00
    982.33      -56.25
    986.68      -39.00
    943.89      -70.50
    975.22      -57.25
    998.36      -36.75
    978.17      -66.75
    976.84      -58.25
    975.57      -51.00
    979.07      -42.25
    979.68      -44.00
    943.29      -65.75
    964.23      -81.00
    962.97      -59.75
    999.05      -36.50
    941.93      -62.50
    928.50      -68.75
    964.30      -50.00
    938.32      -59.25
    953.02      -54.50
    972.02      -52.50
   1014.16      -30.00
    951.96      -61.50
    950.05      -59.75
    946.63      -56.25
   1000.59      -38.00
    974.36      -49.50
    951.02      -63.75
    987.38      -46.25
    952.25      -59.00
    957.44      -54.75
    974.51      -81.75
    956.91      -62.75
    937.66      -60.75
    974.97      -63.25
    950.77      -66.00
    939.96      -63.75
    969.72      -50.75
   1007.45      -26.25
    962.62      -56.50
    985.03      -49.75
    958.70      -68.00
    997.84      -49.00
    947.79      -57.00
    966.06      -48.75
   1006.92      -36.25
   1016.79      -30.25
    985.45      -47.00
    923.32      -60.50
    964.48      -50.25
    960.89      -47.00
    941.86      -60.25
    962.05      -60.75
    958.50      -71.25
    981.71      -45.50
    982.38      -51.00
    940.81      -68.50
    954.00      -63.25
    961.13      -62.75
    945.71      -65.75
    956.66      -60.25
    946.65      -58.75
   1008.92      -40.25
    965.64      -67.00
    932.99      -68.25
    941.43      -61.50
    959.95      -66.50
    952.10      -55.75
    962.98      -47.75
    938.82      -72.25
    960.60      -67.25
    981.91      -46.25
    942.63      -71.50
    962.25      -64.25
   1001.66      -38.75
    983.74      -33.50
    997.46      -43.50
    941.26      -65.50
    955.03      -63.00
    922.90      -69.75
    942.37      -61.75
   1003.91      -41.75
    955.38      -51.25
   1003.51      -46.00
    968.29      -63.00
    986.78      -50.75
    947.25      -62.25
    947.40      -75.00
    940.06      -58.25
    978.68      -46.75
    948.39      -67.50
    968.43      -55.75
    945.13      -64.50
    943.18      -62.75
   1014.30      -28.50
    955.82      -56.75
    955.82      -64.25
    947.55      -68.25
    970.11      -79.75
    987.38      -41.25
    954.24      -63.50
   1005.91      -32.25
    950.28      -69.50
    963.16      -66.50
    993.59      -45.50
    972.02      -53.75
    935.63      -62.00
    999.65      -35.50
    994.52      -36.50
   1002.50      -46.50
    943.55      -68.00
    960.57      -51.00
   1009.38      -55.75
    957.88      -76.75
    989.02      -37.50
    965.37      -79.75
    938.11      -62.00
    946.46      -61.50
    936.12      -64.25
    953.14      -61.25
    947.77      -61.75
    948.76      -60.50
    995.32      -36.75
    986.29      -39.25
    959.31      -62.00
    945.86      -79.00
    979.22      -60.25
    961.79      -71.75
    949.62      -72.50
    968.59      -61.25
    991.98      -46.25
    966.36      -63.75
   1000.16      -39.00
    938.83      -61.00
    959.08      -72.00
   1013.00      -49.00
    950.10      -63.25
    940.54      -50.75
    987.52      -48.25
    956.73      -61.50
    959.12      -60.00
    959.38      -56.00
    953.53      -71.00
    925.94      -63.00
    957.57      -68.00
    981.18      -81.75
    942.92      -61.75
    975.50      -43.25
    946.67      -63.25
   1003.21      -43.25
    944.12      -62.50
    954.27      -65.00
    971.56      -70.25
   1001.53      -37.75
    973.23      -67.50
    947.48      -68.00
    972.68      -67.00
    947.77      -66.25
    958.90      -68.50
    976.13      -52.00
    932.06      -63.00
    962.80      -68.25
    964.88      -53.75
    939.45      -66.50
    993.22      -39.25
    950.59      -46.75
   1005.26      -35.00
    955.25      -72.25
   1007.08      -43.00
    941.82      -69.75
   1016.31      -32.50
    948.14      -66.00
    969.75      -56.00
    983.99      -45.75
    958.47      -52.00
    969.70      -58.00
    952.51      -60.25
    969.10      -82.00
    944.56      -71.50
   1000.13      -43.75
    971.91      -42.50
    960.46      -68.50
    953.27      -61.75
    950.07      -53.00
    941.59      -63.50
    968.04      -56.25
    962.33      -54.75
    937.58      -69.00
    994.72      -50.50
    971.94      -64.50
    962.84      -55.25
    949.53      -68.25
    954.14      -53.75
    956.14      -55.75
    947.71      -56.25
    962.92      -79.25
    929.45      -66.50
   1009.09      -35.25
    964.03      -53.50
    962.09      -66.00
    959.79      -54.25
    997.09      -45.50
    969.70      -47.25
    949.00      -66.50
    955.13      -62.50
    961.84      -57.50
    993.23      -51.75
    971.26      -53.50
    922.79      -62.50
    954.47      -60.25
    977.57      -46.50
    958.82      -70.75
    965.78      -52.75
    962.71      -59.25
    952.14      -48.00
    963.48      -65.50
    939.08      -64.00
    995.70      -40.25
    974.54      -64.75
    951.58      -65.75
    973.56      -50.25
    949.53      -60.00
    954.73      -52.25
    931.00      -63.25
    957.31      -65.25
    968.72      -47.00
   1010.57      -44.00
    969.53      -52.50
    954.62      -59.75
    987.91      -45.50
    948.91      -50.00
    952.43      -60.50
    969.60      -44.00
    980.80      -50.00
    956.44      -71.25
    980.63      -81.00
    996.47      -56.50
    999.57      -42.75
    950.56      -61.50
    999.97      -45.75
    964.69      -52.50
    984.32      -55.75
    987.43      -43.25
    952.97      -66.75
    986.20      -60.50
    951.34      -72.50
    974.95      -50.75
    954.04      -64.25
    949.95      -56.00
    959.28      -50.25
    944.23      -62.50
    972.97      -65.75
    962.86      -70.75
    952.76      -56.50
    958.41      -60.50
    977.14      -56.25
    969.31      -57.00
    995.70      -37.00
    972.24      -56.25
    936.81      -60.75
    954.62      -57.00
    932.15      -62.25
    962.95      -65.75
    971.71      -71.00
    943.64      -63.00
    984.99      -60.75
    977.74      -52.75
    989.44      -42.25
    964.97      -61.00
    993.06      -35.50
    955.67      -55.75
   1000.19      -44.00
    960.08      -66.75
    936.83      -63.75
    952.95      -72.50
    990.59      -51.75
   1004.38      -25.75
    986.59      -48.25
    947.15      -61.00
   1012.48      -30.25
    993.43      -34.75
    995.52      -55.00
    946.71      -59.00
    945.75      -70.75
    959.55      -62.75
    934.91      -72.50
    920.75      -62.25
    987.00      -50.25
    955.01      -63.50
    979.15      -52.75
    941.99      -75.75
    945.89      -62.75
    989.49      -40.00
    924.73      -66.50
    989.88      -44.25
    937.17      -57.50
   1002.67      -35.25
    937.65      -72.25
    989.91      -42.75
   1005.82      -35.00
    957.41      -68.00
    950.55      -64.00
   1009.63      -34.75
    989.52      -45.00
    973.64      -82.00
    997.70      -50.50
    947.36      -58.75
    943.57      -69.75
    985.30      -42.00
    948.57      -61.50
    940.93      -71.00
    953.65      -70.50
    966.64      -59.50
    973.96      -39.50
    973.91      -42.50
    997.48      -48.75
    939.13      -72.50
    940.61      -60.00
    968.37      -52.75
    960.39      -63.50
   1002.82      -42.50
    926.79      -67.50
    951.91      -49.75
    962.73      -70.00
    960.27      -62.00
    976.57      -39.25
   1011.08      -29.00
   1007.03      -27.50
    990.15      -42.25
    942.09      -76.00
   1006.87      -37.50
    946.17      -60.25
    978.62      -79.50
    951.98      -55.75
    978.07      -58.00
    965.58      -68.25
    945.55      -63.75
    978.48      -65.25
    954.71      -73.00
    941.27      -65.25
    963.48      -80.00
    988.25      -42.75
    958.25      -60.00
    965.24      -67.25
    971.99      -41.25
    954.02      -55.25
    962.41      -52.50
    976.69      -70.00
    965.97      -69.00
    964.99      -79.00
    955.01      -60.00
    960.88      -57.00
    956.52      -57.00
    954.81      -66.00
    988.99      -42.00
    934.93      -61.50
    969.91      -51.00
    984.08      -39.25
    955.19      -66.50
    940.27      -61.25
   1010.23      -27.00
    962.56      -61.00
    948.36      -53.75
    960.16      -45.50
    970.06      -72.75
    980.86      -40.50
    964.62      -62.75
    973.19      -73.25
    947.85      -60.75
    950.57      -56.25
    954.75      -72.25
    941.83      -64.00
    946.04      -76.25
    961.63      -72.00
    951.73      -53.75
    946.29      -68.50
   1001.67      -30.25
   1012.63      -34.00
    957.38      -66.00
    985.63      -43.50
    965.80      -61.75
   1002.34      -36.75
    953.05      -65.00
    943.02      -61.25
    995.19      -56.00
    947.42      -69.50
    964.21      -63.00
    976.05      -51.25
    959.82      -58.25
    946.21      -62.75
    969.28      -71.00
    956.89      -59.00
    984.08      -52.50
   1007.94      -35.25
    965.22      -44.75
    963.06      -54.50
    956.32      -60.50
    944.01      -53.50
    980.20      -59.25
    961.48      -59.00
    997.27      -41.00
   1000.50      -46.75
    968.37      -63.50
    964.36      -75.50
    978.38      -62.25
    962.95      -60.25
    999.47      -37.75
    980.85      -45.50
    976.83      -51.50
    961.62      -60.00
    968.73      -61.00
    958.98      -63.50
    955.14      -69.75
    983.23      -45.00
    957.79      -59.50
    954.84      -52.25
    977.42      -49.75
    941.54      -58.75
   1005.27      -37.25
    984.41      -74.00
    970.09      -63.00
   1010.67      -32.75
    980.01      -43.00
    951.59      -71.25
    972.38      -60.50
    965.11      -49.50
    956.17      -63.00
    950.43      -60.00
    965.54      -51.25
    998.74      -37.50
    958.77      -53.50
    958.48      -61.00
   1008.08      -27.75
    983.38      -38.50
    957.67      -80.00
    979.73      -46.00
    969.50      -49.75
    967.58      -52.75
    960.97      -69.25
   1006.79      -40.00
    965.75      -62.50
    961.50      -59.25
    974.57      -38.75
    926.91      -54.25
    954.11      -58.00
    955.57      -63.50
    945.77      -66.25
    992.38      -43.50
    966.47      -65.00
    993.67      -56.00
    984.12      -79.00
    984.03      -40.75
    959.66      -71.25
    945.27      -68.50
    971.37      -56.75
    953.80      -61.00
    960.93      -56.25
    977.76      -64.50
    938.76      -66.50
    994.80      -40.50
    926.01      -60.25
    994.27      -46.00
   1009.22      -33.50
    958.49      -51.75
    963.35      -48.75
    944.06      -65.00
    947.78      -49.75
    956.54      -59.50
    955.24      -53.00
   1018.74      -24.50
    964.58      -64.00
    968.91      -48.50
    942.86      -64.75
    957.08      -63.75
    949.17      -71.50
    979.43      -45.25
   1023.27      -26.50
    960.66      -68.50
    978.34      -76.50
    953.31      -55.25
    942.43      -59.50
    938.82      -56.75
    931.07      -62.75
    996.62      -44.25
    956.08      -56.50
    949.56      -60.75
    978.72      -42.00
    935.30      -59.50
    981.44      -70.50
    973.55      -67.00
    969.49      -64.00
    968.56      -60.00
   1016.13      -32.50
    966.75      -67.75
    977.98      -72.00
    923.42      -67.75
    983.12      -43.50
    960.02      -50.00
    949.97      -62.00
    957.27      -60.00
    993.16      -44.50
    943.18      -58.25
    963.58      -45.25
    964.17      -58.50
    955.09      -52.75
    965.03      -63.75
    945.64      -65.50
    973.53      -77.00
    964.04      -51.50
    931.00      -57.75
    982.68      -81.00
    954.42      -67.00
   1009.18      -36.50
    981.68      -46.00
    937.05      -64.75
    951.43      -66.75
    959.52      -57.75
    975.08      -59.25
    955.11      -47.00
    989.57      -38.75
    953.74      -52.00
    975.03      -51.25
   1013.28      -38.00
    983.73      -77.00
    976.62      -68.75
    983.34      -43.75
   1000.14      -59.50
    981.27      -65.75
    958.66      -72.50
    957.50      -65.75
    981.30      -42.50
    950.91      -63.50
    994.97      -48.25
    953.83      -62.25
    944.81      -71.50
    963.45      -51.50
    927.98      -63.50
    943.59      -62.25
    960.98      -62.25
    952.66      -50.75
   1014.38      -31.75
    968.21      -80.25
    991.27      -37.75
    946.74      -65.25
    964.29      -52.50
    951.05      -69.50
    979.53      -60.75
    941.54      -65.25
    996.00      -47.00
    962.38      -67.25
    926.58      -64.25
    954.04      -63.00
   1008.78      -27.75
    954.61      -53.25
    953.23      -72.75
    952.28      -56.75
    953.71      -60.25
   1004.86      -42.50
    964.98      -54.25
    955.62      -74.25
    988.19      -57.25
    935.85      -70.00
    931.71      -64.75
    932.91      -68.50
   1017.34      -31.00
    959.75      -56.25
   1006.11      -36.50
    989.12      -34.25
    945.53      -64.00
    940.21      -58.25
    987.35      -43.50
    971.08      -52.50
    959.13      -71.25
    963.39      -53.00
    937.50      -68.25
    993.87      -42.25
   1003.06      -36.50
    957.82      -48.50
   1011.01      -34.00
    953.28      -58.25
    970.68      -47.00
    974.40      -55.50
    939.64      -52.25
    968.79      -47.50
    986.71      -38.75
    941.43      -61.00
    980.59      -66.75
    976.33      -44.50
    976.92      -60.50
    940.38      -66.75
   1006.48      -58.50
    946.02      -57.50
    931.11      -71.25
   1007.05      -36.75
    957.29      -52.25
    958.18      -66.25
   1014.38      -48.25
    980.48      -48.25
    972.78      -66.75
    947.05      -60.75
    998.88      -43.75
    937.23      -71.25
    965.50      -50.25
    954.87      -65.25
    939.13      -70.50
    989.82      -56.25
    939.07      -59.00
   1008.69      -30.50
    967.33      -76.75
    956.06      -60.50
    956.98      -62.00
    963.92      -47.75
    954.25      -74.50
    987.41      -46.00
    976.73      -56.50
    963.69      -58.75
   1021.93      -30.75
    954.15      -58.75
    950.29      -71.50
    949.36      -65.00
    997.13      -43.50
    954.43      -60.50
    952.38      -74.00
    949.20      -61.25
   1017.32      -29.75
    966.20      -77.75
    959.24      -63.75
    997.77      -44.00
    973.89      -46.25
    956.97      -49.75
    963.79      -56.50
    967.47      -48.50
    960.73      -60.25
    955.03      -60.00
    956.66      -61.00
    965.97      -53.50
    994.27      -46.00
    972.00      -65.00
    970.00      -49.00
    968.38      -60.75
    993.76      -47.50
    976.76      -50.50
    943.52      -59.25
    963.13      -70.25
    950.56      -59.50
    963.96      -55.00
    972.27      -54.50
    973.65      -60.75
    984.22      -41.00
    960.25      -63.00
    960.31      -56.50
    949.60      -65.75
   1018.57      -30.00
    954.64      -61.50
   1016.45      -27.75
    964.31      -61.50
    933.36      -53.00
    978.62      -41.25
    970.39      -78.00
    958.27      -64.75
    961.16      -62.50
    942.88      -73.00
    945.94      -59.25
    933.14      -63.00
    955.24      -73.25
    974.91      -44.50
    933.33      -61.75
    970.62      -77.50
    998.76      -46.00
    958.01      -60.25
    948.01      -66.75
    958.78      -65.00
    952.08      -70.75
    959.69      -48.25
   1014.28      -38.50
    946.95      -62.50
    941.65      -53.25
    928.72      -62.25
    949.94      -57.25
    958.54      -66.50
    945.83      -62.00
    925.61      -61.00
    974.36      -49.50
    950.70      -65.75
    954.65      -79.00
    950.40      -67.25
    976.67      -57.00
    934.12      -63.00
    948.25      -65.00
    982.09      -49.00
    949.57      -71.25
    993.59      -35.75
    997.78      -33.75
    943.63      -71.00
    937.77      -65.50
    941.18      -60.50
    967.16      -59.25
    935.46      -65.25
    951.60      -63.25
    970.49      -71.00
   1008.26      -48.50
    937.32      -61.75
   1021.08      -34.25
    941.86      -58.50
    989.27      -43.75
    943.24      -58.00
    944.30      -58.50
    974.48      -42.50
    937.87      -60.50
   1016.32      -29.50
    948.36      -70.00
    948.05      -64.25
    973.32      -69.25
    979.83      -43.00
    961.08      -62.75
   1014.22      -37.75
    933.68      -72.00
    953.94      -65.25
    958.97      -60.25
    973.62      -50.75
    925.47      -61.50
    939.51      -53.50
    954.33      -57.50
    964.75      -63.75
    945.04      -68.75
    954.50      -50.25
   1000.44      -36.00
   1008.85      -28.25
    963.75      -79.25
    972.60      -49.75
    997.43      -44.00
    958.21      -52.75
    956.76      -48.50
    950.36      -66.75
   1020.11      -37.00
    980.26      -49.00
    970.27      -56.00
    962.05      -73.50
    984.03      -44.75
    975.49      -71.25
    936.60      -62.75
    937.26      -50.25
    942.94      -54.25
    971.21      -55.25
    958.61      -54.00
    985.61      -65.00
    984.47      -52.50
    961.30      -70.00
    966.50      -49.25
    994.27      -70.75
    981.82      -57.00
   1006.27      -34.75
    979.40      -67.25
    991.30      -44.00
    983.74      -64.50
    940.63      -54.00
    977.08      -75.50
    995.72      -36.75
    961.22      -64.25
    975.00      -51.75
    960.71      -60.75
    987.80      -80.00
    941.40      -54.75
    944.91      -64.75
    974.22      -50.75
    978.45      -47.00
    981.92      -73.00
    980.34      -60.75
    955.66      -50.75
    982.78      -47.75
    995.12      -47.75
    939.53      -63.75
    946.35      -67.50
    952.12      -56.00
   1013.03      -27.75
    981.07      -60.50
    970.83      -53.50
    948.08      -66.00
    995.65      -43.75
    968.18      -62.50
    983.98      -46.75
    982.95      -80.00
    963.53      -59.75
    976.82      -65.00
    938.72      -63.75
   1006.99      -31.00
    951.00      -53.75
    988.76      -36.75
    939.93      -59.25
    943.76      -65.25
    959.92      -61.25
    987.70      -78.50
    970.07      -66.50
    973.87      -80.75
    935.48      -57.50
    969.21      -52.50
    990.59      -49.75
    941.70      -68.25
    959.41      -61.50
   1007.96      -47.75
    965.01      -55.00
    971.56      -57.50
    957.37      -66.25
    948.56      -57.75
    995.91      -43.25
    939.83      -59.25
    973.03      -69.00
    965.49      -54.25
    938.11      -60.75
    999.51      -41.75
    991.26      -35.25
    947.97      -61.75
    978.01      -52.50
   1020.39      -44.75
    948.95      -59.50
    999.75      -31.50
    928.66      -71.00
    956.22      -60.75
    963.20      -71.50
   1003.81      -31.00
    941.74      -58.00
    958.10      -55.25
    977.65      -58.50
    936.94      -69.25
    979.19      -50.50
    985.67      -77.25
    973.84      -41.25
   1018.01      -30.00
    956.83      -65.75
    953.72      -54.25
    975.35      -38.25
    956.93      -60.00
    968.39      -59.00
    944.67      -60.50
    954.33      -64.75
    945.99      -65.25
    945.38      -69.25
    970.91      -62.50
    984.43      -79.75
    971.22      -61.00
    992.39      -53.50
    994.73      -37.50
    965.13      -59.25
    963.12      -53.75
    947.22      -55.00
   1015.72      -37.50
    968.07      -49.50
    986.50      -50.00
    969.36      -56.75
    961.17      -62.75
    966.13      -56.25
    975.11      -53.25
   1003.79      -29.75
    944.97      -62.25
    946.65      -79.75
    966.94      -74.00
    969.99      -52.75
   1019.67      -39.25
   1001.11      -38.25
    979.19      -57.00
    965.85      -47.00
    967.40      -64.50
    995.67      -33.00
   1008.43      -47.25
    954.43      -52.25
    949.14      -70.50
    963.18      -59.75
   1023.69      -34.00
    960.34      -72.75
    940.95      -60.75
    963.71      -48.75
    989.90      -80.00
    976.44      -55.50
    954.88      -54.25
    992.12      -36.25
   1004.37      -42.75
    958.90      -61.00
    952.77      -60.00
    945.61      -75.00
    972.28      -54.25
   1009.45      -26.50
    951.63      -47.25
    959.51      -60.50
    947.71      -54.00
    947.63      -65.00
    988.69      -69.25
    969.93      -54.00
    980.13      -37.00
    968.95      -62.50
    961.45      -45.00
    968.68      -76.75
    947.32      -55.00
    952.82      -55.00
    981.72      -69.00
    975.02      -53.25
   1008.72      -32.00
    962.65      -53.00
    961.74      -81.50
    982.60      -51.00
    952.89      -57.00
    989.21      -50.75
    939.06      -53.50
    962.87      -76.25
    974.90      -45.00
    929.96      -57.75
    960.48      -60.75
    983.16      -50.25
    955.27      -62.75
    943.68      -62.50
    945.80      -58.00
    970.59      -73.50
    989.19      -37.25
    971.21      -57.25
    962.58      -54.50
    961.30      -75.25
    971.31      -61.75
   1009.87      -37.00
    987.20      -49.25
    954.59      -58.75
    957.88      -54.00
    938.51      -58.00
    961.11      -54.25
   1004.02      -27.75
    939.65      -54.00
    987.99      -56.50
    965.25      -46.50
    962.70      -52.00
    947.62      -61.50
    961.10      -73.25
    979.73      -43.75
    956.02      -55.25
    981.77      -55.25
    942.23      -57.50
    957.00      -53.25
    952.59      -55.75
    945.22      -62.75
    995.84      -41.00
    969.47      -59.00
    978.05      -48.00
    966.54      -49.75
    960.60      -68.75
    983.44      -75.00
    995.13      -37.50
    977.35      -42.75
    959.71      -53.50
    948.38      -56.50
    950.67      -45.00
    988.55      -77.00
    979.49      -77.75
    943.18      -62.75
    963.04      -59.75
    988.75      -54.50
    961.17      -53.75
   1004.67      -48.75
    964.41      -40.00
   1005.60      -37.25
    930.23      -65.75
    967.72      -66.00
    974.45      -48.75
    965.03      -59.00
    989.28      -61.75
    998.45      -79.75
    954.69      -67.00
    962.03      -53.25
    955.14      -64.50
    928.87      -65.00
   1011.20      -42.00
    956.40      -49.50
    944.61      -58.25
    958.77      -57.00
    983.36      -56.25
    956.20      -62.75
    955.88      -50.75
   1012.10      -30.00
    953.48      -62.25
    945.90      -58.00
    944.26      -62.00
    991.14      -81.00
    975.94      -42.50
    953.20      -51.50
    971.28      -65.50
    949.11      -66.50
    944.65      -60.75
    976.82      -49.25
    935.70      -69.75
    945.06      -54.00
    995.58      -39.50
    995.29      -40.00
    965.02      -56.00
    968.37      -65.00
    975.95      -44.00
    958.52      -67.50
    946.09      -66.25
    929.39      -61.25
    973.07      -63.00
    920.61      -77.50
    944.13      -61.25
    951.90      -58.25
    954.59      -66.25
    951.39      -71.75
    941.90      -71.75
    943.83      -61.50
    977.82      -56.75
   1020.44      -26.00
    955.93      -56.75
    930.33      -63.00
    952.31      -68.75
    935.92      -59.50
    996.96      -48.00
   1012.06      -36.50
    977.77      -55.75
    942.69      -68.25
   1015.73      -28.00
   1004.97      -33.00
    965.35      -61.00
    936.83      -56.50
    934.49      -66.75
    936.19      -61.50
    962.39      -56.75
    933.78      -61.00
    981.08      -67.50
    970.98      -45.50
    954.39      -54.00
    968.27      -66.25
    935.66      -60.75
   1004.34      -31.75
    959.85      -59.50
    953.07      -65.25
    973.93      -55.75
    950.32      -61.75
    949.56      -68.25
    974.01      -52.75
    955.92      -57.00
    993.23      -47.50
    975.73      -63.00
    945.30      -55.50
    989.31      -41.75
    982.23      -72.50
    963.98      -53.75
    975.87      -48.25
    961.75      -66.75
    948.04      -64.25
    958.76      -50.50
    986.60      -45.50
    976.44      -65.75
    966.26      -56.75
    952.62      -60.25
   1012.85      -26.50
    963.07      -63.25
    959.03      -70.50
    962.86      -59.25
    961.20      -59.50
    982.99      -47.25
   1015.10      -34.00
    948.09      -64.25
    973.88      -70.75
    954.30      -59.50
    957.73      -54.00
    970.06      -79.75
    955.67      -58.50
    945.37      -61.25
    958.84      -64.00
    958.07      -56.50
    980.75      -78.50
    991.65      -40.00
    986.71      -35.25
    953.23      -59.25
    939.58      -56.00
    934.41      -59.75
    994.25      -34.00
    948.24      -58.50
    962.77      -59.25
    967.00      -69.50
    943.78      -65.50
    952.59      -62.50
    964.20      -58.25
    999.20      -43.25
    944.96      -69.25
    981.79      -47.25
   1001.75      -37.25
    972.12      -50.50
    937.03      -69.00
    954.39      -70.00
    943.02      -51.75
    990.02      -38.25
    948.92      -63.25
    963.97      -64.50
    979.89      -79.00
    959.79      -57.50
    956.32      -70.00
    944.55      -65.25
    936.94      -68.00
    964.80      -53.50
    936.95      -62.50
    967.20      -59.25
    956.84      -56.75
    965.27      -52.00
   1015.15      -45.50
    953.39      -71.75
    985.46      -68.50
    975.48      -48.75
    943.33      -72.25
    962.83      -57.75
    978.56      -45.25
    931.27      -67.00
    973.18      -48.75
   1014.98      -26.00
    930.29      -65.75
    973.78      -52.50
    972.38      -51.75
    944.47      -60.00
    938.31      -57.25
    971.66      -53.25
    979.56      -54.00
    950.61      -66.00
    969.94      -65.50
    950.92      -72.00
    978.35      -45.00
    942.42      -63.00
    986.04      -47.00
    956.34      -47.00
   1013.11      -35.50
    936.81      -63.25
    939.16      -63.00
    988.47      -43.50
    933.06      -71.25
    978.68      -50.75
    985.81      -37.25
    976.89      -48.25
    955.65      -65.00
    931.28      -64.50
    992.15      -45.50
    941.65      -73.00
    984.11      -41.25
    957.76      -67.50
    935.33      -61.50
    960.69      -62.25
    948.47      -66.25
    957.77      -56.00
    929.14      -70.50
    942.89      -65.50
    955.75      -56.50
    967.32      -73.00
    943.00      -63.50
    958.84      -62.25
    969.58      -63.75
    983.07      -51.25
    992.18      -32.75
    978.15      -69.75
    961.48      -61.50
    970.01      -56.25
    974.26      -61.75
    974.03      -48.00
    970.60      -43.25
    960.92      -71.00
    946.70      -79.25
    975.54      -58.75
    961.21      -69.50
    946.15      -68.00
    964.05      -49.25
    922.83      -62.25
    948.45      -63.50
    951.74      -67.25
   1019.28      -46.50
    998.66      -39.25
    945.58      -63.75
    953.63      -45.75
    953.51      -73.25
    968.23      -62.00
   1013.66      -31.00
    951.17      -62.75
    950.65      -59.25
    967.32      -66.50
    945.97      -67.25
    971.46      -53.50
    952.07      -63.50
    977.01      -52.00
    976.21      -34.75
    965.46      -69.50
    961.51      -67.75
    979.54      -54.75
    978.39      -79.25
   1012.42      -32.00
    946.50      -69.75
    951.13      -63.50
    972.14      -66.75
    971.86      -60.50
    955.16      -64.50
    946.10      -58.00
    953.10      -63.00
    964.33      -65.25
    944.42      -60.25
    994.68      -46.75
    974.47      -59.50
    953.39      -58.25
    960.50      -77.75
    981.73      -53.50
   1015.15      -32.25
    997.58      -49.50
    970.47      -42.75
   1015.50      -32.75
   1002.65      -41.75
    954.89      -64.00
    975.78      -63.00
    982.10      -47.50
    996.24      -63.25
    972.23      -52.25
    946.51      -62.75
    976.97      -56.75
    966.85      -79.00
    952.22      -53.00
    943.13      -62.00
   1005.83      -32.00
    934.02      -68.75
    955.35      -60.00
    968.56      -68.25
    964.10      -56.75
    961.96      -64.25
    955.93      -63.00
    943.58      -63.50
   1019.81      -46.25
    964.91      -58.50
    985.04      -44.75
   1008.08      -29.50
    950.07      -66.25
    999.75      -48.50
   1001.64      -39.75
   1010.80      -31.50
    963.18      -77.00
    998.40      -42.25
    948.08      -61.00
    981.59      -42.75
    999.10      -47.75
    916.02      -66.50
    954.26      -71.50
    938.69      -70.25
    971.34      -43.25
    943.33      -72.25
    967.14      -60.75
    930.57      -73.75
    952.91      -63.25
    960.40      -62.00
    974.45      -51.25
    944.38      -73.75
    956.01      -56.00
    998.96      -43.75
    926.65      -61.00
    966.56      -55.50
    962.14      -67.25
    940.76      -50.25
    973.41      -73.00
    992.09      -49.75
    980.52      -49.75
    970.10      -66.00
    937.72      -53.50
    987.22      -65.25
    942.23      -72.25
    969.46      -65.75
    948.32      -74.25
    956.29      -55.50
    961.17      -53.50
    989.85      -41.50
    932.93      -63.00
    960.29      -66.00
    946.55      -59.75
    993.50      -44.50
    954.54      -61.25
    975.99      -76.75
    953.93      -62.50
    984.15      -81.00
    954.17      -56.00
    987.57      -51.50
    969.23      -70.75
    954.10      -70.25
    994.48      -32.25
    958.98      -54.75
    974.11      -57.75
    990.07      -41.50
    967.40      -61.50
    992.75      -35.50
    958.30      -74.75
    943.43      -57.75
    978.72      -47.25
    944.09      -58.50
    962.02      -63.50
   1001.41      -36.25
    943.95      -55.75
   1001.09      -32.25
    958.56      -61.75
    952.83      -61.50
    964.30      -50.00
    957.91      -58.75
    947.21      -60.75
    984.68      -63.25
    982.92      -42.75
    949.08      -62.75
    956.79      -61.75
   1001.40      -36.25
    971.65      -41.50
    970.96      -80.00
    979.77      -82.25
    970.64      -60.25
   1012.39      -26.50
    981.71      -42.00
    955.67      -48.50
    949.57      -66.00
    948.00      -55.25
    961.92      -49.50
    988.19      -37.75
    978.59      -51.00
    961.35      -62.75
    972.26      -59.75
    990.27      -81.75
    974.91      -68.00
    991.86      -35.75
   1001.57      -40.75
    985.76      -46.25
    973.56      -55.25
    971.57      -43.75
    991.04      -66.75
    961.43      -45.75
    950.26      -65.50
    975.00      -41.50
    955.76      -63.50
    998.00      -43.00
    969.32      -59.50
   1000.17      -31.25
    979.13      -37.50
    947.36      -50.00
    966.87      -52.50
    946.56      -62.00
    990.91      -41.25
    964.46      -49.25
    979.22      -81.00
    980.43      -39.00
    966.25      -45.25
    993.72      -38.75
    958.83      -53.50
    962.16      -59.75
    954.26      -51.75
    966.88      -44.00
    969.26      -79.25
    960.37      -59.75
    957.81      -57.50
    966.94      -73.25
   1000.83      -45.75
    960.65      -62.75
    956.08      -51.50
    955.56      -66.75
    993.40      -53.25
    971.16      -60.75
    944.78      -51.25
    929.66      -69.25
    966.02      -57.25
    975.20      -63.75
    990.43      -40.25
    937.38      -70.25
    952.08      -64.00
    967.88      -62.25
    943.58      -63.00
    956.12      -59.50
    952.22      -65.00
    952.73      -58.75
    968.39      -54.25
    945.53      -61.00
    952.61      -49.00
   1006.58      -43.25
    954.98      -49.75
    977.30      -55.00
    951.02      -62.75
    974.44      -39.25
    945.01      -60.50
   1002.09      -46.00
    985.57      -39.25
    948.03      -61.00
   1017.65      -26.50
    976.59      -40.25
    959.09      -60.75
    965.07      -62.00
    938.36      -60.75
    947.31      -64.50
    974.99      -70.25
    976.01      -39.00
    972.23      -79.50
    955.57      -65.00
    965.05      -60.50
    930.45      -61.00
    978.25      -49.25
    978.00      -46.75
    960.38      -53.75
    974.93      -54.75
    970.24      -63.25
    946.33      -67.50
   1005.71      -37.25
    971.73      -63.00
    962.28      -80.00
    963.97      -52.25
    985.27      -46.25
    959.58      -48.00
    982.04      -38.75
    989.11      -50.75
    933.39      -60.50
    956.92      -64.00
    961.52      -64.25
    949.55      -62.50
    985.61      -79.00
   1006.52      -39.50
    972.39      -71.25
    974.54      -49.50
    970.96      -53.25
   1004.29      -38.50
    951.78      -57.25
   1003.55      -41.75
    975.58      -70.75
    969.08      -55.00
    937.97      -62.25
    975.34      -52.25
   1012.33      -32.25
    946.91      -63.25
    961.66      -56.75
    976.42      -57.25
    959.20      -47.00
    955.03      -49.00
    960.74      -66.25
    972.12      -55.00
   1015.93      -27.00
    973.84      -66.50
    945.99      -67.50
    976.07      -78.75
    974.17      -50.00
    938.01      -70.00
    993.15      -47.50
    947.21      -63.75
    944.40      -56.75
    959.77      -56.75
    983.87      -54.00
    959.54      -45.25
    965.05      -41.50
    957.31      -57.50
    952.70      -72.00
    976.64      -62.25
    981.44      -68.25
    973.88      -42.50
    994.03      -38.50
    940.52      -67.75
    946.60      -67.75
    992.52      -72.50
    956.05      -55.25
    957.75      -53.50
    990.10      -64.25
    947.64      -62.75
   1008.18      -28.75
    976.10      -41.75
    942.59      -58.25
    959.54      -66.75
    940.85      -60.75
    942.24      -60.00
    985.56      -44.25
    971.94      -67.75
    991.77      -60.75
    952.30      -64.25
    940.51      -56.50
    953.43      -62.50
    964.01      -73.25
    958.56      -61.25
    990.07      -45.50
    972.00      -60.75
    967.80      -68.50
   1012.48      -27.25
    985.54      -43.50
    958.18      -71.75
    958.37      -64.75
    958.76      -65.50
    977.60      -44.50
    990.06      -39.25
    955.76      -61.00
    975.87      -49.00
    978.20      -77.25
    958.99      -69.50
    966.14      -57.00
    994.27      -38.25
    958.13      -59.25
    960.48      -79.50
    955.18      -60.25
    954.60      -58.00
    973.28      -67.00
    986.36      -66.25
    938.14      -71.25
    978.11      -78.75
    940.43      -70.00
    977.87      -52.25
    974.77      -49.25
    928.92      -67.00
    955.36      -72.25
    957.13      -54.75
    990.29      -31.75
    975.80      -81.75
    952.95      -59.00
    981.16      -52.00
    946.32      -66.75
    933.12      -62.00
    957.53      -60.25
    949.07      -51.75
    956.35      -63.25
    952.06      -63.50
    967.78      -81.50
    934.27      -66.00
    987.67      -46.00
    968.27      -59.00
    948.10      -65.00
    952.04      -68.25
    948.46      -76.00
    977.81      -39.75
    962.30      -62.00
    956.89      -69.25
   1004.05      -45.50
    959.14      -51.50
    953.76      -65.25
    975.65      -52.75
    952.22      -72.50
    939.35      -59.75
    969.23      -54.00
    942.48      -58.00
    951.02      -61.25
    936.14      -63.50
    948.08      -59.75
    995.27      -40.75
   1006.31      -38.25
   1015.16      -26.75
   1002.47      -55.50
    948.26      -50.75
    967.88      -66.25
    952.40      -81.25
   1020.82      -35.50
    972.44      -59.50
    963.58      -46.50
    982.70      -52.50
    961.89      -52.25
    942.13      -63.25
    943.51      -72.50
    967.42      -66.50
    963.02      -55.50
   1008.09      -34.75
    952.15      -64.25
    949.02      -72.75
    958.92      -53.00
    955.94      -48.00
    943.23      -70.75
    992.53      -43.00
    967.33      -55.50
    978.42      -81.75
    945.94      -63.50
    937.97      -61.25
    949.31      -58.25
    965.06      -80.00
    957.20      -59.75
    940.20      -58.75
   1000.32      -39.50
    953.80      -59.75
    963.41      -63.50
    944.43      -58.00
    939.97      -59.00
    981.36      -55.75
   1010.53      -43.75
    993.16      -45.00
    965.08      -73.50
    991.98      -49.00
    943.87      -72.25
    965.48      -59.00
    957.97      -64.00
    992.50      -40.00
    950.66      -61.00
    968.63      -50.75
    957.45      -56.75
    952.81      -60.50
    942.65      -64.50
    999.57      -60.00
    964.82      -57.00
    946.46      -63.00
    951.07      -61.50
    956.87      -66.00
    953.12      -61.75
    933.45      -72.00
    965.33      -56.75
    939.38      -72.25
   1006.75      -31.25
    946.50      -70.00
    978.81      -52.00
    934.31      -60.75
    948.02      -77.75
    935.11      -61.25
    944.93      -62.50
    999.80      -41.00
    960.25      -67.75
    996.62      -38.50
    938.76      -76.00
    958.31      -65.50
   1016.86      -32.00
    929.38      -71.50
    963.02      -55.75
    960.49      -67.00
    989.22      -42.25
    932.99      -64.00
    944.25      -63.75
    995.99      -38.00
    933.85      -64.25
    985.46      -42.25
    977.64      -54.25
    952.35      -67.00
    927.18      -70.25
    946.65      -58.25
    966.51      -61.00
    944.59      -62.75
    957.78      -80.50
    970.23      -55.75
    975.68      -59.75
    960.41      -60.50
    920.36      -69.75
    991.92      -47.50
    968.84      -46.50
   1008.24      -35.00
    964.25      -67.00
    963.87      -63.75
    973.83      -69.50
    958.26      -74.25
    999.19      -48.00
    953.80      -52.75
    936.65      -70.75
    955.63      -72.75
    993.56      -49.75
    950.41      -62.50
    958.99      -55.50
    994.98      -43.25
    974.73      -51.75
    962.90      -70.50
    931.81      -56.50
    957.48      -57.75
    960.60      -68.50
    960.20      -68.25
    934.27      -69.25
    953.03      -64.50
    983.28      -54.25
    920.72      -71.75
    953.50      -59.00
    945.81      -61.25
    957.59      -57.00
    936.41      -61.50
   1002.68      -39.75
    936.92      -61.00
    952.09      -62.00
    990.45      -39.75
    972.07      -56.50
    947.82      -61.25
    954.30      -58.75
    972.60      -55.50
    980.73      -42.00
    942.93      -60.50
    978.99      -75.50
    949.30      -72.25
    989.80      -48.75
    961.90      -73.25
    941.04      -63.75
    958.28      -60.50
    926.03      -70.50
    955.66      -63.75
    990.23      -38.00
    943.51      -61.75
    949.36      -69.75
    976.92      -46.00
    964.65      -61.00
    982.52      -42.50
    947.14      -59.00
    931.56      -66.00
    940.70      -60.75
    927.85      -69.00
    982.60      -49.50
    956.91      -50.25
    964.22      -53.25
    929.80      -63.50
    946.41      -62.25
    932.91      -73.50
    941.82      -65.25
    990.00      -39.75
    948.20      -59.75
    925.11      -62.75
   1018.67      -33.75
   1001.63      -42.00
    971.76      -60.50
    983.23      -50.25
    932.42      -69.50
    942.26      -62.50
    941.96      -62.75
    959.49      -49.50
    965.27      -77.50
    948.92      -63.75
    963.59      -65.50
    984.93      -52.75
    968.30      -62.50
    984.96      -61.50
    981.91      -43.75
    931.85      -63.75
    967.81      -54.75
    987.61      -41.25
    955.02      -65.25
    972.66      -64.25
   1002.61      -35.75
   1000.42      -34.50
    985.79      -40.50
    988.14      -44.75
    984.84      -45.25
    952.74      -69.25
    953.45      -57.00
    980.37      -42.00
    983.54      -54.50
    996.93      -44.50
    991.35      -51.75
    928.12      -72.50
    994.50      -37.75
    943.62      -67.00
    957.10      -62.50
   1015.38      -31.00
    982.97      -43.25
    955.09      -67.25
    952.24      -71.00
    992.41      -38.75
    970.13      -72.00
    948.14      -63.75
    958.02      -67.25
    948.47      -59.00
    981.02      -45.75
    972.58      -64.00
    936.47      -63.75
    951.59      -70.50
    980.71      -55.75
    997.62      -36.75
    956.60      -47.50
    999.61      -39.00
    992.14      -44.75
   1003.49      -40.00
    963.66      -72.25
    975.91      -44.75
    964.45      -57.00
    961.04      -64.25
    955.94      -67.50
    957.03      -54.50
    935.08      -64.00
    999.32      -40.25
    932.47      -64.75
    973.03      -77.25
    988.29      -49.00
    938.53      -57.25
    988.61      -49.50
    944.35      -54.00
    960.16      -52.25
    966.55      -54.25
    983.76      -47.50
    991.28      -82.25
    947.51      -53.50
    992.39      -60.25
    954.75      -61.75
    970.17      -42.75
    935.03      -59.50
    942.14      -51.00
    969.23      -61.00
    955.34      -62.25
    958.57      -68.25
    955.82      -62.00
    969.12      -53.00
    984.28      -46.00
   1004.34      -40.75
    966.55      -64.75
    953.83      -59.25
    946.11      -66.50
    941.02      -71.25
    970.28      -51.00
    940.93      -70.50
    936.69      -63.75
    952.91      -70.50
    946.87      -59.75
    957.23      -54.50
    952.70      -49.00
    967.33      -58.75
    959.08      -59.00
    981.87      -61.75
    966.55      -61.00
   1000.78      -38.25
    974.65      -61.25
    980.41      -51.75
    982.76      -37.00
    991.53      -38.50
    966.97      -64.00
    934.40      -63.50
    937.21      -62.50
    944.40      -61.00
    966.67      -77.00
    951.57      -64.50
    996.05      -54.75
    972.61      -59.00
   1005.64      -42.75
    999.77      -38.00
    942.32      -64.50
    963.60      -71.00
    970.78      -52.75
    955.39      -51.00
    954.48      -73.00
    977.61      -50.50
    980.57      -44.25
    964.41      -56.00
    965.85      -62.75
    972.07      -54.50
    946.26      -62.50
    967.80      -69.50
    949.60      -62.25
    947.03      -57.25
    964.20      -55.50
    966.27      -57.50
   1005.09      -43.00
    990.90      -48.00
   1009.95      -35.50
    975.80      -47.75
    968.12      -73.00
    970.38      -56.50
    951.81      -57.75
    962.00      -63.00
    970.91      -65.50
    967.96      -48.75
    977.83      -47.00
    961.64      -60.25
    972.43      -79.75
    962.12      -58.25
    978.06      -62.75
    969.27      -61.50
    979.44      -42.25
    944.41      -59.75
    955.88      -61.50
    949.47      -66.25
   1016.59      -28.75
    968.22      -70.50
    952.77      -56.00
    977.15      -49.00
    959.07      -47.50
    960.53      -62.25
    987.22      -50.00
    954.64      -58.50
    990.07      -64.25
    961.63      -48.50
    970.37      -46.00
    942.48      -72.00
    966.52      -51.75
    978.06      -60.25
    949.89      -58.00
    947.91      -77.75
    971.82      -48.75
    942.12      -59.00
    957.40      -50.75
    969.05      -41.75
    979.81      -59.25
    977.27      -60.00
    964.44      -54.00
    990.41      -49.25
    976.89      -42.25
    953.66      -54.25
    945.54      -57.00
    983.45      -68.25
    986.20      -52.75
    976.80      -64.25
    967.97      -60.75
   1000.14      -40.00
    978.86      -63.50
    966.62      -68.75
    943.74      -64.25
   1014.12      -28.50
    953.22      -61.25
   1010.57      -32.25
    975.46      -54.75
    954.02      -64.25
    997.05      -33.00
    944.93      -62.50
    962.68      -55.25
    947.65      -60.00
    953.60      -54.75
    978.09      -50.75
    953.00      -64.50
    960.04      -58.50
    967.42      -47.50
    945.89      -53.75
    958.91      -61.75
    985.73      -39.50
   1005.61      -33.25
   1016.35      -29.25
    952.60      -57.25
    934.18      -56.50
    973.69      -79.25
    988.66      -39.25
    986.87      -72.50
    964.24      -63.75
    956.59      -44.25
    979.21      -56.00
    994.21      -42.00
    955.49      -61.25
    960.22      -65.25
   1004.98      -41.50
    957.61      -72.75
    971.97      -55.25
    976.80      -53.50
    952.55      -62.75
   1010.42      -34.75
    947.80      -63.00
    941.49      -62.00
    926.85      -62.50
    956.45      -64.75
    968.61      -53.50
   1017.36      -26.25
    951.85      -65.50
    952.30      -62.25
    957.58      -79.25
    995.11      -43.00
   1019.23      -39.25
    985.47      -40.00
    966.70      -74.25
    982.40      -40.25
    956.62      -67.00
    956.90      -67.00
    961.59      -54.50
   1018.29      -32.25
    957.67      -61.75
    990.93      -53.25
   1013.08      -35.00
    979.07      -48.75
    976.19      -59.25
    924.68      -58.00
    976.23      -64.25
    955.44      -55.50
    939.17      -67.75
   1011.80      -34.75
    945.88      -71.75
    962.90      -67.00
    940.37      -61.00
    953.87      -59.50
    949.40      -56.75
    974.75      -46.50
    960.35      -62.00
    990.55      -80.00
    948.81      -51.50
    952.49      -53.00
    947.01      -62.00
    963.20      -60.00
    950.80      -69.50
    988.37      -55.50
    964.17      -54.75
    947.86      -72.75
    965.42      -63.00
    985.80      -45.50
    978.77      -66.00
    942.72      -66.75
    955.31      -62.25
    971.81      -56.00
    976.13      -37.25
    952.39      -57.50
    968.36      -64.75
   1017.15      -27.75
   1013.51      -29.00
    962.63      -55.00
    984.59      -47.50
    979.83      -82.25
    970.77      -53.50
    957.06      -61.00
    963.95      -59.75
    945.20      -72.50
    976.16      -56.25
    988.04      -40.75
    965.04      -66.25
    935.53      -58.75
    952.36      -65.50
    964.54      -72.25
    978.77      -56.75
    978.90      -51.00
   1013.29      -40.25
    989.36      -43.00
    957.50      -60.25
    948.59      -68.25
    966.61      -62.50
    969.14      -52.75
    945.90      -61.75
    955.21      -60.75
    965.29      -66.50
    989.77      -39.75
    960.34      -68.00
    981.37      -42.75
    960.32      -50.50
    977.43      -59.00
    955.45      -51.75
    976.64      -62.25
   1009.93      -40.25
    958.97      -64.00
    944.42      -59.50
    965.06      -57.50
    994.66      -72.50
    993.70      -41.00
    964.78      -61.75
    982.80      -43.75
    969.35      -53.75
    958.40      -64.00
    981.38      -44.50
    994.45      -81.25
    950.02      -66.50
    976.68      -41.50
    987.64      -73.50
    974.44      -66.75
    945.57      -61.50
    942.92      -64.75
    978.04      -57.50
    945.71      -52.75
    953.56      -68.75
    981.67      -52.00
    966.52      -56.25
    957.87      -69.75
    940.01      -65.00
    948.30      -67.25
    944.52      -57.00
    961.48      -62.75
    970.05      -79.75
    977.96      -58.50
    965.56      -71.00
   1004.90      -30.25
    960.25      -57.00
    957.39      -61.25
    968.02      -65.50
    948.74      -61.00
    950.10      -70.00
    941.73      -63.25
    956.92      -67.00
    968.83      -59.00
    949.05      -62.25
    941.09      -67.75
    988.47      -40.25
    944.52      -63.75
    975.28      -52.25
    983.57      -42.00
    966.66      -74.25
    919.82      -63.25
    976.45      -54.25
    973.14      -60.75
    941.57      -61.00
    938.50      -59.25
    935.20      -68.25
    961.51      -52.00
    950.69      -62.25
    945.11      -70.50
    981.35      -40.75
    962.63      -80.75
   1000.74      -44.00
    942.91      -65.25
    989.31      -50.50
    985.00      -58.00
    972.98      -63.75
    980.36      -48.00
   1005.28      -33.00
    950.10      -70.00
   1010.35      -37.75
    938.13      -65.25
    951.49      -58.50
    970.54      -76.75
   1009.65      -35.75
    945.68      -71.50
    956.76      -58.25
    962.80      -63.25
    962.54      -62.25
    947.30      -63.50
    977.30      -67.00
    931.45      -71.50
    981.54      -50.25
    995.97      -51.25
    956.02      -54.25
    937.31      -67.75
    997.94      -33.50
    975.17      -56.50
    969.58      -59.50
    960.81      -60.75
    960.89      -62.25
    959.28      -65.50
    976.69      -39.00
    996.02      -46.25
   1000.48      -41.25
    934.55      -58.75
    989.31      -45.25
    935.81      -68.25
    954.46      -63.00
    942.81      -73.25
    967.31      -65.25
    987.49      -37.75
    964.84      -65.25
    969.86      -53.25
    961.27      -61.00
    941.17      -70.00
    950.02      -66.00
    949.15      -65.25
    952.72      -63.50
    942.12      -66.00
    956.71      -63.75
    979.13      -49.00
   1008.81      -32.50
    985.11      -42.50
    936.34      -66.50
    962.90      -42.75
    969.70      -77.75
    949.04      -64.00
    986.11      -41.25
    989.36      -58.50
    934.17      -70.75
    950.46      -62.00
    992.38      -41.25
    965.70      -57.50
   1002.61      -38.00
    935.42      -74.75
    944.59      -55.25
    985.73      -52.00
    944.41      -53.75
    930.14      -62.75
    935.62      -67.50
    951.03      -58.00
    970.17      -45.75
    947.84      -63.50
    967.78      -57.75
    971.76      -52.00
    973.44      -79.75
    953.08      -56.75
    936.77      -55.00
    958.87      -66.50
    921.14      -63.75
    955.13      -50.00
    954.65      -60.00
    952.31      -54.50
    949.89      -63.00
    938.31      -69.25
    958.38      -57.50
   1009.45      -43.50
    965.31      -60.50
   1001.09      -42.00
    980.72      -45.50
    975.68      -47.75
    965.32      -61.50
    967.51      -40.00
    990.27      -49.25
    964.82      -60.75
    930.01      -73.75
    951.17      -55.75
    985.79      -49.50
    994.62      -45.50
    950.69      -62.00
    949.14      -62.25
    985.60      -53.75
    981.25      -54.25
    981.66      -53.00
    990.87      -48.75
    956.99      -65.25
    976.89      -73.50
    963.37      -49.75
    951.47      -63.75
    978.29      -69.25
   1002.47      -42.25
    993.30      -39.00
    952.99      -65.50
    970.35      -49.75
    942.79      -65.25
    973.79      -42.75
    949.87      -58.75
    964.25      -67.00
    953.28      -53.50
    961.91      -58.50
    943.22      -67.75
   1016.12      -30.75
    984.34      -68.50
    944.24      -60.50
    960.36      -64.25
    967.80      -80.50
    954.89      -59.75
    952.34      -55.50
    965.18      -45.50
    943.98      -68.25
    967.70      -57.50
    999.34      -27.75
   1001.89      -36.50
    954.99      -55.50
    972.73      -61.00
    980.41      -79.00
    955.97      -57.00
    939.12      -69.00
    979.08      -55.50
    959.89      -62.00
    974.53      -52.50
    949.02      -65.00
    960.78      -68.00
    981.63      -78.50
    978.98      -47.50
    929.86      -57.75
   1007.65      -41.75
    969.64      -52.00
    961.31      -63.50
    984.18      -62.00
    941.64      -63.00
    949.12      -45.25
    971.67      -67.75
    973.23      -54.75
    967.90      -62.00
    965.72      -45.50
    993.13      -43.75
   1001.73      -40.75
    959.41      -63.25
    977.09      -46.50
    962.43      -68.50
    983.79      -43.75
    965.20      -60.75
    945.79      -66.50
    983.09      -80.75
    988.87      -51.50
    955.30      -63.75
    987.05      -58.00
    962.89      -60.50
   1006.82      -40.75
    954.58      -59.00
    943.81      -57.25
    971.32      -51.00
    954.64      -50.00
    977.73      -73.00
    971.12      -54.25
    989.15      -43.50
    966.37      -63.25
    942.50      -63.50
    954.03      -55.75
    956.56      -67.50
    962.17      -61.50
    959.14      -58.00
    971.39      -56.50
    955.22      -55.00
    950.40      -62.50
    998.27      -41.25
    977.83      -48.00
    962.65      -59.25
    970.02      -71.25
    962.18      -82.25
    995.23      -38.00
    952.48      -62.25
    958.97      -52.00
    932.37      -60.25
   1015.31      -28.50
    953.94      -55.00
    959.23      -56.25
    948.58      -69.50
    961.12      -62.25
    932.00      -68.75
    958.86      -59.00
    981.73      -45.75
    998.35      -41.75
    978.20      -57.50
    945.98      -65.75
    976.14      -61.50
    989.98      -31.50
   1006.56      -42.50
    954.97      -58.00
    954.52      -64.25
    967.80      -50.50
    968.28      -72.75
   1019.36      -43.75
    922.15      -62.00
    938.49      -61.75
   1004.32      -44.75
    971.82      -57.50
    964.82      -62.50
    939.35      -63.50
    952.94      -66.25
    942.35      -69.75
    965.25      -60.00
    944.65      -57.75
    974.24      -62.50
    953.29      -50.75
    976.17      -61.75
    956.91      -56.25
    920.09      -72.25
    934.55      -64.25
    952.44      -60.75
    955.73      -66.75
    946.55      -56.00
    949.21      -56.75
    961.37      -69.75
    968.32      -81.25
    940.51      -70.75
    964.26      -63.75
    962.44      -47.25
    920.10      -64.75
    985.00      -46.25
    954.28      -71.75
    961.95      -60.75
    983.69      -45.25
    970.77      -68.00
   1002.14      -50.75
    924.03      -60.00
    985.80      -43.00
    974.70      -41.00
    964.64      -66.00
    972.87      -41.50
    930.91      -70.00
    957.35      -48.50
   1005.60      -36.75
    970.22      -57.50
    956.92      -55.50
    963.32      -54.75
    979.26      -65.00
    989.22      -34.00
    970.24      -55.25
    985.13      -62.25
    936.41      -64.25
    949.96      -58.50
    973.54      -49.25
    971.05      -61.25
    979.01      -41.50
    952.13      -51.00
    959.12      -60.00
    965.08      -60.25
   1002.21      -41.00
    929.65      -58.25
    979.36      -39.50
    979.02      -59.75
    955.18      -52.75
    987.35      -74.00
   1001.37      -37.25
    971.87      -62.50
    962.14      -61.50
    967.20      -62.75
    952.00      -47.50
    992.51      -47.00
    972.06      -60.00
    975.16      -61.25
    976.12      -58.75
    971.14      -56.00
    992.00      -76.75
    949.77      -58.75
    951.78      -53.75
    946.71      -59.00
    967.80      -69.75
    993.24      -37.75
    955.95      -55.00
    935.84      -58.75
    955.43      -60.25
    965.34      -74.50
    949.64      -71.00
    957.03      -61.00
    938.89      -69.50
    980.14      -53.50
    953.15      -63.50
    955.09      -63.00
    956.96      -66.00
    936.32      -57.00
    987.19      -39.25
    973.39      -71.75
    965.11      -64.00
    955.78      -50.00
   1023.29      -26.75
    995.97      -32.25
    965.10      -58.75
    942.04      -60.00
    947.03      -47.25
    957.31      -57.25
    949.90      -71.50
    955.38      -59.00
    947.45      -62.00
    984.50      -46.25
   1006.31      -27.75
    972.25      -48.25
    943.04      -71.75
    965.37      -61.00
    958.13      -64.75
    991.65      -40.75
    954.68      -53.25
    960.19      -62.50
    994.89      -49.00
    993.24      -42.00
    951.41      -57.75
    970.87      -51.75
    982.31      -78.00
   1008.72      -50.50
    961.99      -69.75
   1001.29      -37.25
    964.11      -64.00
    998.38      -40.00
    941.19      -60.25
    947.97      -61.75
    971.23      -75.50
    980.23      -49.00
    973.42      -46.00
    952.57      -68.75
    966.95      -57.00
    963.26      -56.00
    953.04      -65.50
    991.62      -47.00
    950.06      -59.25
    975.11      -55.50
    950.51      -65.75
    985.12      -60.00
    968.73      -67.00
    953.12      -60.00
    934.95      -54.25
    931.91      -65.50
    958.60      -50.50
    955.60      -61.00
    924.51      -69.00
    963.10      -57.25
    948.77      -64.00
    962.56      -79.00
    955.37      -61.75
    969.81      -48.75
   1012.12      -28.25
    935.06      -70.00
    975.54      -44.50
    953.07      -58.75
    962.05      -65.25
    958.47      -70.25
    952.61      -60.50
    940.68      -62.75
    950.44      -54.75
    983.62      -76.00
    952.65      -61.25
    980.15      -52.50
    961.58      -58.25
    945.69      -64.25
    960.30      -66.50
    944.66      -57.25
    936.36      -59.75
   1005.65      -34.00
    941.95      -61.50
    949.49      -73.00
    989.13      -33.50
    976.58      -55.00
    972.68      -62.50
    977.30      -47.25
    945.02      -72.50
    966.43      -49.50
    979.27      -80.00
    958.20      -56.00
    934.63      -69.25
    951.04      -65.25
    940.71      -59.75
    944.09      -58.75
    973.55      -49.50
    937.47      -62.50
    943.55      -57.75
    941.74      -64.25
    953.39      -61.00
    956.11      -61.75
    958.25      -60.50
    946.30      -60.25
    971.86      -63.25
    989.12      -44.75
   1015.67      -28.00
    945.47      -60.50
    943.15      -72.00
   1010.27      -45.75
    972.51      -42.50
    948.19      -68.25
    949.52      -61.25
   1013.48      -31.50
    977.32      -45.50
    982.39      -36.00
    970.04      -53.75
    937.89      -67.75
    974.52      -59.25
    955.24      -64.75
    956.57      -58.50
    947.36      -63.75
   1026.63      -34.00
    952.34      -60.50
    984.51      -60.75
    968.66      -46.00
   1005.11      -38.75
    967.52      -55.00
    971.82      -47.75
    958.34      -78.75
    969.73      -49.50
    934.16      -72.00
    958.55      -60.50
   1001.28      -39.75
    984.11      -38.75
    952.49      -63.00
    963.89      -62.00
    988.06      -49.50
    963.63      -60.75
    967.05      -76.50
    952.02      -62.50
    962.45      -67.25
    938.78      -60.25
    947.71      -68.25
    946.59      -57.75
    950.53      -57.50
    968.81      -67.50
    967.70      -56.00
    966.10      -76.50
    930.30      -60.50
    940.89      -74.00
    961.64      -47.50
    971.36      -44.00
    993.92      -46.00
    954.53      -65.00
    995.58      -41.00
    933.95      -62.00
    959.17      -57.00
    971.15      -56.50
    945.70      -63.75
    947.54      -65.75
    949.39      -67.75
   1010.35      -38.00
    944.93      -66.75
    948.82      -71.25
    999.99      -35.75
    964.60      -58.00
    998.86      -38.75
    960.22      -54.50
   1011.33      -27.50
    932.96      -63.00
    999.01      -37.50
    968.08      -54.25
    999.03      -51.75
    960.85      -63.25
    935.72      -60.00
    957.29      -63.50
    953.52      -67.25
   1016.54      -36.00
    957.95      -61.50
    956.65      -62.75
    957.68      -61.50
    963.21      -73.25
    983.61      -49.00
    964.56      -67.00
    966.90      -57.50
    957.70      -54.00
   1003.41      -39.50
    945.47      -62.00
    980.87      -51.25
    943.53      -63.25
   1005.78      -34.00
    956.67      -54.50
    947.67      -65.75
    997.05      -58.75
    954.52      -57.50
    956.20      -59.75
    942.48      -66.50
    940.41      -72.25
    957.39      -50.50
    945.39      -69.25
    955.84      -62.50
    941.87      -55.75
    945.15      -63.75
    947.03      -49.75
    999.36      -38.25
    942.88      -68.50
    949.99      -64.50
    968.24      -52.75
    946.91      -64.00
    962.64      -66.00
    994.57      -40.00
    963.24      -61.75
    987.93      -37.25
    960.04      -64.25
    956.33      -62.50
    959.29      -64.25
    948.78      -71.75
    945.94      -59.25
    985.79      -52.00
    951.80      -63.00
    959.66      -62.25
    957.31      -52.25
    958.89      -57.50
    982.91      -67.00
    965.19      -60.50
    974.27      -48.50
    984.02      -78.00
    942.96      -65.75
    933.06      -61.25
    991.11      -34.75
    957.22      -52.25
    970.79      -80.75
    958.78      -57.75
    982.52      -78.75
    956.64      -71.00
    951.52      -55.00
    952.00      -61.50
    946.29      -59.00
    924.78      -72.75
    985.84      -56.75
    948.53      -57.25
    962.11      -57.00
    954.24      -57.75
   1012.63      -27.75
    991.87      -49.25
    960.64      -74.75
    958.11      -69.25
   1002.01      -42.75
    987.62      -46.50
    945.03      -57.75
    991.27      -50.75
    944.72      -60.50
   1024.94      -34.25
    975.57      -41.75
    982.51      -63.75
    969.63      -70.75
    956.03      -72.75
    972.43      -61.75
    955.46      -80.25
    969.07      -61.25
    947.56      -55.50
    990.84      -40.00
    955.48      -56.25
    938.00      -70.50
    952.48      -53.25
    949.82      -60.75
    968.61      -63.50
    946.25      -67.25
    950.03      -56.25
    991.81      -48.50
    945.43      -58.50
    976.27      -57.25
    955.44      -57.25
    972.32      -67.00
    996.57      -32.50
    992.36      -68.50
    964.25      -60.00
    982.82      -52.50
    917.91      -57.25
    997.87      -38.50
    941.33      -62.50
    972.96      -54.25
    968.41      -66.50
    968.53      -48.00
    967.23      -66.25
    929.25      -65.25
    947.82      -60.50
   1007.26      -38.00
   1004.36      -27.50
    959.40      -57.75
    955.67      -62.75
    954.53      -67.50
    987.02      -53.75
   1006.52      -31.25
    956.46      -64.00
    943.09      -58.00
    955.88      -58.00
    941.14      -66.75
    939.59      -63.00
   1018.79      -30.50
   1008.23      -38.00
    989.13      -36.25
    944.68      -67.00
    977.42      -48.00
    957.85      -75.25
    957.79      -58.25
    982.77      -51.00
    991.60      -43.50
    972.65      -55.50
   1016.75      -32.50
    956.58      -59.50
    955.49      -64.25
    941.93      -71.50
    985.20      -40.25
    940.81      -63.50
    949.61      -62.75
    971.08      -65.00
    931.38      -64.25
    997.24      -34.75
    940.74      -71.25
    941.98      -77.00
    943.92      -63.25
    950.51      -60.75
    954.21      -69.75
   1013.79      -33.50
    960.20      -64.00
    985.23      -46.00
    940.29      -59.75
    930.83      -64.50
    953.91      -58.00
   1013.96      -29.00
    946.15      -67.50
    985.01      -45.00
    964.52      -45.50
    969.03      -59.25
    935.82      -64.50
   1000.40      -43.50
   1013.06      -40.25
    999.13      -26.50
    951.80      -67.75
    955.12      -63.00
    966.79      -45.75
    960.90      -65.50
    946.05      -59.50
    945.03      -64.50
    946.64      -66.00
   1001.30      -46.00
    950.84      -74.50
    951.90      -63.25
    945.78      -61.50
    982.98      -52.00
    943.55      -71.00
    956.64      -62.00
    965.93      -49.00
   1004.97      -39.25
    972.88      -55.75
    923.60      -66.00
    927.67      -64.25
    940.01      -66.00
    942.17      -69.00
    992.52      -46.25
    936.06      -71.00
    931.33      -67.75
   1009.68      -29.00
    968.05      -43.25
    994.70      -37.00
   1026.81      -41.00
    987.63      -49.00
    934.13      -61.25
   1012.29      -27.50
    959.16      -70.00
    926.83      -61.25
    940.80      -64.50
    999.78      -52.50
    941.49      -72.50
    981.87      -57.25
    987.05      -42.00
    947.84      -72.00
    953.57      -62.25
    964.36      -62.25
    956.41      -60.00
    952.49      -53.00
    947.52      -62.25
    942.07      -61.50
    979.86      -31.25
    960.05      -62.75
    968.74      -53.50
    963.24      -62.25
    963.60      -54.75
    990.34      -46.75
    995.94      -33.50
    960.46      -60.50
    948.84      -71.50
    968.41      -79.50
    942.05      -67.00
    981.69      -52.50
    971.11      -52.00
   1001.06      -46.00
    946.86      -62.25
    983.44      -49.00
    981.70      -48.75
    948.74      -69.75
    979.94      -48.00
    932.72      -71.00
    953.96      -57.50
    931.96      -60.00
    966.03      -41.50
    929.55      -62.00
    940.77      -59.75
   1016.52      -46.50
    963.84      -69.00
   1017.75      -28.00
    926.16      -67.00
    943.84      -69.75
    934.99      -68.50
    945.15      -57.75
    935.08      -59.00
    957.67      -65.25
    993.95      -44.00
    916.25      -64.50
    939.19      -76.25
    940.22      -75.25
   1016.18      -39.50
    958.78      -68.25
    999.57      -34.75
    968.74      -59.00
    995.66      -47.50
    944.44      -59.00
    985.86      -41.75
    938.07      -72.75
    952.83      -60.75
    964.48      -51.50
    959.73      -69.00
   1006.00      -45.50
    939.74      -77.50
    934.20      -57.50
   1019.34      -28.00
    972.41      -51.50
    948.04      -62.75
    958.80      -78.50
    947.21      -65.75
    967.98      -56.25
    951.74      -50.75
    937.44      -65.75
    943.27      -59.25
    961.31      -70.25
    939.65      -63.50
   1005.51      -44.50
    976.86      -54.25
    963.92      -49.00
    990.59      -59.00
    975.30      -49.50
    928.15      -66.75
    996.26      -36.00
    962.13      -59.50
    943.97      -68.75
    958.59      -54.25
    964.58      -62.00
    941.40      -62.00
    985.50      -41.75
    943.16      -55.50
    963.11      -58.75
    950.66      -62.75
    945.49      -56.50
    955.66      -54.75
    930.15      -57.25
   1005.87      -40.00
    987.39      -34.75
    972.83      -76.25
    947.50      -64.25
    997.23      -36.25
    934.57      -60.00
    990.31      -63.25
    954.36      -78.25
    977.85      -74.50
    975.95      -47.75
    981.38      -57.50
    968.06      -51.50
    977.15      -55.00
   1015.43      -32.00
    946.22      -56.75
    951.11      -62.00
    930.25      -64.75
    948.30      -62.25
    986.72      -40.00
    947.89      -55.00
    992.53      -42.75
    951.51      -52.00
    957.97      -78.75
    948.93      -59.75
    957.71      -63.50
    958.71      -64.50
    998.34      -47.25
    977.60      -64.50
   1017.66      -26.00
    947.93      -62.75
   1000.36      -49.50
    951.59      -61.50
    985.25      -52.25
    948.37      -60.25
    962.43      -49.25
    957.53      -61.75
    949.99      -55.00
    979.36      -70.75
    933.71      -66.25
    967.10      -53.25
    982.93      -40.50
    965.94      -62.50
    939.01      -61.75
    944.58      -55.50
    933.42      -63.50
   1009.39      -53.00
    945.36      -61.00
    956.87      -70.00
    963.74      -82.00
    953.32      -71.50
    947.24      -56.75
    931.34      -62.25
    930.38      -62.25
    946.21      -67.25
    980.94      -41.25
    959.26      -61.75
    996.61      -35.00
    939.20      -55.25
    974.67      -58.75
    972.08      -43.75
   1001.78      -43.75
    952.17      -60.75
    980.75      -47.00
    999.74      -41.00
    969.47      -79.50
    943.93      -54.75
    930.28      -64.50
    967.38      -65.00
    955.01      -64.75
    955.91      -56.50
    934.32      -67.25
    967.25      -59.25
    959.51      -67.50
    959.30      -46.25
    947.55      -68.00
    930.52      -59.00
    971.33      -64.50
    956.30      -53.00
    968.52      -49.50
    985.13      -53.75
    946.05      -67.75
    971.95      -60.75
    962.10      -54.25
    952.73      -70.75
   1014.50      -42.50
    951.03      -61.25
    972.45      -51.25
    969.96      -66.00
    952.37      -60.00
    954.97      -61.75
    925.44      -63.25
   1018.21      -25.25
    980.39      -62.75
    953.18      -63.00
    958.79      -54.00
    952.96      -61.50
    999.40      -36.75
    962.28      -64.25
    972.12      -38.50
    950.28      -57.00
    946.44      -66.00
    946.05      -57.25
    974.10      -78.25
    983.47      -44.75
    977.75      -71.25
    953.63      -62.50
    941.54      -63.50
   1009.53      -29.00
    975.21      -81.50
    984.54      -53.25
    964.58      -60.25
    964.42      -52.75
    949.07      -52.75
    956.51      -65.75
    954.67      -71.50
    937.76      -63.50
    967.69      -49.00
    965.74      -52.00
    936.81      -68.25
   1010.15      -35.75
    935.31      -63.50
    966.80      -43.50
    925.61      -60.75
    954.16      -58.50
    959.03      -55.00
    939.06      -68.75
    964.01      -64.75
    956.76      -53.00
    969.14      -70.25
    964.54      -66.25
    959.58      -51.25
    974.26      -49.00
    966.68      -64.25
    959.63      -54.75
   1001.47      -38.25
    942.57      -70.75
    953.75      -50.50
    943.58      -62.75
    958.52      -56.50
   1010.09      -28.50
    985.10      -43.75
    960.17      -40.50
    955.64      -53.25
    960.83      -61.00
    984.25      -51.00
    965.55      -54.00
    963.22      -61.25
    950.06      -69.75
    958.60      -52.00
    963.32      -65.75
    949.54      -59.00
    976.22      -79.75
    982.60      -46.25
    991.89      -42.25
    988.28      -50.00
   1002.46      -41.25
    998.33      -40.25
   1011.71      -38.25
    943.54      -56.00
    959.99      -59.50
    962.60      -44.00
    944.71      -61.50
    948.28      -62.50
    977.50      -53.50
    939.57      -75.50
    961.67      -66.25
   1012.04      -39.25
    938.39      -66.75
    942.48      -53.75
    972.84      -59.25
    987.89      -51.00
    952.36      -59.25
    957.16      -53.50
    986.97      -52.50
   1010.45      -26.25
    977.99      -40.25
    957.87      -66.00
    993.06      -44.00
    953.97      -63.50
    992.14      -50.50
    930.61      -63.25
    953.10      -63.75
   1001.59      -41.50
   1004.91      -27.75
    982.97      -42.25
    954.90      -60.50
    941.61      -52.75
    952.91      -63.50
    947.66      -67.25
    961.72      -56.25
   1003.98      -33.25
    947.97      -62.75
    992.62      -40.00
    963.77      -79.25
    931.98      -73.00
    962.53      -70.25
    975.67      -59.75
    976.89      -57.00
    965.79      -78.00
    993.27      -37.25
    955.74      -67.50
    948.50      -67.50
    982.96      -45.25
    976.92      -54.00
    975.60      -50.75
    996.52      -33.00
    954.08      -55.00
    982.36      -77.25
    974.66      -53.25
    945.05      -61.25
    967.53      -45.75
    983.71      -41.50
    978.96      -60.50
    939.68      -61.50
    989.77      -47.25
    955.14      -68.50
    981.08      -64.25
    988.16      -68.25
    969.29      -55.75
    953.53      -61.75
    979.38      -45.25
    948.26      -62.00
    929.44      -60.00
    969.58      -51.50
    943.56      -75.25
    976.66      -80.00
    968.24      -43.50
    969.79      -57.50
    974.35      -72.75
    959.71      -65.00
    957.77      -62.50
   1007.15      -32.75
    946.65      -68.25
    991.50      -39.25
    994.53      -46.75
    947.66      -59.75
    953.00      -49.75
    986.39      -40.75
    967.90      -64.25
    978.56      -33.25
    958.80      -61.75
   1011.11      -46.50
    959.47      -59.00
    965.08      -60.75
    988.81      -48.50
    939.82      -64.00
    953.30      -66.00
    988.92      -46.50
    971.16      -54.25
    957.91      -62.00
    944.82      -72.50
   1008.42      -40.75
    956.47      -49.50
   1000.69      -35.00
   1015.81      -40.75
    956.20      -60.50
    947.39      -68.50
    950.15      -72.25
    938.89      -61.00
    944.96      -60.00
    934.51      -69.75
    965.12      -49.00
   1011.44      -43.50
    927.21      -62.50
    931.45      -61.25
    966.02      -62.50
    950.13      -55.75
    974.05      -79.00
    964.16      -46.00
    970.79      -64.75
    985.63      -53.25
   1013.79      -39.75
    963.05      -74.50
    959.18      -61.25
    986.47      -47.75
    957.69      -65.50
    957.96      -63.25
   1002.02      -36.25
    963.07      -81.50
    946.57      -65.00
    957.67      -78.50
    994.60      -39.25
    994.70      -50.25
    943.76      -59.00
    951.15      -57.50
    951.07      -64.50
   1008.72      -50.00
    940.86      -60.00
    929.16      -59.25
    941.11      -63.00
    964.79      -41.25
    998.87      -38.00
    988.07      -45.25
    968.45      -81.75
    967.80      -72.25
    985.57      -57.75
    985.64      -42.00
    958.09      -61.75
    942.21      -60.00
    958.71      -57.00
    966.72      -50.50
    964.22      -56.75
    940.38      -71.25
   1009.73      -42.50
    943.61      -53.00
    958.40      -58.00
    974.74      -44.50
    992.79      -58.50
    952.04      -60.75
    971.23      -57.25
    953.04      -61.75
    925.83      -65.00
    965.47      -53.50
    941.00      -59.00
    984.24      -76.25
    999.36      -41.25
    948.43      -52.00
    947.71      -56.50
    948.99      -46.75
    981.17      -53.00
    966.28      -54.75
    941.48      -64.50
    947.82      -61.75
    933.32      -65.25
    943.21      -55.25
    950.50      -64.25
    978.30      -52.00
    943.35      -68.00
    953.44      -71.75
    954.75      -69.25
    941.46      -64.00
    964.74      -61.75
    933.79      -62.25
    983.35      -43.00
    995.48      -45.00
    989.09      -51.50
    969.60      -49.75
    940.42      -65.00
    999.10      -38.50
   1016.70      -36.00
    959.35      -67.00
    992.73      -40.25
    999.73      -46.00
    946.66      -62.00
    958.30      -78.00
    944.83      -71.00
    938.05      -63.25
    956.34      -59.50
    950.08      -63.75
    970.69      -48.00
    948.22      -66.50
    969.72      -73.25
    979.21      -46.00
    934.61      -65.75
   1012.51      -34.75
    985.84      -40.50
    997.85      -33.00
    947.98      -47.00
    959.17      -54.00
    956.16      -63.50
    927.63      -69.25
    950.74      -51.75
    949.58      -66.00
    982.26      -59.25
    979.09      -48.75
    950.13      -61.25
    971.29      -54.75
    949.53      -64.75
    952.24      -66.75
    971.67      -74.50
    990.78      -48.25
    931.12      -64.25
    966.89      -72.00
    983.43      -42.50
    975.82      -63.50
    978.88      -53.75
    998.25      -34.75
    956.60      -66.50
    982.52      -56.50
   1002.49      -42.50
    970.85      -53.00
    952.43      -65.00
    968.76      -81.25
    942.52      -68.50
    948.06      -66.50
    989.31      -48.50
    959.23      -64.50
    994.09      -42.50
    951.55      -71.00
    952.32      -60.25
    962.00      -65.00
    974.51      -62.50
    934.03      -62.75
    941.55      -66.00
    940.33      -63.00
    953.31      -68.50
    992.59      -43.00
    937.85      -60.75
    943.08      -69.50
    981.58      -54.75
    969.73      -63.25
    993.79      -34.25
    953.02      -72.00
    940.57      -58.00
    942.37      -65.50
    932.98      -73.00
    978.96      -82.75
    983.31      -53.25
    954.67      -61.00
    957.13      -66.50
    947.48      -54.25
    953.11      -72.00
    961.14      -79.75
    988.15      -46.50
    957.40      -56.00
    952.26      -49.00
    993.88      -57.75
   1016.41      -27.00
   1008.46      -28.50
   1004.78      -30.75
    963.30      -65.50
    949.75      -72.50
    985.36      -34.50
    958.21      -63.50
    982.27      -57.25
    955.93      -55.00
    946.12      -74.50
    974.94      -74.25
    930.75      -56.75
    963.93      -51.75
   1007.64      -31.75
    990.72      -50.75
    974.38      -74.00
    995.49      -38.25
    962.82      -66.25
    952.55      -54.50
    966.76      -56.25
    957.02      -61.00
    972.31      -69.50
    932.40      -69.25
    954.69      -54.25
   1000.08      -46.50
    980.77      -51.00
   1009.87      -33.75
    988.71      -58.50
    947.73      -66.25
    963.92      -58.75
    952.22      -61.00
    938.21      -57.25
    942.26      -51.00
   1002.65      -40.00
    976.19      -52.75
    955.32      -60.00
    957.93      -57.00
    972.07      -60.75
    969.46      -44.00
    957.92      -48.25
    981.84      -45.50
    990.39      -79.25
    964.49      -61.50
    945.66      -51.50
    950.55      -61.75
    962.03      -65.25
    958.24      -57.25
    961.58      -61.25
    991.72      -41.00
    942.77      -49.00
    966.97      -63.50
    980.78      -47.50
    985.67      -38.50
    992.02      -42.25
    982.11      -80.00
    960.71      -61.50
    960.08      -71.25
    983.55      -45.00
    994.03      -37.00
    950.83      -59.00
    949.16      -59.00
    930.53      -62.50
    969.29      -66.00
    974.17      -46.25
    969.02      -75.25
    963.78      -62.50
   1000.36      -41.50
    965.95      -54.25
    956.24      -59.25
   1013.49      -32.50
    944.49      -61.75
    931.55      -60.00
    986.20      -56.75
    968.72      -73.25
    963.08      -56.00
    947.48      -56.50
    966.48      -59.25
    955.93      -69.50
    960.19      -63.50
    984.01      -61.25
   1016.72      -28.75
    947.20      -60.00
    964.96      -44.00
    934.65      -60.00
    970.55      -78.75
    939.38      -68.00
    961.18      -64.00
    987.47      -54.75
    972.54      -51.00
    955.07      -57.25
    951.89      -75.25
    959.08      -65.50
    987.14      -45.00
    929.88      -61.25
    959.50      -43.50
    939.78      -72.25
    964.71      -76.25
    940.08      -66.50
    965.43      -64.50
    933.13      -64.75
    963.08      -61.75
    992.15      -40.25
    946.84      -49.25
    977.73      -48.50
    983.16      -39.00
    957.96      -58.50
    941.15      -67.25
    942.40      -66.25
    926.20      -59.00
    970.87      -43.00
    950.94      -64.75
    952.36      -75.25
    943.87      -56.00
    960.95      -63.75
    986.50      -43.50
    940.98      -62.25
    937.30      -63.50
    964.18      -61.25
    927.75      -54.50
    928.99      -68.25
    965.16      -50.25
    952.41      -61.00
    951.12      -52.75
    953.63      -51.75
    929.77      -57.25
    962.01      -78.75
    951.40      -62.00
    977.65      -63.50
    984.02      -51.75
    979.58      -56.50
    969.10      -63.00
    957.76      -56.50
    942.63      -62.50
    957.48      -70.75
   1000.55      -41.25
    967.43      -49.25
    976.71      -62.50
    959.49      -62.00
    954.51      -63.00
    988.95      -77.00
    989.46      -36.50
    956.17      -70.25
   1005.65      -50.25
    923.56      -60.25
    965.94      -48.00
    954.15      -49.50
    971.68      -58.00
   1020.09      -33.25
    980.71      -56.75
    986.57      -47.00
    975.98      -68.75
    976.70      -43.00
    998.90      -27.50
    931.91      -61.25
    980.46      -67.50
    948.05      -58.75
    983.78      -83.25
    993.84      -40.00
    972.52      -43.75
    947.60      -62.50
    994.20      -43.00
    938.34      -59.25
    972.22      -74.75
    969.05      -53.25
    968.86      -55.25
    959.21      -66.75
    949.10      -61.50
    938.44      -60.75
    948.71      -54.75
    937.37      -56.00
    946.62      -74.75
    968.21      -53.25
    963.59      -79.50
    974.56      -58.00
    992.02      -45.50
    953.02      -50.25
    953.76      -59.25
    979.34      -53.50
    982.03      -49.50
    973.13      -52.50
    958.23      -63.25
   1021.25      -25.25
    941.70      -63.75
   1012.44      -30.25
    956.66      -69.50
    977.59      -54.75
    973.91      -60.75
    977.22      -36.25
    993.76      -43.25
    941.97      -61.50
    941.94      -55.75
    935.97      -68.50
    952.53      -62.25
    969.85      -56.25
    987.30      -40.25
    977.08      -62.75
   1013.00      -31.00
    948.62      -58.50
    980.05      -47.50
   1003.77      -38.50
    975.30      -42.75
    997.04      -50.50
    910.94      -69.75
    998.89      -44.00
    949.10      -59.00
    944.05      -63.00
    992.59      -51.50
    976.02      -51.50
   1002.87      -31.00
    947.98      -62.75
   1000.87      -33.50
    958.69      -62.00
    962.59      -52.25
   1006.17      -44.25
    958.74      -56.75
   1011.07      -40.25
    960.20      -64.00
    942.32      -62.00
    966.18      -82.75
    947.28      -54.00
    947.52      -66.75
    969.27      -63.50
    946.84      -73.50
    953.39      -63.00
    967.17      -48.00
    956.46      -53.00
   1014.34      -40.25
    939.99      -62.00
    974.91      -74.75
    933.43      -77.00
    938.47      -59.00
   1003.97      -34.00
    953.26      -59.00
   1007.22      -32.25
    981.17      -53.75
    939.22      -65.00
   1014.91      -34.00
    986.14      -52.00
    961.06      -57.00
    943.51      -70.75
    964.33      -53.00
    948.38      -52.25
    962.35      -70.25
    990.26      -45.25
    975.30      -82.75
    952.08      -53.50
    959.48      -67.25
    951.84      -74.75
   1005.52      -31.00
    989.36      -48.75
    956.41      -71.00
    937.36      -61.50
    960.99      -77.25
    953.57      -72.00
    935.22      -62.50
    944.22      -70.25
    923.96      -69.75
    967.91      -66.25
   1002.39      -34.75
    959.82      -77.50
    949.91      -68.50
    954.55      -46.25
    936.78      -67.50
   1018.02      -27.00
    940.72      -62.00
    955.48      -49.75
   1007.75      -36.25
    966.15      -57.25
    964.33      -61.25
   1003.70      -54.00
    942.52      -64.00
    949.50      -58.00
    966.63      -55.25
    948.00      -71.50
    961.74      -61.25
    961.40      -48.00
    969.49      -76.25
    986.77      -62.25
   1002.32      -38.25
    990.08      -56.00
    969.03      -50.00
    965.39      -66.00
    942.29      -59.75
    949.69      -49.50
    947.01      -50.50
    952.47      -56.25
    955.74      -51.25
    950.43      -66.50
    956.90      -56.75
    984.09      -39.00
    950.21      -71.25
    928.84      -64.25
    962.88      -75.00
    979.94      -54.00
    958.92      -62.50
    987.74      -42.50
    944.06      -54.00
    953.16      -59.75
    955.06      -59.75
    954.92      -53.75
    921.87      -66.25
    947.83      -57.50
    997.27      -42.25
    972.35      -51.50
   1011.62      -29.50
    962.65      -50.00
    965.89      -49.75
   1000.39      -36.75
    969.77      -53.75
    974.99      -81.00
    973.25      -70.50
    954.69      -54.50
    993.85      -72.50
    945.89      -60.25
    969.78      -51.75
    975.70      -48.00
    997.03      -46.00
    978.40      -49.25
    957.82      -72.25
    984.30      -44.25
    946.58      -57.25
    979.63      -73.00
    984.67      -66.25
    941.33      -52.00
    955.97      -58.75
   1010.47      -31.50
   1012.03      -43.00
    978.32      -46.25
    964.41      -55.75
    950.28      -52.25
    961.04      -65.25
    969.26      -80.25
    944.40      -62.00
    945.91      -71.25
    950.83      -58.00
    977.18      -67.00
   1000.78      -40.00
   1015.38      -28.50
    977.45      -51.75
    950.35      -63.00
    974.85      -74.50
    958.08      -57.00
    948.66      -62.50
    934.00      -65.00
    955.70      -62.75
    961.09      -62.75
    967.08      -72.25
    962.69      -60.25
    964.32      -69.50
    945.36      -61.00
    948.08      -62.75
    973.09      -80.75
   1017.72      -27.25
    964.90      -65.25
    954.52      -63.00
   1021.17      -32.50
    964.62      -65.50
    987.23      -48.75
   1004.60      -35.75
    947.48      -62.00
    933.55      -62.25
    965.99      -73.00
   1011.24      -37.50
    991.14      -47.50
    957.84      -63.50
    955.96      -63.25
    997.71      -40.00
    972.41      -48.75
    939.30      -61.50
    983.26      -48.75
    972.56      -69.00
    952.48      -55.75
    974.26      -61.00
    954.53      -54.50
    972.82      -46.75
    969.93      -62.75
    947.91      -72.00
    958.94      -53.25
    936.15      -60.25
    978.76      -46.50
    995.68      -48.00
    976.34      -41.00
   1002.64      -36.00
    952.20      -53.00
    945.23      -63.00
    961.14      -62.00
    935.65      -55.25
    995.13      -45.50
    961.85      -71.75
    968.11      -52.25
    962.42      -53.50
    954.34      -54.50
    951.41      -68.75
    959.98      -70.00
    958.48      -64.00
    975.60      -55.75
    936.92      -59.50
    938.08      -54.00
    980.93      -51.25
    958.31      -60.75
   1001.07      -43.75
    941.84      -60.50
    941.51      -70.00
    980.46      -37.75
    933.30      -59.50
    989.74      -41.25
    968.77      -51.00
    983.24      -50.50
    953.06      -61.00
    938.22      -62.00
    964.65      -52.25
   1014.97      -43.75
    966.86      -73.75
    949.30      -61.25
    948.00      -61.75
   1010.48      -49.50
    957.74      -54.50
    931.98      -68.25
    957.25      -61.50
    949.08      -60.75
    946.03      -71.25
    963.97      -48.00
    946.40      -65.00
    991.65      -52.00
    968.47      -79.25
    966.20      -53.00
    984.74      -54.50
   1008.80      -48.75
   1006.91      -41.75
    942.73      -57.50
    962.08      -63.75
    971.25      -72.25
    961.40      -55.25
    936.37      -63.00
    982.60      -39.25
    981.57      -69.75
    967.70      -65.25
    952.34      -66.50
   1006.41      -36.75
    963.29      -55.25
    964.98      -55.50
    961.74      -62.50
    946.15      -66.50
    961.05      -45.75
    939.93      -62.00
    977.38      -61.00
    962.55      -64.75
    940.32      -64.50
    975.67      -52.50
    952.59      -67.00
    950.55      -60.25
    951.51      -57.75
    974.28      -67.00
    972.56      -55.25
    949.77      -73.50
    962.04      -66.50
    944.91      -70.00
    945.75      -59.25
    990.79      -43.75
    958.76      -59.00
    954.60      -57.50
    944.81      -61.25
    972.19      -77.75
    962.12      -62.50
    988.75      -42.25
    959.93      -49.75
    966.91      -72.25
    977.34      -50.25
    955.45      -53.50
   1015.37      -26.25
    938.26      -69.00
    940.57      -68.00
    935.51      -61.50
   1004.06      -30.75
    963.06      -41.75
    957.28      -59.75
    964.45      -52.50
    985.62      -44.75
    970.15      -49.75
   1004.59      -45.50
    937.29      -72.75
    965.16      -57.00
    978.17      -40.25
    959.74      -68.25
    958.99      -53.75
    988.41      -66.50
    940.97      -59.25
    964.96      -46.75
    951.45      -72.75
    979.20      -75.00
    973.90      -54.50
    995.34      -50.00
    958.74      -70.50
    993.44      -45.25
    954.46      -49.25
    971.29      -44.50
    975.11      -52.00
    965.65      -59.50
    975.55      -62.75
    969.05      -62.25
    995.34      -81.25
    989.50      -68.75
    991.01      -41.50
    975.54      -48.25
    964.86      -61.50
    939.27      -53.00
    949.53      -58.00
    995.16      -43.25
    974.67      -44.00
    989.38      -46.50
    963.24      -58.75
    976.07      -50.75
    956.37      -67.25
    992.10      -48.00
    995.93      -40.25
    963.72      -60.75
    954.88      -61.75
    973.40      -67.75
    935.21      -62.75
    944.25      -73.50
    938.66      -56.75
    959.78      -52.25
    961.28      -80.50
    977.09      -59.75
    987.87      -57.75
   1002.54      -42.00
    966.12      -54.25
    971.74      -66.00
    974.93      -68.75
    944.85      -65.25
    963.80      -49.75
    977.11      -62.00
    997.72      -38.50
   1002.32      -46.25
    937.98      -65.50
    961.17      -54.50
    949.22      -62.75
    991.60      -71.50
    971.44      -69.00
   1007.70      -37.50
    982.06      -52.75
    962.55      -62.50
    984.92      -71.25
    967.84      -73.75
    995.38      -37.75
    988.00      -53.25
    950.45      -69.50
    994.12      -37.75
    941.41      -54.75
    970.98      -80.25
    988.47      -41.25
    955.24      -61.25
    971.82      -51.25
    951.30      -63.50
    969.55      -54.25
   1003.96      -41.75
    930.08      -70.50
    954.26      -61.25
    941.88      -71.50
    957.77      -73.50
    937.05      -58.25
    951.28      -58.25
    978.70      -52.25
    951.26      -63.25
    977.42      -46.00
    952.86      -57.50
    942.63      -62.75
    974.61      -43.50
    996.02      -46.50
    950.01      -55.75
    980.38      -60.25
    981.74      -41.00
    942.98      -59.50
    954.48      -73.75
    962.58      -58.00
    930.36      -65.00
   1014.76      -31.50
    952.14      -71.75
    990.70      -47.00
    977.88      -79.50
    949.76      -56.75
    951.10      -55.00
    958.10      -60.00
    961.34      -64.75
    984.14      -49.25
    981.00      -40.25
    934.22      -64.50
    972.88      -58.50
    961.35      -78.00
    952.51      -64.00
    931.84      -70.00
   1001.07      -41.00
    960.72      -60.25
    961.47      -64.50
    988.56      -45.25
    970.53      -73.50
    950.10      -60.00
    952.68      -65.25
    979.49      -80.50
   1004.61      -30.00
    938.54      -66.00
    965.82      -63.00
   1007.63      -31.25
    970.65      -50.00
    961.01      -66.75
    946.10      -68.00
    978.06      -57.25
    960.76      -48.00
    942.77      -73.00
   1007.13      -31.25
    954.15      -62.25
    990.44      -59.75
    972.53      -65.00
    941.79      -54.50
    979.99      -50.75
    964.60      -63.00
    975.45      -45.25
    980.32      -49.00
    952.78      -56.25
    959.75      -59.00
    977.57      -52.25
    955.22      -58.50
    977.55      -65.75
    960.38      -64.50
    978.94      -69.75
    952.58      -56.00
    932.50      -69.50
    968.72      -50.50
   1014.51      -51.00
    936.84      -66.75
    971.40      -67.00
   1003.30      -39.75
    945.97      -53.25
    958.88      -51.25
    975.12      -81.25
    967.34      -51.00
    979.04      -65.75
    957.45      -50.00
    995.50      -34.75
    951.56      -64.50
    987.85      -39.50
    965.89      -53.00
    982.33      -64.50
    969.81      -58.25
    941.15      -64.00
    951.72      -63.25
    995.91      -41.50
    946.90      -70.50
    960.19      -56.25
    943.14      -62.00
    951.08      -61.00
    976.47      -73.00
    965.46      -68.50
    938.77      -61.75
    996.21      -37.00
    968.68      -51.25
    975.53      -45.25
    974.07      -44.50
    940.46      -57.25
    957.94      -61.75
    993.73      -49.25
    968.84      -57.25
    948.31      -57.75
    998.00      -44.00
    946.37      -63.25
    963.35      -60.25
    998.84      -33.00
    953.85      -55.75
    967.42      -63.75
    974.46      -78.50
    982.12      -80.00
    958.94      -52.75
   1012.86      -26.75
    965.90      -54.75
    941.38      -68.25
    944.32      -56.75
    941.67      -69.75
    951.01      -56.75
    971.81      -61.25
    957.03      -61.00
   1008.64      -31.00
   1011.76      -35.25
    957.48      -63.50
    942.82      -52.75
    978.59      -62.25
    942.09      -69.00
    957.89      -52.00
    999.58      -41.25
    983.66      -45.25
    937.06      -59.00
    964.42      -58.75
    943.68      -66.25
    970.66      -56.25
    954.82      -65.75
    951.91      -61.25
    964.93      -53.00
    941.55      -57.50
    948.36      -49.50
   1001.04      -42.25
    961.72      -59.00
    946.35      -66.00
    952.43      -62.25
    942.34      -68.00
    945.56      -62.75
   1009.39      -41.50
    965.02      -67.00
    950.99      -62.25
    990.51      -56.25
    977.88      -80.75
    936.70      -67.25
    947.64      -64.00
    952.98      -61.00
    963.42      -56.25
    946.24      -60.75
    976.69      -48.00
    993.44      -47.50
    955.71      -61.25
    986.45      -48.50
    969.84      -52.50
    972.01      -66.75
    971.46      -54.75
    973.61      -64.75
    989.99      -43.00
    957.75      -78.00
    957.72      -50.75
   1015.59      -34.25
    962.10      -54.50
    978.39      -45.75
    964.30      -63.50
    954.60      -62.50
    939.31      -57.25
    966.33      -65.00
    968.14      -77.00
    953.39      -63.75
    928.39      -66.75
    976.21      -50.25
    947.02      -59.00
    960.05      -61.00
    939.15      -63.50
   1016.24      -28.25
    924.71      -59.50
    937.29      -61.50
    958.46      -63.75
    946.67      -57.75
    972.84      -45.25
    981.30      -72.25
    979.95      -63.50
    964.02      -78.50
    963.06      -54.75
    985.67      -45.25
    941.50      -66.25
    958.48      -64.00
    965.53      -58.25
   1018.32      -25.25
    987.50      -54.50
    950.72      -56.00
    965.74      -67.75
    970.81      -48.00
    981.16      -66.75
    972.06      -68.00
    987.47      -38.00
    949.67      -57.00
    962.63      -52.50
    959.87      -66.00
    958.20      -64.25
    966.46      -50.00
    964.92      -64.75
    925.21      -59.75
    963.12      -57.25
    995.41      -40.25
    989.16      -41.25
    946.89      -60.50
    981.52      -78.75
    961.73      -65.75
    930.69      -64.25
    954.01      -63.75
    976.33      -53.50
    979.18      -49.25
    958.56      -63.25
   1001.29      -46.25
    967.94      -53.00
    954.58      -59.75
    959.02      -55.50
    963.64      -72.00
    937.62      -56.00
   1019.23      -27.25
    970.47      -71.25
   1003.15      -31.25
    959.83      -56.25
    939.27      -60.25
    930.13      -55.50
    933.48      -62.50
    945.70      -54.00
    965.06      -43.50
    968.87      -44.50
    947.86      -49.25
    966.74      -66.75
    968.39      -58.75
    972.47      -42.00
   1013.37      -38.50
    941.39      -63.75
    975.81      -70.75
    948.84      -64.25
    953.53      -56.25
    980.75      -43.00
    947.09      -62.75
   1016.76      -25.50
    966.39      -57.00
   1019.85      -36.50
    980.22      -51.25
    941.11      -65.50
    964.50      -70.25
    954.66      -63.00
    939.52      -67.25
    960.32      -63.25
    965.02      -67.75
    994.96      -45.25
    970.60      -64.75
    960.61      -58.50
    955.51      -48.00
    957.07      -65.25
    936.06      -71.00
    960.26      -73.75
    982.32      -45.50
    944.37      -60.25
    930.67      -66.75
    938.46      -61.25
    986.92      -46.00
    945.86      -54.00
    939.60      -60.50
    949.01      -58.50
    960.06      -60.75
   1011.98      -29.50
    973.56      -74.50
   1008.90      -35.25
    950.40      -57.00
    970.73      -45.00
   1015.67      -27.00
    944.69      -64.75
    984.68      -38.25
    962.78      -64.75
    962.55      -57.00
    953.22      -62.50
    976.11      -59.25
    969.01      -80.75
    952.38      -58.25
    970.81      -52.00
    976.80      -55.50
    991.23      -39.50
    942.22      -53.50
   1010.58      -32.75
    961.71      -67.75
    956.01      -54.50
    943.46      -62.00
    948.72      -58.00
    945.63      -70.50
    948.78      -64.00
    975.32      -44.00
    932.92      -58.50
    973.76      -63.50
    965.23      -65.75
    948.53      -63.00
    945.69      -59.75
   1000.94      -34.75
    934.75      -67.75
    966.36      -76.00
    990.72      -42.75
    940.52      -64.75
    994.76      -46.00
    933.94      -68.50
    963.94      -81.25
    933.25      -57.00
   1003.63      -36.25
    944.77      -65.50
   1000.43      -46.25
    953.82      -53.25
    956.33      -64.25
    963.78      -78.00
    947.33      -69.00
    958.82      -56.75
    955.14      -60.50
    969.77      -68.75
    946.62      -61.75
    969.84      -63.75
    967.92      -61.25
    968.07      -59.75
    952.73      -58.50
   1006.47      -37.75
    981.62      -62.25
    937.78      -55.25
    989.30      -38.50
    976.22      -79.00
    938.46      -57.75
    992.05      -32.25
    930.31      -68.75
    966.17      -64.25
    987.56      -39.50
    953.54      -73.00
    971.53      -59.75
    948.12      -62.50
    982.03      -43.00
    945.07      -57.25
    958.98      -69.00
    976.61      -79.75
    965.05      -56.25
    965.15      -63.50
    982.67      -60.00
    986.67      -44.00
    960.55      -60.00
    977.50      -56.00
   1002.82      -39.25
    957.30      -65.75
    968.51      -42.75
    988.76      -46.50
    965.38      -63.25
    950.80      -69.25
    972.96      -49.75
    983.28      -59.75
    941.63      -58.75
    945.32      -55.25
    947.80      -59.00
    975.67      -45.75
    984.86      -38.00
    975.64      -81.00
    985.18      -55.00
    985.43      -63.75
    969.61      -52.00
    964.84      -61.50
    944.25      -57.75
    993.97      -35.25
    963.88      -57.00
    992.78      -36.50
    961.96      -73.00
   1009.53      -34.00
    949.73      -56.75
    960.27      -67.75
    978.66      -48.75
    945.36      -66.25
    956.51      -56.75
    962.50      -67.00
    965.88      -65.25
    989.99      -45.75
    945.47      -59.75
    945.10      -66.50
    957.70      -53.00
    942.69      -64.00
    993.53      -41.00
   1004.17      -32.00
    926.82      -66.75
    996.66      -43.25
    956.34      -56.25
    923.55      -71.75
    997.35      -35.00
    966.02      -64.25
    945.13      -66.50
    971.01      -53.50
    963.54      -49.50
    964.30      -57.25
    951.52      -63.50
    950.74      -47.75
    972.10      -78.50
    977.37      -55.25
    943.58      -67.25
    961.08      -56.50
    939.65      -60.50
    930.35      -73.25
    995.97      -40.50
    951.72      -72.00
    961.60      -55.25
    950.38      -64.00
    957.09      -65.75
   1011.52      -40.00
    949.42      -63.75
    971.90      -80.75
    952.97      -64.75
    969.24      -56.25
    940.88      -56.75
    944.39      -57.00
    995.88      -45.00
    965.86      -50.00
   1015.51      -36.00
    940.01      -67.00
    955.05      -71.75
    963.64      -69.00
    963.55      -61.75
    948.37      -73.50
    931.10      -63.50
   1000.28      -41.75
    957.97      -51.75
    952.76      -73.25
    961.55      -65.25
    962.62      -63.25
   1020.11      -28.25
   1002.99      -37.50
    955.67      -68.75
    951.47      -56.50
    942.85      -62.25
    925.27      -76.75
    950.02      -74.00
    994.37      -45.00
   1019.28      -29.25
    944.94      -61.50
    963.82      -45.00
    992.06      -44.00
    959.35      -65.00
    933.88      -70.00
    971.85      -62.75
    935.12      -63.25
    986.18      -48.25
    958.47      -63.00
    979.08      -46.50
    944.23      -65.25
    969.18      -58.25
    956.39      -77.25
    925.10      -70.25
    967.56      -59.00
    936.64      -63.75
    943.82      -57.25
    983.76      -66.00
    964.81      -50.50
    977.31      -54.25
    957.99      -77.50
   1005.63      -38.25
    922.78      -69.00
    992.87      -34.25
    953.32      -53.25
    981.65      -48.25
    921.76      -73.25
    953.93      -61.00
    963.50      -61.75
    971.91      -58.50
    983.12      -48.00
    958.80      -59.50
   1001.23      -31.75
    970.05      -54.75
    938.92      -67.75
    945.63      -70.50
    946.51      -59.00
   1002.35      -44.00
    928.70      -75.75
    985.80      -78.25
    941.29      -57.75
    966.47      -72.25
    982.64      -43.00
    963.61      -64.00
    962.05      -52.25
    949.40      -57.50
    946.58      -62.25
    953.71      -62.75
   1002.98      -40.00
    960.56      -56.25
    982.69      -52.00
    933.98      -70.00
    943.59      -52.50
    925.36      -68.00
    956.56      -61.25
    994.61      -56.50
    962.67      -62.25
    941.47      -61.75
    975.57      -79.50
    940.12      -63.00
    973.94      -70.25
    970.70      -65.00
    990.70      -38.50
    944.98      -58.25
   1002.07      -31.25
    962.58      -65.50
    962.72      -65.50
   1025.99      -32.25
    961.70      -79.25
    939.01      -63.00
    953.07      -64.00
    947.93      -64.25
    969.84      -68.25
    975.23      -52.50
    931.63      -64.75
    942.26      -63.75
    993.39      -51.50
   1008.17      -36.25
    961.58      -62.25
   1002.38      -34.75
    978.01      -46.50
   1000.99      -33.50
    979.99      -51.50
   1006.25      -31.00
    948.09      -53.00
    969.08      -51.75
   1006.02      -44.50
    943.83      -64.00
    965.29      -61.75
    971.71      -54.50
    956.55      -64.25
   1018.58      -41.25
    952.70      -60.50
    947.39      -70.00
    952.83      -52.25
    984.02      -39.75
    916.76      -70.00
    987.54      -50.25
    981.78      -47.25
    954.43      -63.25
   1017.72      -30.75
    990.45      -50.50
   1016.28      -25.75
    933.96      -63.25
    968.92      -49.00
    957.58      -64.25
   1022.24      -27.50
    936.09      -62.00
    924.83      -65.25
    937.11      -69.00
    950.23      -68.50
    942.85      -64.00
    945.96      -70.00
    998.13      -44.50
    979.52      -53.00
    997.75      -47.50
    945.80      -72.25
    980.94      -49.25
    981.47      -44.50
    961.07      -62.50
    930.25      -70.50
    926.85      -61.50
    987.13      -46.50
    952.82      -61.25
    963.70      -61.75
    941.29      -77.75
    951.90      -65.50
    998.97      -46.25
    976.94      -42.00
    961.83      -62.25
    946.55      -55.00
    938.70      -65.25
    952.69      -65.75
    946.29      -74.50
    968.70      -54.75
    988.08      -79.25
   1012.94      -30.75
   1004.83      -39.00
    985.31      -57.50
    967.22      -51.25
    979.31      -51.75
    959.21      -61.25
    953.26      -61.50
    964.38      -64.75
    959.45      -53.00
    950.64      -67.25
    983.30      -79.25
    961.57      -62.50
    967.80      -53.00
    951.20      -59.75
    970.76      -58.00
    958.03      -61.50
    969.11      -47.00
    978.84      -64.75
    977.73      -69.75
    991.22      -44.75
    967.16      -71.00
    983.70      -42.00
    960.14      -57.75
    947.74      -71.25
    995.93      -41.25
    952.71      -55.75
    960.64      -54.25
    935.24      -63.50
    941.10      -57.25
    982.16      -45.75
   1006.02      -40.00
    948.11      -63.50
    956.98      -64.00
    975.05      -53.25
    957.91      -63.00
    945.24      -73.00
    964.65      -53.75
    988.25      -54.25
    952.21      -65.00
    991.43      -68.25
    966.92      -64.50
    952.28      -60.75
    972.59      -80.25
    975.05      -38.75
    963.39      -50.00
    944.92      -61.25
    956.73      -62.50
    974.30      -75.50
    990.22      -41.50
    955.61      -58.50
    992.98      -29.50
    995.94      -40.50
    979.32      -40.50
    971.20      -48.25
    948.98      -61.00
    966.72      -76.00
    948.55      -61.75
    994.93      -42.50
    950.42      -63.50
    976.97      -59.25
    999.28      -38.25
    957.30      -61.25
    961.46      -59.50
    937.18      -57.75
    954.30      -69.25
    986.69      -63.75
    964.35      -47.75
   1003.31      -41.75
    979.19      -52.00
    976.01      -61.00
    954.76      -58.50
    998.01      -49.75
    960.39      -78.25
    958.55      -64.25
    949.46      -61.50
    951.00      -69.75
    972.96      -78.50
   1013.80      -30.00
    984.64      -47.50
    949.65      -68.50
    981.15      -42.50
    953.46      -52.25
   1006.14      -42.00
    997.39      -35.75
    992.12      -55.75
    949.71      -57.50
    950.02      -60.50
    962.03      -50.75
    962.48      -67.25
    956.87      -53.00
    975.88      -49.75
    959.13      -55.00
    934.01      -56.75
    960.29      -59.50
    973.36      -80.75
    978.17      -47.50
    975.25      -38.75
    936.15      -55.50
    962.10      -51.00
    951.82      -66.25
    965.21      -66.25
    980.19      -49.25
    977.90      -48.25
   1015.95      -34.75
    956.01      -62.50
    962.09      -68.75
    924.85      -67.25
    974.59      -54.25
    989.01      -44.00
    940.54      -64.25
    944.09      -70.75
    943.51      -65.25
    959.72      -45.00
   1006.00      -36.50
    974.08      -52.50
    954.16      -55.25
    955.83      -69.75
    945.56      -62.25
    993.50      -47.50
    991.66      -39.25
    999.27      -33.50
    940.35      -61.50
    954.29      -69.75
    943.78      -51.25
    947.73      -67.75
    953.73      -59.75
    943.53      -66.00
    927.96      -61.00
    969.89      -46.50
   1003.09      -32.25
    952.07      -73.50
    938.76      -63.50
    992.76      -55.00
    931.82      -59.25
   1016.33      -28.00
    957.66      -65.75
    948.42      -58.00
    944.29      -52.00
    934.02      -53.00
    968.48      -42.25
    962.71      -63.50
    989.04      -48.50
    971.75      -72.25
   1006.75      -42.00
    941.55      -59.25
    936.61      -72.50
   1004.17      -47.00
    966.71      -80.00
    945.42      -62.50
    995.00      -40.75
   1005.19      -45.00
    986.59      -51.00
   1015.87      -28.25
    943.03      -61.75
    954.51      -71.75
    996.59      -44.25
    942.32      -61.75
   1012.47      -33.00
   1006.82      -42.75
    954.45      -62.75
    931.93      -74.75
    941.57      -65.75
    956.65      -64.50
    957.07      -64.25
    966.12      -53.25
    944.14      -68.25
    973.89      -50.25
    972.64      -52.25
    973.80      -64.75
    940.06      -60.25
    958.09      -71.00
    965.08      -58.25
    994.63      -47.25
   1004.74      -32.50
    986.33      -68.25
    950.69      -59.00
    986.82      -39.50
    966.30      -60.75
    936.72      -56.25
    948.49      -64.75
    989.84      -45.25
    951.68      -61.50
   1003.33      -34.25
    979.74      -64.75
    951.99      -60.50
    937.67      -58.25
    956.13      -52.50
    942.28      -59.25
    966.08      -62.75
   1000.97      -45.00
    969.46      -56.25
    957.97      -57.25
   1006.37      -44.00
    971.55      -59.25
    950.80      -60.25
    949.76      -64.00
    982.26      -74.50
   1018.69      -30.75
    979.90      -77.75
   1020.96      -36.75
    956.31      -66.25
    937.74      -71.25
    954.27      -60.50
    946.62      -71.75
    980.28      -46.75
    942.47      -55.25
    965.74      -63.00
    969.18      -55.50
    988.66      -48.50
    963.53      -65.50
   1001.86      -36.50
    977.11      -49.00
    982.40      -40.50
    958.80      -66.50
    962.82      -56.75
    937.05      -60.25
    958.93      -57.75
    945.32      -63.50
    996.24      -41.50
    946.40      -66.75
    971.05      -57.50
    974.48      -43.00
    952.79      -64.00
    965.90      -78.25
    974.00      -61.50
    952.56      -67.50
    934.24      -63.25
    937.45      -80.00
    953.84      -57.50
   1001.53      -37.00
    963.19      -50.00
    965.72      -52.25
   1011.41      -36.00
    984.03      -53.25
    947.38      -65.50
    963.70      -58.25
    997.17      -46.00
    946.54      -58.25
    942.21      -71.00
    969.59      -53.00
    965.58      -56.25
    948.36      -65.50
    977.02      -73.75
    935.73      -62.00
    969.63      -60.75
    992.45      -44.75
    964.75      -66.50
    977.16      -49.75
    982.31      -40.75
    954.04      -64.50
    982.26      -35.00
    929.50      -57.00
    951.33      -72.50
    975.40      -79.00
    989.02      -42.75
    972.45      -60.50
    954.11      -65.50
   1002.28      -41.00
    948.61      -52.25
    961.44      -62.50
    941.33      -69.00
    983.68      -40.75
    976.62      -63.25
    944.56      -55.00
    977.06      -79.75
    992.95      -40.75
    943.17      -64.75
    957.38      -58.75
    965.26      -68.25
    942.69      -64.00
    949.35      -67.25
    948.53      -62.50
    981.90      -45.25
    973.66      -60.75
    992.02      -80.25
   1002.57      -38.75
   1019.12      -30.50
    974.49      -59.25
    933.31      -63.75
    993.89      -55.00
    960.50      -66.75
    974.90      -52.50
    968.27      -52.50
    948.16      -66.00
    980.23      -53.75
    963.28      -71.00
    942.60      -61.00
    970.19      -48.50
    966.89      -48.25
    969.83      -69.00
    951.91      -74.50
    952.71      -63.00
    964.02      -67.75
    953.38      -65.25
    953.12      -58.50
    968.24      -49.75
    954.08      -59.00
    942.29      -54.50
    931.50      -57.75
   1014.49      -27.50
    990.74      -40.75
    972.86      -62.75
    984.11      -42.25
    963.59      -61.25
    969.60      -66.75
   1019.16      -26.00
    958.27      -66.00
    977.01      -67.00
    985.05      -37.25
    943.30      -65.00
    969.97      -54.75
    976.62      -66.75
    931.11      -66.50
    927.68      -70.75
    957.56      -53.00
    940.07      -77.75
    959.81      -47.25
    946.01      -63.50
    951.15      -63.50
    974.39      -60.75
    964.64      -58.50
    955.70      -57.50
    985.70      -37.75
    966.11      -70.00
    973.78      -79.50
    959.61      -74.00
    982.58      -61.25
    940.58      -58.25
    993.85      -44.75
    944.62      -67.25
   1013.83      -29.50
    972.81      -67.00
    973.51      -62.25
    972.45      -66.25
    976.83      -51.50
    978.48      -56.50
    951.81      -61.50
   1003.38      -33.75
    980.28      -48.25
    943.43      -52.75
    974.81      -53.00
    976.46      -43.75
    983.61      -79.25
    968.41      -53.50
    959.71      -48.00
    958.76      -56.00
    999.57      -40.50
    952.53      -50.50
    959.63      -52.75
    947.89      -60.75
    974.38      -49.25
    934.82      -69.25
    996.93      -38.00
    977.11      -62.25
    974.70      -48.50
    972.61      -71.75
    955.21      -61.00
    967.02      -68.50
    971.78      -61.25
    976.39      -49.25
    942.38      -57.25
    978.69      -52.75
    953.51      -53.50
    962.58      -52.25
    977.54      -64.25
    955.61      -56.75
    964.74      -67.50
    950.38      -65.25
    971.32      -66.00
    988.12      -35.50
    960.57      -54.50
    976.76      -45.75
   1009.73      -41.75
    978.56      -67.75
    970.41      -58.25
    969.73      -40.50
    947.45      -64.75
    934.56      -53.50
   1012.06      -35.50
    970.98      -62.75
    977.22      -49.75
    960.72      -49.00
    956.80      -61.75
    982.78      -72.00
    973.22      -52.50
    958.30      -69.50
    946.80      -70.75
    953.14      -60.50
    952.51      -56.75
    973.32      -48.50
    972.76      -52.00
    956.71      -59.75
    938.27      -58.25
    941.21      -65.25
    960.44      -78.75
    962.89      -63.00
   1004.24      -36.50
   1013.76      -39.25
    979.56      -52.25
    997.03      -50.75
    955.24      -60.75
    927.92      -62.25
    984.87      -38.50
    961.76      -59.00
   1007.00      -41.75
    979.26      -49.00
    957.31      -70.75
    974.95      -81.00
    980.66      -63.75
    946.05      -65.25
    927.25      -65.75
    970.20      -51.50
    966.79      -49.00
    951.85      -69.00
    947.82      -59.75
    962.88      -59.75
    969.31      -53.25
    940.21      -54.25
    935.75      -71.50
    937.14      -57.75
    948.08      -70.75
    975.76      -60.00
    960.96      -50.00
    934.07      -58.25
    992.20      -70.25
    953.68      -75.75
    937.38      -62.75
    980.19      -42.50
