    956.86      -60.75
    975.70      -49.00
    963.84      -58.50
    967.93      -61.50
    961.05      -57.25
   1004.21      -37.00
    967.59      -60.25
    951.86      -67.75
    980.13      -59.00
    957.35      -62.25
    931.45      -63.00
    971.30      -63.75
    982.44      -48.50
    957.90      -60.00
   1003.70      -40.75
    984.14      -44.50
    947.61      -62.50
    980.00      -76.00
    941.03      -71.50
    963.07      -65.75
   1006.35      -39.00
    948.39      -64.00
    988.70      -49.25
    964.11      -68.50
    942.82      -61.25
    957.99      -60.75
    969.40      -55.50
    995.74      -44.25
   1007.86      -30.00
    964.14      -58.75
   1009.66      -37.25
    958.38      -67.50
    973.51      -58.00
   1008.62      -31.75
    980.64      -54.00
    995.23      -35.25
    959.07      -61.75
    966.02      -67.50
    997.02      -34.25
    965.22      -60.50
    995.99      -42.75
    988.38      -40.75
    966.59      -68.00
    957.21      -60.75
   1002.21      -30.50
    961.77      -63.00
    946.31      -65.50
    972.36      -60.50
    983.95      -41.75
    935.69      -67.75
    948.79      -61.25
    988.45      -43.75
    957.44      -61.25
    949.79      -57.50
    953.14      -62.00
    982.07      -49.75
    961.61      -62.50
    976.57      -81.75
    967.56      -52.25
    965.63      -49.75
    944.16      -62.25
    953.92      -57.25
    984.39      -73.00
    950.01      -59.25
    954.69      -65.25
   1004.98      -32.00
   1002.74      -46.75
   1009.57      -36.00
    967.85      -62.75
   1007.05      -29.75
    956.74      -63.25
   1004.17      -46.75
    972.69      -79.25
    971.83      -49.50
    947.95      -60.00
    985.24      -41.00
    965.64      -59.75
    977.12      -57.00
    957.51      -68.25
    973.10      -55.25
    965.74      -57.50
    967.77      -45.25
    954.98      -63.75
   1004.52      -43.00
    997.61      -43.00
    968.94      -57.50
    955.74      -60.75
    950.72      -59.75
    984.94      -62.75
    986.24      -57.00
    991.57      -53.75
    970.23      -72.50
    939.46      -61.50
    986.37      -38.00
    964.25      -65.50
    951.14      -59.00
    987.81      -47.50
    942.48      -66.25
    946.16      -61.25
    967.95      -60.50
    980.50      -40.25
    959.51      -56.00
    959.06      -49.75
    963.63      -51.00
    959.58      -62.25
    986.20      -38.75
    991.59      -47.75
    958.73      -62.50
    952.95      -68.75
    970.58      -60.00
    937.92      -59.50
   1012.36      -27.50
    948.91      -55.00
    932.46      -70.50
    982.20      -50.75
   1011.52      -44.00
    971.88      -50.75
    953.54      -50.75
    968.06      -67.75
    931.95      -56.50
    971.12      -54.50
    981.24      -46.25
    970.94      -46.00
    962.54      -62.50
   1001.15      -64.25
    960.25      -59.75
    999.63      -36.00
    979.58      -60.75
    973.23      -59.25
    966.42      -65.00
    958.00      -56.50
   1001.96      -77.00
    968.36      -47.50
    971.13      -48.00
    967.11      -51.25
    992.62      -47.50
    990.28      -60.00
   1001.51      -62.75
    974.91      -57.75
    962.80      -58.50
    967.94      -55.25
   1000.78      -35.75
    968.84      -62.00
    991.36      -49.75
    988.88      -57.00
    951.19      -62.25
    950.01      -62.75
   1002.31      -72.75
    999.33      -65.75
    964.18      -56.25
    956.89      -53.75
    993.84      -56.00
    994.73      -44.00
    939.96      -50.25
    966.51      -57.50
    946.34      -62.75
    984.65      -49.00
    977.40      -57.00
    969.84      -63.50
    956.13      -54.75
   1003.30      -30.00
    977.96      -68.00
    954.95      -60.25
    967.44      -61.50
    959.43      -59.75
    960.17      -64.25
   1000.62      -39.00
    937.46      -55.75
    956.63      -54.00
    970.05      -57.50
    982.32      -32.25
    948.05      -59.00
   1003.72      -47.75
    974.92      -73.75
    974.85      -58.50
    971.47      -57.50
    971.95      -60.00
    999.73      -38.25
    976.54      -47.00
    981.12      -50.00
    954.86      -61.25
    965.52      -53.75
   1009.96      -38.00
    985.17      -77.00
    954.06      -57.00
    956.96      -62.00
    932.67      -68.00
    966.72      -58.75
    976.36      -53.50
    991.60      -49.00
   1012.88      -30.75
    956.07      -57.00
    946.85      -59.00
    949.31      -60.50
    939.93      -71.00
    949.12      -69.25
    962.15      -49.75
    959.80      -54.25
    950.13      -61.75
    978.63      -78.25
    961.00      -61.50
    939.40      -66.00
    951.55      -58.25
    963.52      -44.00
    945.38      -65.25
   1000.46      -46.00
   1003.37      -45.00
    986.07      -80.00
    961.17      -59.25
   1008.77      -27.25
    963.86      -56.75
   1012.96      -25.75
    989.27      -46.75
    957.47      -61.25
    992.12      -53.75
    962.17      -54.25
    946.70      -61.00
    956.66      -61.25
    977.41      -70.75
   1012.30      -37.50
    988.16      -38.25
    959.11      -59.50
    950.28      -69.75
   1006.13      -35.75
    963.75      -57.00
    994.14      -50.25
    989.85      -57.75
   1002.80      -28.00
    956.56      -71.75
    955.81      -61.75
    970.79      -56.75
    975.93      -59.75
    994.90      -47.25
    952.61      -71.50
    993.50      -41.00
    941.67      -64.75
    956.51      -60.00
   1002.33      -38.75
    973.11      -73.50
   1012.07      -35.75
    958.90      -59.00
    960.40      -72.50
    950.90      -62.00
    959.22      -58.50
    966.48      -59.25
   1005.32      -32.25
    948.20      -72.25
    966.89      -57.50
    959.46      -59.75
    951.29      -60.25
    961.89      -62.25
    945.95      -59.00
   1000.93      -38.25
    948.84      -60.25
    949.39      -61.50
    980.59      -80.25
    959.45      -63.25
    948.32      -64.25
    951.73      -70.75
    954.03      -65.75
    936.43      -63.00
    955.44      -67.25
   1006.62      -27.50
    999.77      -35.25
    963.57      -65.00
    936.76      -53.75
    971.66      -50.00
    949.02      -58.50
    977.91      -79.75
    987.85      -47.25
    955.83      -60.25
    976.33      -63.25
    957.82      -69.25
    960.20      -59.75
    951.08      -67.75
    951.51      -59.75
    944.72      -54.50
    978.07      -71.00
    963.76      -54.50
    981.35      -57.50
    960.13      -63.25
    965.95      -62.00
    978.84      -48.75
    976.32      -66.50
    984.28      -62.00
    950.04      -63.00
    982.56      -68.25
    948.62      -61.50
   1002.23      -33.25
   1005.71      -36.75
    930.80      -61.50
    959.35      -64.75
    965.29      -60.75
   1002.55      -37.25
   1008.09      -30.50
    936.05      -70.75
    970.04      -63.50
   1010.27      -29.50
    965.54      -59.25
    963.31      -59.75
    993.98      -43.50
    979.80      -43.25
    952.21      -60.00
    978.13      -55.00
    988.74      -57.25
   1009.87      -30.25
    946.53      -67.75
    967.24      -62.50
    972.99      -54.75
    967.84      -57.75
    990.62      -47.50
    954.10      -58.00
    959.62      -65.00
    984.14      -55.00
    943.74      -58.50
    990.15      -43.75
    955.84      -57.50
    961.22      -57.25
    957.97      -61.00
    963.87      -66.50
    969.66      -50.75
    993.11      -54.75
    961.99      -75.00
    967.11      -56.00
    981.05      -55.00
   1001.81      -26.25
   1008.49      -27.75
    938.74      -70.75
    972.52      -63.50
    956.38      -55.50
    953.21      -53.50
    954.68      -72.00
    988.87      -56.75
    962.07      -73.00
    948.30      -66.25
   1011.28      -42.50
    967.14      -63.00
   1011.29      -26.25
    997.31      -47.25
    965.90      -50.25
    946.77      -64.00
    968.80      -51.50
    957.24      -58.75
    974.43      -58.50
    989.22      -32.25
    977.61      -56.50
    968.68      -54.25
    987.53      -47.50
    955.21      -64.75
    950.52      -62.75
    960.94      -50.25
    966.78      -60.00
    986.99      -55.25
    989.62      -38.75
    963.72      -73.75
    951.98      -60.00
   1013.41      -29.50
    947.10      -62.25
    941.03      -56.25
   1012.56      -27.25
    946.44      -67.75
    941.74      -50.75
    967.28      -60.50
    993.64      -43.00
    969.72      -56.50
    946.77      -62.25
   1002.19      -47.75
    995.99      -46.00
    917.16      -61.25
    950.90      -60.00
    949.44      -61.00
    965.88      -78.50
    950.85      -63.00
    978.62      -44.25
    961.49      -66.50
    995.63      -46.25
    959.26      -63.50
    929.44      -67.25
    981.60      -42.25
    963.90      -53.50
    964.70      -56.25
    932.39      -63.75
    984.29      -58.25
    953.09      -61.75
    938.31      -64.75
    990.48      -41.50
    949.63      -52.00
    944.81      -65.00
    945.75      -67.50
    955.60      -63.50
    962.40      -48.00
    949.86      -52.00
    986.47      -40.75
    941.15      -60.25
    975.37      -64.75
    989.11      -45.25
    969.93      -56.00
    980.10      -58.00
    967.66      -80.50
    958.17      -64.50
    957.24      -64.75
    958.32      -59.75
    993.02      -54.75
    991.73      -37.50
    983.10      -45.75
    960.60      -68.00
   1013.22      -25.75
    946.59      -53.00
    930.41      -64.00
    941.08      -65.00
    979.19      -51.00
    959.83      -62.50
    978.93      -62.75
    948.79      -57.50
    962.90      -48.50
    970.29      -81.50
   1005.33      -42.50
   1014.70      -26.75
    977.62      -63.25
    968.08      -57.50
   1008.12      -40.00
   1005.13      -37.00
    963.59      -55.25
    959.54      -52.25
   1009.30      -30.00
    969.63      -62.25
    971.78      -59.00
    996.22      -56.75
    958.14      -65.50
    968.40      -64.00
    955.02      -74.25
    953.26      -69.50
    965.35      -58.25
    987.35      -58.25
   1009.69      -43.75
    992.03      -36.50
    963.95      -70.50
    955.71      -62.50
    966.44      -63.75
    982.82      -54.25
    960.53      -62.50
    964.01      -54.50
   1004.70      -31.50
    958.67      -49.75
    953.51      -60.25
    946.74      -61.50
    957.19      -60.00
    957.88      -64.50
   1009.44      -25.50
    950.75      -54.75
    981.95      -53.00
    947.44      -66.00
    969.26      -68.75
    991.31      -40.25
    937.20      -62.75
    939.65      -59.00
    961.34      -66.75
    991.90      -60.00
    965.34      -64.50
    990.77      -53.50
   1012.25      -28.25
    950.90      -60.25
    978.84      -61.00
   1009.87      -26.50
    946.51      -61.00
    978.20      -49.00
    993.75      -49.75
    952.43      -66.75
   1011.77      -34.75
    946.57      -66.25
    944.74      -54.50
    944.79      -62.75
    977.31      -56.50
    986.31      -41.50
    967.74      -59.25
    974.01      -56.75
    991.26      -44.50
    948.01      -64.00
    990.13      -38.50
    968.93      -63.75
   1008.43      -32.50
    965.61      -48.25
    969.27      -70.50
    953.47      -64.25
    973.86      -57.00
    966.79      -67.75
   1005.20      -27.50
    986.82      -50.00
    978.87      -37.50
    967.91      -55.00
    941.96      -60.25
    995.36      -49.50
    970.84      -49.50
    932.92      -68.50
    949.76      -60.75
    944.44      -65.50
    961.85      -57.00
    943.78      -61.25
    945.82      -63.75
   1009.32      -39.75
    995.86      -33.25
    983.68      -51.75
    963.25      -67.25
    939.16      -62.50
    979.91      -49.75
    950.26      -59.50
    956.73      -66.25
    939.23      -62.50
    950.58      -67.75
    954.51      -54.75
   1007.92      -34.25
    965.54      -56.75
    981.96      -44.50
    937.10      -65.75
    980.97      -48.25
    988.76      -47.25
    966.99      -56.50
    994.99      -45.75
    983.15      -46.75
    961.03      -73.75
   1012.27      -27.75
    960.07      -62.50
    966.69      -72.25
    956.56      -50.00
    955.61      -60.50
   1010.13      -41.00
    954.76      -61.50
    956.91      -61.50
    965.26      -52.00
    960.45      -60.25
    939.12      -62.00
    944.77      -50.75
    974.08      -50.50
    950.39      -52.00
    955.07      -59.75
    964.99      -52.75
    989.41      -53.00
    951.40      -52.50
    939.48      -63.00
   1009.63      -27.75
    986.36      -73.50
    942.80      -64.50
    999.16      -43.50
    955.65      -66.75
    950.66      -56.00
    976.62      -61.00
    978.64      -50.75
    962.01      -59.00
   1006.56      -31.75
    949.37      -56.50
    952.15      -51.00
    991.95      -43.25
    994.78      -52.25
    956.64      -60.00
    958.52      -61.25
    996.74      -41.75
    961.17      -64.25
    978.40      -44.25
    980.00      -46.75
    949.31      -70.50
    957.92      -59.50
    965.03      -65.75
    960.39      -46.50
    957.31      -80.00
    977.70      -77.00
    969.98      -65.50
    983.89      -41.75
    941.61      -63.50
    966.48      -62.50
    949.05      -54.25
    987.71      -37.25
    976.68      -38.50
    976.71      -58.50
    978.76      -62.50
    962.70      -54.50
    994.91      -36.25
    945.77      -57.75
    937.07      -71.25
    966.94      -56.25
    951.87      -67.50
    962.27      -55.50
    963.95      -51.25
    996.99      -55.25
    969.91      -68.75
    940.95      -61.50
    954.33      -43.25
    960.30      -57.00
    973.33      -63.25
    950.40      -61.50
    954.19      -67.75
    991.77      -44.50
    975.67      -59.25
    937.46      -61.75
    976.16      -54.25
    993.87      -49.00
    938.87      -61.50
    956.54      -66.50
    967.01      -80.75
    998.99      -38.50
   1016.73      -27.50
    958.59      -72.50
    962.17      -56.50
    968.33      -57.25
    946.64      -52.00
    967.73      -80.50
    961.06      -59.75
    974.09      -63.50
    950.80      -61.50
    932.47      -56.50
    955.73      -71.50
    956.75      -67.25
    988.76      -57.25
   1021.35      -31.75
    945.03      -59.50
   1011.46      -29.00
    977.29      -54.75
   1012.84      -38.50
    949.18      -75.25
    949.89      -61.75
    959.91      -74.50
    955.55      -62.75
   1005.66      -32.75
    956.46      -57.25
    957.32      -68.00
    944.06      -58.00
   1005.77      -38.00
    969.81      -71.00
    974.33      -53.75
    950.37      -73.75
    986.27      -50.50
    974.56      -46.25
    958.02      -63.50
    959.66      -60.25
    964.58      -62.50
    956.55      -57.50
    969.86      -68.25
    967.66      -64.25
   1007.60      -29.50
    964.44      -58.00
    966.80      -47.00
   1004.25      -42.50
    953.95      -56.75
    936.25      -58.50
    930.55      -62.25
    972.78      -74.75
    963.59      -54.75
    975.29      -67.75
    967.32      -57.00
    970.05      -78.75
    969.83      -50.75
    982.07      -81.00
    954.31      -51.00
   1009.58      -29.75
   1002.10      -40.50
    968.39      -72.25
   1008.76      -36.50
    945.48      -70.00
    956.37      -65.50
    978.36      -51.25
    989.54      -78.50
    968.31      -63.75
    959.83      -56.75
   1008.10      -31.25
    980.15      -75.00
    938.08      -70.00
    969.48      -50.75
    958.48      -69.50
    989.72      -50.75
    987.16      -54.00
    957.86      -57.50
    972.62      -80.25
    950.13      -56.25
    989.77      -48.50
    983.42      -44.75
    965.14      -65.25
    999.25      -34.50
    940.23      -62.25
    974.79      -59.75
    951.45      -63.00
   1006.89      -34.25
    948.02      -67.25
    959.80      -70.25
   1010.63      -25.50
    982.59      -46.50
    940.40      -55.50
    966.72      -64.50
    971.18      -67.50
    953.84      -57.75
    951.07      -59.50
   1001.78      -44.75
    991.68      -35.75
    962.13      -61.75
    967.07      -60.50
    970.45      -60.75
    948.14      -60.00
    958.60      -53.50
    983.00      -56.00
    987.00      -81.50
   1009.60      -39.75
   1003.06      -36.75
    932.07      -69.25
    987.24      -80.50
    958.09      -71.00
    966.49      -58.50
    988.05      -45.25
    947.64      -59.25
    972.73      -75.00
    960.50      -56.25
    961.60      -57.00
   1010.32      -37.75
    945.08      -63.00
    953.05      -56.00
    937.50      -59.25
    974.31      -53.25
    948.82      -65.50
    960.48      -68.75
    966.99      -71.75
    971.35      -57.75
    966.66      -56.75
    959.45      -61.50
    968.27      -62.50
    951.19      -61.25
    989.19      -52.50
    942.30      -63.25
   1018.11      -29.25
   1002.13      -46.25
    993.57      -51.50
    956.55      -64.75
    961.77      -61.75
    988.19      -52.50
    936.35      -61.25
    980.66      -46.75
    951.35      -71.25
    938.33      -57.75
    941.68      -64.00
   1005.38      -34.50
   1005.83      -28.25
    961.01      -61.75
    985.53      -54.50
    958.29      -54.50
    991.80      -41.00
    960.63      -61.75
    988.64      -29.75
    950.64      -61.00
    942.60      -59.50
    980.56      -81.75
    955.78      -56.00
    950.44      -61.50
   1004.97      -40.25
   1001.58      -35.50
   1003.55      -31.25
    956.25      -66.50
    979.72      -63.00
    933.48      -62.00
    990.99      -47.50
    961.99      -58.00
    982.58      -44.75
    962.10      -50.25
    947.41      -60.25
    965.03      -51.75
    992.03      -49.50
    970.50      -78.25
    946.03      -60.50
    939.43      -58.50
    965.13      -66.75
    960.94      -61.50
    942.92      -69.00
    978.57      -50.50
    979.51      -71.50
    962.78      -60.50
    968.33      -57.00
    951.04      -64.50
    983.63      -53.50
    959.36      -74.25
    971.65      -76.00
    981.22      -50.25
   1003.65      -46.00
   1004.25      -42.50
    990.11      -50.75
    942.57      -60.75
    963.26      -74.25
    954.88      -50.75
    951.85      -62.25
    990.10      -47.25
    940.75      -70.25
    967.16      -49.75
    945.93      -74.50
    987.55      -41.50
   1008.50      -44.25
    947.24      -56.75
    943.96      -60.25
    962.73      -69.25
    945.44      -68.50
    975.89      -58.00
    968.51      -50.25
    951.49      -72.75
    919.33      -63.00
    966.54      -42.25
    952.64      -62.50
    970.21      -43.75
    983.40      -54.25
    940.54      -68.50
    960.63      -44.75
    969.25      -57.75
    960.20      -66.75
    951.96      -62.75
    953.92      -54.00
    955.20      -73.50
    959.49      -69.50
    957.32      -77.25
    948.71      -54.00
    970.73      -47.25
    939.18      -70.25
    956.42      -59.75
    976.07      -59.25
    980.50      -79.25
    980.96      -44.75
   1007.33      -29.50
    963.61      -70.50
    957.55      -55.00
    984.61      -52.50
    947.07      -75.25
    952.43      -73.75
    954.40      -55.00
    944.98      -61.50
    996.02      -56.00
   1010.89      -28.50
    952.15      -56.25
    961.52      -54.00
    994.84      -41.25
    953.83      -47.00
    983.18      -39.75
    986.68      -43.75
    941.47      -63.75
    951.34      -65.00
    969.54      -62.50
    955.45      -59.75
    954.20      -60.75
    976.25      -48.50
    951.62      -70.00
    947.86      -56.75
    969.43      -54.00
    982.24      -49.00
    999.30      -35.00
    978.04      -45.50
    971.49      -53.00
    961.10      -70.25
    972.29      -79.25
    940.10      -60.75
   1007.27      -29.50
    956.03      -68.75
    964.79      -63.25
    954.65      -51.75
    955.70      -65.00
    994.27      -56.00
    955.41      -57.25
   1009.15      -25.25
   1004.99      -34.25
    951.79      -71.00
    949.17      -61.75
    948.85      -63.75
    964.85      -59.00
    983.49      -57.50
    980.64      -53.50
    957.26      -71.50
    968.24      -57.25
    973.60      -65.25
    955.46      -64.50
    947.35      -60.25
    981.08      -58.50
    963.24      -55.00
    957.61      -69.75
    952.02      -61.25
    943.18      -69.75
    936.92      -81.50
    971.92      -66.25
    956.06      -66.00
   1005.71      -31.00
   1008.89      -31.00
    951.69      -55.00
    967.04      -49.75
    990.10      -46.75
   1007.86      -41.50
    933.51      -66.50
    976.43      -64.75
    968.99      -78.75
   1015.19      -28.25
    960.28      -64.00
    953.06      -63.50
    957.48      -51.25
    988.99      -57.25
   1002.57      -38.75
    962.56      -64.50
    983.78      -50.50
    972.16      -64.25
    935.43      -67.50
    952.95      -57.00
    941.67      -50.50
    995.90      -42.50
    946.26      -63.50
    956.68      -67.75
    983.06      -62.50
    952.64      -67.00
    995.97      -33.00
    979.47      -63.50
    995.38      -47.25
    972.84      -58.25
    960.56      -56.75
    958.31      -79.50
    948.26      -61.50
    962.69      -53.00
   1005.02      -32.00
    956.24      -59.50
    952.25      -53.25
    973.85      -68.50
    940.44      -70.50
    969.71      -49.50
    960.13      -55.00
    975.43      -64.75
    967.12      -51.00
    987.74      -79.50
    964.96      -49.75
    952.77      -71.00
    994.13      -41.00
    972.81      -57.75
    966.87      -68.75
    968.98      -47.00
    988.33      -79.50
    960.17      -61.50
    958.37      -52.75
    980.45      -69.50
    965.91      -49.25
    987.14      -41.25
    943.39      -60.50
    977.92      -49.25
    962.20      -64.25
    948.03      -63.00
    976.12      -51.25
    978.69      -46.00
    950.20      -65.75
    945.44      -64.75
    957.83      -66.00
    956.99      -63.25
    995.55      -46.00
   1013.85      -29.00
    948.02      -64.50
    949.51      -55.50
    949.32      -64.25
    936.04      -70.50
    968.31      -64.75
    946.14      -67.25
    937.30      -57.75
    979.63      -53.25
    959.13      -62.75
    998.63      -31.75
    968.38      -57.25
    963.61      -59.75
    938.18      -62.50
    972.52      -57.25
    956.19      -59.25
    952.76      -55.50
    990.46      -40.50
    942.66      -67.50
    977.53      -54.25
    935.43      -56.25
   1011.45      -35.75
    949.48      -59.00
    975.61      -79.00
    973.55      -43.50
    939.26      -64.75
    963.37      -67.25
   1013.95      -32.50
    952.75      -55.25
    969.52      -65.75
    974.97      -52.00
   1000.55      -41.25
    952.31      -63.50
    954.92      -77.75
    958.00      -56.75
    963.63      -67.00
    958.84      -49.00
    989.46      -49.75
    993.77      -50.25
    939.05      -61.00
    951.43      -72.00
    938.81      -60.00
    960.93      -47.00
    965.40      -58.75
    943.74      -63.50
    980.34      -73.25
    953.72      -54.75
    988.33      -49.00
    982.21      -66.00
    943.93      -59.50
    962.87      -76.00
    933.45      -60.50
    968.86      -62.50
    985.57      -47.50
    951.93      -62.00
    976.32      -69.50
    982.57      -51.50
    960.58      -52.75
    963.01      -51.00
    972.90      -59.00
    961.25      -44.00
    995.92      -36.25
    960.66      -75.75
    955.77      -65.75
    973.55      -51.00
    972.29      -55.00
    996.36      -60.75
    998.86      -35.50
    955.73      -69.25
    981.26      -44.00
    983.51      -47.25
    957.20      -49.75
    985.90      -49.50
    947.86      -63.00
    971.72      -67.00
    948.92      -55.75
    936.77      -58.75
    967.74      -40.75
    998.36      -37.00
    959.97      -64.50
   1010.71      -42.25
    981.35      -38.25
    951.11      -52.50
    953.39      -58.75
    959.19      -63.75
    953.51      -66.00
   1003.52      -39.75
    951.38      -54.00
    944.48      -60.00
    994.78      -48.00
    967.17      -68.50
    960.68      -60.25
    967.55      -54.00
    956.42      -61.00
    948.13      -61.00
    943.55      -63.25
    961.29      -64.50
   1003.30      -26.25
    983.85      -82.25
    953.28      -51.25
    962.94      -63.25
    956.16      -66.25
   1011.06      -28.00
    943.03      -60.75
    945.52      -64.00
    968.75      -59.75
    950.60      -63.50
    957.42      -74.75
    957.01      -59.50
    968.82      -64.50
    981.30      -52.75
    957.25      -66.25
    958.10      -54.50
    954.68      -63.00
    956.05      -60.75
   1003.93      -35.75
   1000.42      -32.75
   1014.17      -33.50
   1006.98      -34.00
    985.37      -47.75
   1006.05      -38.00
    971.63      -62.25
    940.41      -66.50
    956.53      -67.00
    962.66      -57.25
   1005.60      -44.00
    966.85      -60.75
    956.48      -65.50
    959.14      -60.50
    945.18      -56.50
    977.26      -82.25
   1004.48      -41.25
   1011.01      -33.50
    965.52      -56.00
    934.90      -64.00
    965.81      -62.75
    963.95      -52.25
    966.15      -61.00
    954.91      -64.25
   1005.70      -35.75
    931.32      -68.75
    971.76      -46.50
    970.19      -55.50
   1010.21      -28.00
    948.33      -70.50
    983.89      -81.00
    997.92      -43.50
    952.22      -60.50
    960.84      -58.50
    982.97      -53.50
   1009.66      -30.75
   1008.87      -34.00
    974.36      -70.50
    945.99      -60.75
    939.82      -63.75
    981.34      -45.25
   1005.29      -35.00
    945.89      -56.25
    994.64      -43.50
    986.26      -50.25
    960.19      -66.00
    958.21      -78.50
    970.49      -67.00
    981.71      -49.75
    962.58      -64.75
   1009.38      -36.25
    979.69      -37.50
    954.08      -64.25
    969.09      -77.50
   1008.72      -38.00
    949.62      -64.50
    956.73      -61.50
    945.64      -61.25
   1009.42      -37.50
    968.06      -70.75
   1012.01      -28.00
    951.03      -62.50
    942.49      -67.50
    940.38      -65.00
    991.21      -49.50
    966.62      -57.25
    945.00      -61.25
    960.14      -59.50
    953.36      -60.00
    949.96      -61.25
    951.84      -61.25
    935.08      -66.50
    983.37      -53.75
   1012.08      -32.50
    997.76      -38.50
    944.23      -73.50
    952.77      -62.75
    950.38      -63.50
   1007.85      -48.00
   1000.23      -40.00
    992.19      -50.50
   1006.53      -33.75
    964.55      -57.75
    959.28      -66.25
    969.32      -53.50
    972.70      -44.75
    952.50      -54.00
    987.31      -77.25
    952.78      -65.25
    973.70      -40.75
   1007.26      -29.00
   1004.72      -37.00
    949.52      -57.25
    970.31      -51.25
    935.36      -61.25
    937.93      -61.25
    952.45      -51.75
    972.91      -50.50
    978.80      -77.75
    964.86      -63.75
    948.80      -62.25
    970.85      -65.50
   1005.20      -32.00
    972.97      -59.75
    939.31      -64.50
   1008.35      -32.75
    985.95      -58.00
    956.00      -65.50
    925.66      -73.50
    958.16      -59.00
    962.13      -66.50
    955.74      -62.00
    981.79      -47.50
    967.06      -58.00
    954.56      -62.50
   1002.16      -45.50
    975.77      -70.00
    977.38      -49.50
    934.47      -69.25
    978.18      -51.75
   1007.10      -30.75
    981.01      -71.50
    945.27      -63.50
    954.15      -56.25
    994.51      -48.75
    963.65      -61.25
    974.28      -72.75
    944.02      -63.50
    970.72      -54.75
    945.92      -62.75
    960.90      -62.50
    963.73      -60.50
    958.83      -65.50
    998.92      -47.75
    944.36      -71.25
    940.55      -71.25
   1001.64      -41.75
    973.52      -55.75
    946.85      -62.75
    982.03      -50.25
    947.90      -79.50
    967.71      -59.75
    930.65      -61.50
    952.20      -73.50
    965.50      -65.75
    943.53      -63.00
    942.65      -72.75
    946.94      -57.75
    969.83      -57.75
    939.76      -68.00
    986.60      -40.50
    940.40      -64.25
    943.42      -60.75
   1011.33      -42.75
    935.43      -63.50
    938.88      -65.75
    968.93      -39.25
   1008.71      -38.75
    962.68      -63.75
    965.88      -71.25
    967.59      -69.25
    973.55      -73.00
    968.94      -57.75
    989.66      -43.25
    942.24      -64.25
    973.56      -46.50
    952.65      -72.75
    956.97      -61.00
    977.83      -51.00
    965.21      -64.75
    968.59      -73.75
    946.82      -61.75
    977.62      -47.75
    971.11      -39.25
   1007.26      -41.50
    961.60      -59.25
    976.10      -48.75
    944.59      -64.00
    972.92      -62.00
   1004.02      -27.75
    970.34      -53.00
   1005.91      -43.25
    959.97      -63.50
    979.56      -48.50
    958.60      -61.00
    953.51      -63.25
   1001.00      -37.25
    976.25      -80.75
    951.37      -60.50
    956.33      -66.25
    963.93      -71.25
    965.84      -57.75
    990.87      -41.75
    964.80      -61.50
   1001.37      -34.00
   1010.07      -34.25
    951.42      -62.50
    964.31      -60.25
    967.11      -46.50
   1014.25      -28.25
    947.45      -61.25
    966.93      -73.50
    950.86      -63.00
    964.17      -56.75
    984.09      -59.50
    941.35      -65.25
    950.00      -62.50
   1001.96      -39.00
   1007.50      -35.75
    956.19      -61.00
    958.50      -57.75
    968.04      -65.50
    959.27      -53.75
    971.02      -67.00
    984.64      -44.25
    973.80      -53.25
    955.91      -63.75
    995.13      -37.75
    969.75      -45.00
    937.06      -67.25
    937.62      -61.00
    951.28      -61.75
    963.58      -59.00
    956.40      -60.50
    977.43      -78.25
    940.51      -65.25
    954.63      -50.00
    985.33      -52.25
    965.15      -72.75
    959.58      -65.50
    958.19      -64.00
    984.27      -48.25
    961.54      -62.00
    957.04      -65.50
   1006.73      -29.00
    988.08      -38.50
    944.77      -72.75
    951.15      -61.25
   1013.26      -35.00
    972.74      -63.75
    997.35      -28.75
   1000.44      -39.75
    963.82      -69.25
    958.98      -49.00
    963.17      -73.25
    964.72      -55.25
    945.30      -73.00
    959.44      -61.00
    974.80      -62.00
    964.11      -69.75
    927.58      -62.75
    964.46      -66.50
    960.76      -52.00
    965.62      -63.50
    949.67      -63.00
    938.11      -67.25
    938.73      -66.25
    992.96      -44.75
    945.70      -77.25
    981.20      -46.75
    951.01      -60.75
   1007.14      -32.25
    980.72      -47.25
    964.19      -51.50
    987.92      -46.50
    973.01      -62.25
    936.04      -56.25
   1002.97      -46.75
    955.00      -62.25
    979.88      -47.75
    943.18      -63.75
   1005.44      -32.75
    963.18      -81.00
    975.07      -60.00
    975.96      -76.00
    966.45      -65.25
    951.37      -59.25
    944.55      -63.00
    952.97      -57.75
    975.67      -54.50
   1007.72      -37.25
    935.82      -63.00
    973.81      -66.75
    987.08      -50.00
    967.77      -61.75
    953.25      -57.00
    969.71      -55.50
   1009.86      -27.00
    962.09      -68.50
    942.78      -50.00
    961.47      -57.50
    962.15      -64.25
    953.48      -72.75
   1014.90      -34.25
    986.21      -56.00
    940.01      -62.50
    985.80      -42.50
    981.62      -44.00
    954.85      -60.00
    954.53      -60.50
    965.45      -52.00
    947.31      -63.25
    970.97      -50.25
    971.92      -49.75
    968.23      -72.00
    971.20      -56.25
    965.39      -56.25
    965.07      -60.00
    986.15      -78.50
    978.82      -46.00
    944.79      -60.00
    974.56      -62.50
    977.09      -47.00
    963.87      -62.50
    953.23      -63.75
    958.28      -61.25
    955.80      -55.75
    924.44      -71.50
    940.17      -62.50
    974.70      -51.25
    947.52      -57.50
    950.33      -60.25
    965.72      -68.75
    960.31      -71.50
    923.55      -64.00
   1013.12      -32.25
    982.45      -61.00
    935.03      -64.00
    954.50      -58.75
    971.13      -57.50
   1006.94      -31.25
    986.34      -47.75
   1014.65      -30.00
    998.77      -41.00
    949.04      -62.75
   1013.17      -26.00
    958.24      -58.50
    952.60      -62.75
    951.82      -66.25
    957.07      -57.75
    941.76      -69.75
    944.08      -62.00
    968.48      -52.00
    952.72      -53.00
    957.36      -64.00
    957.25      -57.50
    967.29      -52.25
   1012.72      -43.00
   1013.70      -34.50
    954.60      -66.50
    968.13      -50.75
    972.57      -57.75
    955.66      -57.50
    962.10      -58.00
    958.26      -62.75
    947.47      -66.25
    956.55      -60.75
    954.64      -60.75
    949.61      -70.00
    954.98      -63.50
    961.30      -60.00
    969.15      -42.00
    962.98      -58.50
    979.96      -52.00
   1002.89      -38.25
    951.21      -72.50
    944.01      -68.75
    968.09      -63.75
    937.83      -64.25
    966.83      -69.25
    938.14      -58.50
    939.32      -58.00
    984.95      -44.25
    947.85      -71.00
    963.43      -67.50
    937.61      -67.00
    944.79      -64.00
   1000.38      -44.75
    974.05      -50.25
    973.23      -80.00
    954.79      -62.50
    968.39      -62.25
   1011.59      -35.00
    950.24      -65.75
    945.27      -73.50
   1004.42      -31.25
    960.79      -65.50
    950.49      -59.50
    972.88      -62.00
    984.68      -46.50
    988.26      -52.50
    983.87      -58.25
    946.06      -62.75
    936.22      -68.75
    949.10      -62.50
   1008.76      -25.75
    979.76      -52.50
   1008.57      -41.00
    947.75      -71.75
    935.97      -61.75
    939.64      -67.00
    962.64      -81.25
    965.90      -58.50
    978.63      -66.25
    944.93      -62.00
    972.89      -66.50
    988.42      -46.50
    948.92      -63.25
   1007.28      -28.75
    956.03      -60.25
    963.18      -61.75
    934.85      -59.75
    951.26      -60.00
    972.87      -62.75
    954.24      -74.00
   1001.31      -38.50
    960.99      -65.25
    958.06      -64.50
    955.07      -62.50
    979.30      -52.50
    949.72      -57.25
    970.32      -78.25
    984.01      -51.50
   1007.70      -30.00
    995.28      -45.00
   1000.51      -36.50
    968.19      -59.50
    974.11      -67.50
   1016.38      -34.75
    957.55      -60.00
    991.84      -46.25
   1014.96      -32.50
   1008.32      -29.50
    964.60      -61.50
    982.00      -45.50
    972.59      -61.25
    981.07      -78.75
    944.73      -61.25
    957.86      -68.25
    963.67      -68.50
    954.97      -55.00
    948.24      -65.00
    973.86      -53.25
    947.62      -71.50
    980.09      -40.00
    960.98      -54.50
    946.41      -63.75
    963.10      -56.25
    961.78      -66.00
    967.41      -72.75
    970.30      -61.50
    995.37      -33.25
    975.28      -56.75
    945.82      -60.00
    962.92      -63.00
    940.19      -60.25
    986.06      -58.75
    940.03      -65.25
   1011.41      -26.25
    997.52      -37.75
    965.39      -59.25
    946.51      -56.50
    952.08      -62.25
    955.44      -60.25
    951.54      -63.75
    969.50      -59.50
    999.86      -49.75
    955.20      -63.75
    966.59      -59.00
    951.50      -69.75
    975.75      -58.00
   1010.64      -26.50
    977.80      -61.25
    970.85      -63.75
    956.99      -66.00
    976.02      -61.50
    977.73      -77.25
    994.79      -33.00
    961.21      -69.25
    952.07      -63.00
    933.40      -64.25
    959.66      -50.25
    958.50      -66.25
    973.77      -72.25
    970.39      -60.50
    995.75      -39.00
   1008.72      -27.75
    989.82      -62.50
    960.96      -72.25
    983.65      -39.50
    956.01      -62.25
    975.18      -48.00
    962.34      -54.00
    957.99      -55.75
    950.65      -66.50
    999.65      -45.00
    950.95      -56.00
    967.53      -58.75
    942.86      -75.50
    944.99      -61.75
    964.39      -71.50
    994.21      -46.75
    973.64      -59.50
    974.41      -57.00
    943.66      -72.75
    968.76      -48.50
    990.09      -41.75
    950.74      -71.50
    950.07      -61.00
    958.91      -60.50
    982.71      -80.00
   1016.36      -36.50
    990.17      -48.50
    949.64      -77.00
    949.84      -60.00
    979.68      -46.00
    982.82      -52.25
    954.22      -71.50
    942.10      -63.25
    952.80      -56.50
    923.96      -68.50
    943.12      -63.25
    946.37      -62.25
   1001.86      -33.00
    947.42      -70.75
    955.06      -78.75
    966.92      -53.25
    937.43      -73.50
    944.19      -63.50
    975.06      -43.00
    950.15      -65.25
   1000.08      -41.75
    988.59      -41.50
    945.62      -60.75
    980.38      -44.00
    970.54      -51.75
    946.26      -66.25
    966.90      -62.25
    948.68      -63.50
    990.17      -42.25
    955.17      -56.25
    954.61      -60.00
    972.52      -43.50
    958.21      -61.50
    972.27      -54.25
    985.89      -69.00
    956.54      -52.25
    959.22      -51.00
    939.93      -59.00
    973.98      -36.75
    982.94      -43.00
    937.16      -71.50
    950.51      -48.50
    955.63      -67.50
    941.87      -63.25
    984.42      -40.25
    970.89      -76.75
    942.32      -71.50
    974.86      -80.50
    957.36      -68.25
    966.35      -51.75
    947.51      -57.50
    942.42      -66.25
    952.93      -60.75
    985.18      -43.50
    962.37      -74.50
    971.10      -37.75
    958.22      -65.25
    945.17      -62.75
    956.82      -62.00
    966.81      -53.00
    964.03      -73.25
   1000.31      -52.75
    957.48      -69.50
    951.40      -66.25
    952.26      -60.25
    975.59      -46.75
    960.54      -60.00
    948.49      -60.75
    975.76      -45.75
   1002.68      -27.75
    957.84      -62.75
    978.51      -52.75
    960.00      -56.50
    944.62      -62.75
    937.34      -56.25
    988.75      -52.25
   1007.98      -43.25
    965.63      -62.75
    963.30      -62.00
    972.22      -80.50
    970.26      -60.50
    952.20      -67.25
    963.24      -62.00
    957.09      -56.25
    956.77      -66.25
    951.18      -59.50
    964.10      -49.50
    951.72      -58.25
    964.44      -71.00
    961.20      -52.50
    961.36      -50.00
   1008.16      -45.50
    947.78      -61.25
    942.04      -64.25
    967.05      -65.50
    954.20      -61.50
   1001.07      -45.00
    973.15      -81.50
   1000.07      -49.50
    971.19      -58.75
    989.73      -50.00
    938.72      -64.75
    965.38      -78.75
    942.09      -60.00
    974.22      -78.75
    947.47      -64.75
    940.05      -62.75
    961.06      -62.50
    945.86      -63.25
    985.95      -51.75
    950.02      -59.25
    945.23      -67.00
    966.18      -82.25
    957.19      -64.00
    951.81      -61.00
   1003.87      -40.25
    965.32      -69.00
    978.40      -64.25
    970.06      -53.75
    971.24      -67.75
    965.61      -52.75
   1015.53      -29.50
    960.47      -63.75
    980.03      -45.75
    981.14      -38.50
    936.71      -66.00
    955.69      -58.50
    979.53      -47.25
    955.64      -56.75
    944.12      -75.25
    947.52      -61.50
    970.06      -53.50
   1004.24      -41.75
    952.36      -68.50
    957.07      -56.75
    948.14      -60.50
    943.33      -62.50
    989.46      -54.50
    937.21      -65.75
    950.57      -68.00
    949.60      -64.75
    967.37      -57.25
    950.76      -62.75
    966.34      -59.25
   1012.56      -34.25
    963.45      -56.75
    948.22      -59.75
   1008.63      -26.50
    952.78      -62.25
    974.09      -69.50
    949.43      -64.75
    965.03      -49.50
    957.65      -60.50
    928.95      -72.25
    946.74      -64.00
    982.34      -47.00
    957.32      -62.00
   1014.33      -26.50
   1009.98      -31.50
    967.26      -68.75
   1009.13      -40.50
    956.93      -74.75
   1001.07      -39.00
    957.30      -63.50
    965.37      -42.25
   1012.06      -26.75
    990.49      -47.00
    955.37      -61.25
    960.06      -69.75
    962.24      -62.25
    935.33      -63.25
   1006.98      -39.50
   1002.42      -53.50
   1010.53      -29.75
    964.07      -81.50
    952.05      -54.50
    975.50      -54.25
    951.94      -67.75
    934.34      -59.50
   1005.86      -31.25
    963.55      -58.50
    951.59      -64.50
   1006.55      -32.00
    951.56      -50.75
    945.48      -72.00
   1014.73      -45.00
   1006.55      -42.00
    941.24      -63.75
    945.52      -71.75
    954.41      -67.75
   1001.80      -45.25
    991.90      -37.75
    961.36      -62.50
    952.08      -59.75
    949.54      -68.75
    954.92      -53.75
   1012.87      -29.00
    969.80      -62.75
    963.75      -56.50
    941.15      -64.25
    956.10      -61.25
    960.51      -61.75
    949.33      -67.75
    982.15      -42.00
    968.40      -64.25
   1004.88      -39.75
    961.66      -61.75
    934.45      -60.75
    959.40      -72.50
    985.89      -37.75
    940.52      -70.50
    979.99      -42.25
   1003.88      -43.75
    979.87      -38.25
    954.38      -59.75
    994.52      -38.75
    954.66      -55.50
    967.21      -66.25
    983.50      -42.50
    943.12      -61.50
    940.01      -61.75
    953.34      -72.25
   1006.10      -26.75
    952.55      -59.50
    950.50      -52.75
    942.00      -55.75
    960.93      -55.75
    957.72      -69.50
    966.55      -68.75
    965.13      -53.50
   1012.94      -34.00
    944.94      -73.50
    933.84      -62.50
   1013.76      -33.25
    969.13      -57.50
    953.00      -49.00
    985.35      -57.50
    954.31      -50.50
    961.92      -53.50
    970.76      -67.25
    952.83      -66.50
    950.38      -65.50
    996.08      -44.50
    956.93      -48.25
    959.51      -69.25
   1011.76      -40.75
    948.43      -62.25
    953.35      -47.75
    960.10      -51.25
    976.01      -79.25
    961.24      -68.00
   1000.01      -43.25
    981.68      -43.25
    992.64      -38.25
    969.38      -61.25
    947.21      -50.25
    941.61      -65.50
    951.18      -64.00
    951.87      -60.00
    973.59      -53.00
    975.63      -73.25
    984.69      -38.25
    951.67      -57.00
    981.47      -46.25
    949.75      -59.25
    953.41      -61.50
    926.30      -60.75
    936.91      -61.50
    942.05      -63.00
   1012.28      -33.00
    965.23      -55.25
    940.85      -65.50
    955.48      -60.75
    939.19      -57.25
    979.97      -40.25
    953.78      -57.75
    966.42      -47.50
    959.74      -59.75
    957.81      -66.50
    969.21      -52.25
    992.02      -48.75
    990.41      -53.50
    952.68      -64.75
    948.57      -59.75
    984.38      -45.75
    959.47      -62.00
    990.51      -47.75
    940.69      -68.75
    955.93      -64.75
    950.32      -68.00
    959.16      -61.50
   1010.16      -41.25
    987.56      -52.75
   1002.20      -31.00
   1009.03      -47.50
   1008.31      -33.00
    961.05      -75.50
    951.96      -67.25
    984.77      -79.25
   1004.82      -28.50
    957.65      -61.75
    957.49      -61.75
    960.53      -57.50
    981.53      -67.50
    998.32      -55.00
    952.04      -60.75
    964.35      -55.25
    989.95      -42.25
    968.62      -53.75
   1000.58      -31.75
    968.13      -71.00
    972.68      -51.00
    946.76      -67.75
    978.73      -75.25
   1006.88      -29.50
    939.41      -60.75
    936.00      -60.25
    938.28      -64.75
    965.18      -53.25
    959.40      -57.75
    953.06      -61.75
    985.07      -44.25
    969.47      -65.50
   1003.68      -40.75
    941.60      -59.75
    979.53      -80.25
   1009.93      -41.25
   1014.86      -33.00
    946.47      -63.75
    949.41      -65.75
    952.78      -61.25
    945.47      -67.25
    975.63      -55.50
    945.35      -63.75
    976.16      -50.50
   1021.71      -37.75
    957.68      -64.00
    966.33      -62.00
    943.04      -55.50
    935.72      -71.50
   1008.74      -39.75
    951.64      -65.50
    964.15      -51.50
    964.36      -57.50
    964.61      -58.75
    960.21      -65.25
    971.74      -60.00
   1020.12      -35.25
    963.96      -65.25
   1005.87      -39.25
    954.82      -72.00
    962.05      -56.25
    960.69      -61.50
    948.36      -65.75
    949.86      -67.75
   1012.87      -27.50
    988.72      -43.25
    957.14      -65.50
    953.89      -55.50
    937.77      -61.00
    964.60      -54.25
   1008.84      -30.50
    996.97      -49.00
    965.54      -60.75
    992.32      -40.50
    989.95      -48.75
   1000.69      -36.75
    941.79      -60.75
    955.84      -58.50
    951.96      -72.50
    974.12      -59.00
    975.80      -62.00
    947.94      -65.25
    965.85      -64.00
    953.24      -62.75
    938.25      -62.50
    986.84      -39.25
    951.59      -59.00
    969.57      -73.75
    990.63      -34.50
    953.98      -73.00
    943.94      -65.75
    950.42      -59.25
    968.25      -65.75
    960.46      -62.50
    969.51      -56.75
    961.70      -62.25
    997.22      -40.00
    944.20      -60.00
    969.40      -54.25
    955.25      -69.75
    954.65      -63.25
    966.43      -63.00
    986.52      -46.75
    947.99      -63.75
    962.82      -67.50
    951.01      -64.25
   1009.65      -26.75
    950.94      -58.50
    972.69      -79.75
    953.28      -69.50
    994.86      -48.50
    967.43      -51.25
    981.91      -52.50
    949.42      -64.75
    958.99      -63.00
    948.80      -66.75
    948.51      -61.75
    955.29      -60.25
    974.14      -61.75
    944.06      -58.25
    955.59      -61.00
    955.52      -52.00
   1009.36      -33.00
    976.10      -76.75
   1008.65      -30.00
    960.00      -67.75
    941.11      -62.25
   1000.05      -45.75
    943.33      -62.50
   1005.38      -34.50
    950.90      -52.50
    943.74      -63.75
    966.93      -64.75
    965.29      -53.75
    968.27      -61.00
    997.06      -44.25
    992.64      -47.50
    968.68      -53.75
    993.34      -48.50
    959.60      -51.25
   1001.55      -30.50
    982.98      -52.50
    940.92      -65.25
    927.54      -64.00
    960.86      -82.00
    962.71      -58.25
    943.95      -59.00
    950.72      -62.25
    974.64      -73.75
    954.03      -66.25
    988.53      -49.50
    951.84      -61.75
    963.85      -65.75
   1001.39      -31.25
    990.21      -39.75
    948.12      -64.00
    967.35      -56.50
    961.80      -57.50
    958.70      -73.75
    928.39      -69.50
    943.69      -59.25
    963.19      -45.50
    942.39      -68.75
    947.84      -66.00
    959.52      -64.75
    973.31      -45.75
   1010.47      -37.75
    969.11      -50.00
    937.06      -65.00
   1004.30      -40.25
    945.36      -61.50
    986.50      -53.75
    997.36      -40.00
    976.16      -80.50
    972.29      -68.00
    947.34      -60.50
    948.34      -63.50
    934.94      -71.00
    923.42      -65.25
    939.77      -60.00
    971.52      -61.75
    977.00      -48.25
    971.34      -47.50
    999.64      -37.75
    946.36      -54.75
    957.13      -79.00
    980.11      -67.75
    948.66      -61.75
    956.42      -64.00
    976.68      -42.00
    946.36      -66.25
    967.45      -59.25
   1009.80      -38.50
    966.78      -50.75
    973.35      -49.50
    961.70      -45.00
    943.73      -61.75
   1015.00      -34.75
    953.69      -57.25
    958.25      -60.50
    974.59      -73.75
    962.94      -53.00
   1017.88      -28.00
    977.74      -65.75
    966.00      -56.50
    970.43      -64.50
    955.69      -59.25
    976.25      -69.75
   1015.42      -28.25
    944.96      -62.75
    955.36      -66.75
    948.41      -58.25
    992.67      -39.25
    949.13      -57.25
    962.91      -53.00
    949.93      -67.00
    992.92      -40.25
    967.10      -64.75
    987.58      -39.75
    971.30      -54.00
    972.41      -62.25
    973.40      -57.50
    961.94      -56.25
    941.90      -60.25
    946.39      -62.50
    974.22      -49.50
    941.54      -65.75
    968.48      -59.50
    965.94      -54.50
    956.42      -59.75
    961.77      -63.75
    957.25      -60.50
    962.88      -71.25
   1003.27      -30.25
    967.43      -64.50
    969.83      -58.50
    953.89      -71.25
    951.23      -72.50
    940.02      -61.50
   1009.18      -30.00
   1008.99      -31.75
    978.57      -74.75
    957.70      -62.75
    944.05      -66.00
    996.97      -36.00
    965.51      -58.75
   1008.47      -37.50
    982.57      -51.25
    961.56      -48.25
    965.83      -64.25
    969.51      -58.50
    963.84      -53.50
    989.02      -66.00
    961.10      -67.25
    978.15      -54.00
   1007.22      -30.25
    975.28      -52.25
    967.61      -51.50
    977.64      -78.00
    961.39      -60.50
    994.09      -44.75
   1013.63      -29.50
    952.88      -64.25
    957.76      -59.75
    982.10      -49.50
   1008.34      -41.00
    950.79      -65.25
    954.93      -62.50
    950.59      -60.00
    940.92      -60.25
    952.52      -62.50
    977.24      -81.75
    948.40      -59.75
    971.79      -65.25
    998.57      -38.75
    948.30      -68.75
   1010.91      -26.75
    969.66      -58.75
    974.19      -50.50
    954.86      -63.75
    926.12      -70.00
    945.27      -60.25
   1012.74      -28.25
    971.49      -67.75
    954.72      -62.75
    953.23      -70.25
    951.70      -64.25
   1006.41      -38.75
    972.48      -56.50
    966.47      -58.50
    964.25      -55.50
   1009.42      -26.50
    948.81      -62.25
    985.62      -41.25
    960.10      -69.50
    949.61      -60.75
    946.50      -71.00
    954.58      -68.75
    950.10      -63.00
    948.70      -57.75
    949.50      -71.00
    962.39      -67.75
    951.65      -59.50
   1012.56      -35.00
    939.99      -66.25
    978.19      -55.00
    966.28      -58.50
    951.18      -66.00
    984.84      -42.75
    995.69      -79.50
    994.67      -56.25
    949.88      -59.00
   1000.72      -38.25
    971.56      -70.50
    983.91      -64.25
    945.49      -63.75
    972.78      -59.75
    979.84      -48.25
    944.03      -70.25
    957.06      -60.50
    977.37      -77.50
    952.22      -58.50
    960.56      -57.00
    954.73      -57.75
    987.46      -59.00
   1003.87      -30.75
   1004.07      -36.75
    967.17      -70.50
    969.55      -76.50
    974.83      -55.25
   1001.42      -47.00
    974.86      -41.25
   1009.45      -37.50
    976.45      -54.50
    991.96      -46.00
    953.58      -67.25
    971.76      -75.00
    976.73      -55.75
    950.96      -67.75
    949.73      -72.00
   1000.68      -37.75
    932.66      -58.00
    959.05      -57.50
    953.59      -58.75
    960.39      -64.75
    968.58      -60.00
    952.47      -56.50
    934.63      -62.50
    946.56      -65.50
   1006.41      -31.75
    987.64      -50.25
    947.70      -65.00
   1000.40      -50.00
    953.08      -63.25
    959.86      -50.25
    971.83      -79.50
    954.15      -55.75
   1012.81      -30.00
    951.76      -64.75
    936.07      -68.25
    967.53      -68.75
    956.68      -51.00
    986.29      -41.75
    938.55      -63.50
    947.15      -63.00
    995.20      -35.50
    934.28      -69.75
   1014.55      -31.00
    947.76      -59.00
    945.61      -63.00
    998.99      -44.50
   1004.11      -45.75
    959.39      -54.50
    944.31      -67.50
    936.95      -55.50
    930.21      -59.50
    955.93      -66.50
    991.97      -32.25
   1017.57      -33.25
    999.82      -53.25
    951.29      -64.25
    980.02      -63.75
    952.79      -69.25
    947.84      -62.50
    997.50      -46.75
    977.16      -53.25
    943.78      -62.50
    960.08      -68.25
    967.81      -57.75
    984.65      -31.00
    946.61      -56.00
    982.85      -51.25
    954.60      -55.75
    958.27      -63.00
    948.26      -64.25
    955.53      -58.00
    972.94      -45.50
    957.88      -60.75
    998.14      -30.75
    978.17      -74.75
    973.13      -42.50
    990.00      -64.00
    976.50      -43.75
    948.87      -55.50
    965.65      -65.75
    938.44      -53.25
    949.77      -59.25
    963.58      -57.75
    953.45      -78.25
    956.91      -57.25
    973.76      -64.25
    985.02      -77.75
    953.10      -61.25
    949.55      -63.00
    963.20      -76.25
    954.00      -58.00
    997.41      -29.75
    955.44      -62.75
   1007.11      -28.00
    962.01      -68.00
    979.21      -49.50
    978.21      -79.25
    962.72      -54.00
    970.87      -59.00
    967.97      -53.75
    982.05      -63.75
   1002.62      -53.50
    973.36      -66.75
    974.70      -62.50
    970.00      -58.50
   1004.89      -42.25
    994.02      -42.25
    981.84      -76.25
    965.14      -58.50
    997.22      -45.50
    966.02      -69.25
    973.07      -56.50
    992.63      -55.25
    958.39      -61.00
    945.06      -61.25
    957.43      -72.75
    940.37      -65.25
    961.64      -69.25
    973.29      -55.50
   1010.09      -32.00
    980.58      -50.75
    987.62      -43.25
   1007.78      -40.50
    955.16      -59.75
    963.83      -57.75
   1004.02      -35.25
   1004.89      -45.50
    959.56      -63.75
    965.64      -55.50
    960.27      -55.25
    974.61      -80.00
    962.33      -59.25
    993.01      -36.75
    966.64      -54.00
   1008.87      -39.00
    970.56      -49.00
    958.18      -61.25
    937.54      -67.50
    942.64      -56.75
   1013.26      -33.75
    953.57      -60.00
    947.21      -57.75
    994.40      -35.25
    942.60      -64.00
    953.76      -61.75
   1007.47      -40.50
    979.72      -80.50
    968.55      -60.50
    961.31      -56.75
   1009.60      -39.50
    997.28      -42.50
    968.58      -57.75
    944.90      -66.00
    954.27      -65.00
   1014.25      -33.50
    972.96      -58.00
    957.55      -51.50
    966.05      -53.25
    949.78      -63.00
    976.89      -72.50
    971.34      -76.25
    960.85      -64.00
    968.15      -51.75
    971.63      -73.75
    941.08      -66.25
   1009.00      -33.00
   1006.63      -38.75
    956.40      -60.25
   1001.94      -39.75
    958.93      -60.00
    971.58      -40.75
    993.39      -48.00
    970.26      -81.50
    973.04      -81.00
    960.57      -62.75
    987.47      -56.00
    941.10      -57.50
    952.20      -72.25
    948.10      -66.25
   1013.42      -31.50
    982.01      -50.50
    978.13      -79.25
    979.36      -60.75
    969.25      -54.25
    952.86      -68.00
    947.54      -65.25
    942.57      -64.50
    961.39      -57.75
    950.07      -57.25
    973.40      -52.75
    959.51      -62.75
    961.80      -65.00
    943.92      -66.25
   1010.32      -29.75
   1010.01      -29.25
   1014.85      -28.00
    941.80      -52.25
    964.33      -50.50
    951.37      -59.75
    954.48      -75.25
    960.43      -60.50
    937.67      -63.75
    960.74      -59.00
    970.54      -66.00
    947.83      -61.25
    948.07      -60.50
    969.04      -51.00
    961.85      -62.00
    981.86      -77.25
    950.70      -73.75
    982.84      -43.50
   1001.39      -50.00
    958.40      -64.50
    953.26      -75.00
    960.83      -61.75
    952.69      -68.00
   1005.84      -38.25
    957.28      -62.25
    937.71      -59.50
    966.42      -47.75
    989.44      -32.25
    955.33      -60.25
    983.24      -53.50
    946.88      -65.25
    963.38      -64.00
    943.62      -70.00
   1012.07      -40.25
    950.22      -54.50
    994.69      -53.75
    971.54      -66.00
    959.62      -81.25
    987.96      -42.00
    938.11      -61.50
   1014.97      -31.75
    952.58      -66.25
    942.32      -51.00
    954.77      -59.00
   1006.14      -41.25
    958.11      -48.75
    957.74      -62.00
    958.41      -71.75
    998.66      -28.50
    949.60      -58.25
    975.82      -55.00
    954.28      -54.25
    989.82      -56.50
    999.86      -38.75
    995.77      -38.50
    980.77      -51.00
    960.59      -58.25
    940.40      -59.25
    948.28      -58.75
    940.96      -63.00
   1005.73      -37.50
    976.34      -52.75
    978.95      -68.25
   1005.74      -42.75
    982.08      -52.00
    968.75      -79.75
    977.63      -55.00
    947.17      -51.75
   1011.44      -33.25
    956.42      -61.75
    956.19      -51.75
    986.83      -70.75
    939.40      -60.75
    967.94      -62.25
    977.98      -48.75
    963.98      -66.00
    982.27      -55.00
    962.17      -74.75
   1005.14      -30.75
    986.08      -58.25
    962.03      -60.75
    943.54      -58.50
    949.12      -65.75
    985.68      -72.50
    944.52      -57.25
    961.74      -61.75
    931.18      -55.75
    944.90      -61.25
    956.97      -63.50
    962.33      -80.50
    956.06      -66.50
    960.53      -56.75
   1014.30      -25.25
    953.34      -59.25
   1001.50      -45.50
    946.56      -53.75
    951.55      -63.25
    974.98      -59.75
    956.94      -56.25
    966.50      -69.75
    992.30      -46.50
    962.21      -64.00
    946.92      -71.00
    964.57      -58.25
    951.81      -61.25
    964.76      -64.50
    964.89      -46.50
    990.32      -46.00
   1012.04      -32.25
   1005.02      -44.00
    999.69      -39.50
    975.93      -73.50
    977.35      -57.50
    982.65      -51.00
    940.62      -60.75
    953.31      -61.75
   1006.58      -31.25
    951.65      -63.75
    961.44      -51.00
    946.33      -63.50
    973.90      -63.50
    970.52      -52.25
    963.61      -71.50
    959.58      -63.25
    963.93      -61.75
    956.42      -51.75
    958.73      -64.00
    959.75      -58.75
    967.31      -58.50
    977.17      -50.00
    959.95      -62.00
    944.89      -57.25
    980.71      -41.50
    962.86      -52.50
    966.18      -59.50
   1009.23      -29.50
    947.35      -71.25
    967.21      -57.00
    961.23      -62.75
    969.17      -71.75
    970.51      -72.75
    973.36      -50.75
   1010.11      -27.50
    962.50      -61.00
    978.76      -73.00
    968.15      -61.75
    979.50      -58.00
   1003.54      -32.50
    951.28      -52.25
    959.82      -54.00
    980.12      -49.75
    978.87      -59.00
    958.94      -70.25
    957.86      -56.50
    983.66      -54.25
    992.25      -77.00
    950.21      -61.50
    967.21      -41.50
   1010.66      -44.00
    990.70      -82.25
    957.80      -63.00
    959.06      -49.75
    963.80      -66.50
    975.90      -82.50
    983.93      -50.25
   1003.35      -39.75
    965.27      -71.25
    949.39      -64.00
    995.52      -69.00
    942.96      -60.25
    977.27      -65.50
   1011.39      -29.50
    983.32      -52.75
    997.91      -47.25
    954.68      -57.25
    951.29      -64.50
    964.00      -56.00
    999.79      -30.75
    977.68      -39.00
    984.93      -59.75
    945.50      -65.75
   1002.82      -31.00
   1003.13      -27.50
    930.60      -61.50
    937.63      -61.00
    979.48      -45.25
    951.23      -62.00
   1007.95      -35.00
    988.32      -79.25
   1005.54      -30.25
    966.08      -60.25
    970.19      -72.00
    956.49      -56.75
    991.15      -41.25
    965.32      -66.25
    963.79      -59.75
    993.57      -37.00
    997.46      -43.75
    947.51      -58.00
    954.09      -63.25
    954.50      -65.25
   1006.29      -35.25
    936.39      -61.75
    968.94      -65.25
    940.31      -68.25
    957.99      -61.75
    961.76      -60.25
   1011.10      -36.75
    952.16      -65.75
    954.75      -63.75
    962.25      -70.50
    999.91      -52.00
    981.81      -47.50
   1007.51      -30.25
    959.87      -58.75
    952.21      -58.50
    958.13      -62.75
    949.50      -57.50
    963.80      -55.00
    943.61      -59.25
    966.79      -57.25
    968.97      -61.25
    987.22      -51.00
    937.43      -57.25
    969.85      -62.25
    999.96      -37.50
   1005.07      -34.25
    951.85      -55.00
    954.85      -63.75
    964.41      -56.25
    978.74      -47.00
    990.43      -80.25
    970.47      -56.00
    955.23      -58.50
    951.30      -60.75
    959.56      -67.75
    985.51      -80.25
    985.83      -50.00
    989.22      -45.25
    964.97      -60.50
    941.05      -67.75
    950.23      -61.25
    979.83      -51.25
    914.64      -69.75
   1006.52      -44.00
    961.54      -64.00
   1002.84      -28.75
    942.79      -61.75
    958.97      -62.00
    949.41      -59.25
    975.53      -38.50
    946.72      -79.25
    975.24      -36.25
    973.26      -71.00
    940.13      -56.75
   1017.62      -32.25
   1010.33      -26.00
    942.80      -59.50
   1008.64      -34.25
    943.96      -62.00
    955.81      -71.75
    978.60      -46.50
    974.42      -57.00
    951.00      -62.50
    962.48      -51.75
    991.91      -43.75
    972.16      -65.25
    941.54      -62.25
    968.11      -67.75
    957.89      -64.00
    960.91      -64.25
   1009.94      -26.00
    964.11      -44.25
    977.12      -48.75
    960.93      -58.75
    958.28      -70.75
    956.16      -51.75
    956.58      -56.00
    983.37      -50.50
    950.91      -52.25
    949.34      -55.00
    933.63      -63.25
    991.78      -56.25
    958.11      -45.25
    997.92      -69.50
    995.98      -41.00
    966.05      -57.00
    966.95      -53.00
    984.73      -31.50
    972.40      -49.75
    980.69      -75.50
    939.82      -62.75
    994.38      -40.75
    988.74      -48.50
    987.52      -70.00
    955.48      -50.25
    978.98      -61.25
    960.59      -76.25
    944.52      -64.75
    951.17      -62.50
    950.89      -57.75
    960.11      -58.00
    956.97      -43.00
    961.87      -41.00
    973.37      -75.75
    953.92      -53.25
    976.05      -67.00
    985.46      -46.00
    968.50      -51.75
   1017.04      -46.00
    962.69      -56.00
    970.73      -62.25
    946.45      -69.25
    993.54      -37.75
    970.51      -59.00
    948.40      -58.50
    960.87      -65.50
    953.74      -61.75
    968.30      -67.25
    964.63      -50.25
    971.10      -53.25
    979.52      -58.75
    984.30      -44.75
    976.64      -64.00
    998.14      -40.75
    998.79      -34.00
    989.08      -81.25
    965.57      -62.75
    974.87      -59.50
    952.49      -51.00
    964.18      -56.50
   1007.39      -30.75
    976.21      -56.75
    945.76      -59.75
    951.29      -58.00
    953.42      -61.00
    980.48      -60.00
   1006.79      -45.75
    946.67      -58.00
    993.38      -54.50
    977.27      -62.00
    971.41      -62.25
   1005.69      -26.75
    974.67      -46.50
    966.37      -58.75
    959.21      -57.50
    938.00      -60.50
   1009.56      -34.75
    957.56      -78.00
    977.35      -80.00
    941.80      -62.25
    941.34      -66.50
    966.76      -66.00
    961.11      -66.50
    984.37      -39.25
    961.12      -64.25
   1006.96      -30.25
    951.64      -66.00
    962.58      -74.00
    967.51      -58.00
    954.77      -73.50
    944.02      -69.00
    952.74      -54.25
    992.62      -35.25
    953.40      -54.25
    940.98      -66.75
   1008.37      -43.75
   1013.51      -28.50
    965.24      -63.75
    955.80      -79.50
    957.26      -60.50
    950.80      -61.25
    981.25      -65.75
    972.26      -69.00
    956.16      -60.75
    960.08      -63.25
   1008.50      -30.50
   1016.98      -31.00
   1014.68      -26.00
   1011.04      -36.25
   1002.96      -37.75
    974.84      -67.75
    978.63      -71.75
    972.85      -65.25
    957.64      -59.25
    960.32      -54.75
    954.51      -67.50
    937.62      -57.75
    946.41      -67.25
    995.40      -44.25
    958.09      -57.50
   1007.51      -33.00
    942.55      -65.00
    956.63      -61.00
    943.17      -57.50
    953.47      -65.75
    941.77      -68.00
    944.48      -67.00
    962.14      -64.00
   1008.82      -26.50
   1005.83      -34.25
    948.49      -64.00
    960.88      -55.50
   1011.93      -40.25
    948.64      -60.50
    962.10      -57.50
    999.68      -46.50
    967.62      -60.50
    965.90      -80.50
    978.93      -56.75
    978.10      -64.50
    974.52      -67.50
    978.76      -41.00
    975.95      -81.25
    939.75      -64.75
    965.08      -65.75
    961.22      -50.75
    964.87      -54.00
    996.90      -42.25
   1007.51      -34.75
    941.96      -63.75
    968.13      -58.00
   1006.44      -36.25
    991.73      -44.25
    952.18      -66.75
    970.99      -61.50
    974.61      -47.00
    954.32      -66.50
    962.24      -67.50
    952.66      -64.50
    962.52      -60.25
    952.60      -59.50
    960.05      -60.75
    946.96      -77.00
    934.63      -65.25
    952.23      -61.75
    956.44      -60.50
    997.72      -46.50
    948.86      -61.25
    956.90      -59.75
    964.25      -60.75
    986.10      -44.75
    963.37      -68.25
    936.01      -56.75
   1017.86      -32.00
    960.96      -72.25
    963.89      -58.00
    988.37      -39.25
   1008.15      -40.25
    949.21      -61.50
    973.23      -52.25
    946.97      -63.50
   1006.18      -32.25
    986.03      -44.25
    991.58      -41.50
    949.18      -59.75
    967.98      -47.50
    956.81      -59.00
    944.63      -58.25
    926.56      -68.00
    951.17      -56.50
    952.55      -63.50
   1016.35      -30.25
    955.57      -51.25
    978.49      -62.25
    962.74      -61.25
    958.85      -59.25
    945.16      -59.50
    954.63      -65.25
    972.86      -46.00
    971.39      -57.00
   1008.26      -28.00
    974.28      -52.25
    947.33      -62.75
    970.78      -74.00
   1011.07      -48.00
    960.55      -65.75
    925.45      -69.50
    982.64      -45.50
    964.42      -53.75
    966.47      -48.75
    960.85      -54.25
   1005.79      -42.25
    955.00      -62.50
    946.84      -63.75
    955.47      -60.00
    960.53      -56.25
   1003.93      -47.75
    971.55      -78.50
    971.71      -58.00
    928.25      -72.25
    950.25      -58.50
   1013.30      -33.00
    959.31      -63.50
    943.01      -70.50
    986.91      -56.75
    980.96      -35.00
    993.73      -37.25
    995.50      -46.75
    927.85      -70.75
    950.78      -64.75
    956.15      -58.25
    954.42      -62.00
    938.58      -75.75
    983.41      -37.50
    961.97      -60.25
    990.75      -46.25
    951.61      -66.00
    958.30      -57.75
   1011.07      -26.25
    948.84      -72.50
    948.71      -55.50
    961.22      -56.75
   1009.99      -41.50
    950.73      -59.25
    998.47      -38.00
    912.53      -69.00
    955.52      -65.75
    976.25      -80.75
    971.43      -53.25
   1012.49      -32.25
    967.26      -62.25
    938.70      -60.75
    957.58      -58.50
   1008.83      -37.00
    973.68      -48.50
    937.78      -67.00
   1000.38      -35.75
    968.73      -76.75
    967.30      -59.25
    966.85      -66.50
    966.91      -60.00
    958.50      -73.50
    999.19      -52.25
    966.03      -44.75
    985.12      -76.00
    973.50      -70.00
    962.17      -52.75
    962.19      -60.25
   1020.09      -31.50
    987.78      -39.25
    955.18      -62.50
    979.29      -44.75
    963.67      -58.25
    982.73      -48.75
   1004.42      -45.00
    960.86      -58.25
   1014.93      -27.50
    952.99      -64.25
    993.83      -47.00
    957.79      -58.25
    960.62      -64.00
    966.51      -55.00
    968.82      -70.50
   1003.95      -41.25
    954.59      -60.25
   1003.40      -27.75
    965.89      -60.00
    948.96      -66.25
    947.89      -68.25
    943.45      -61.00
   1012.09      -36.75
   1000.34      -44.75
    953.80      -61.50
    946.64      -62.75
   1008.97      -26.00
    960.12      -65.00
    948.15      -59.00
    958.43      -71.50
    947.79      -59.00
    957.66      -50.25
    990.18      -37.00
    971.84      -49.75
    931.81      -66.00
    955.70      -76.50
    963.30      -57.25
    970.58      -54.25
    979.33      -79.25
    946.84      -58.50
    955.60      -62.75
    976.39      -61.50
    981.34      -51.50
    958.47      -61.00
    960.08      -63.75
    957.40      -54.25
    984.22      -74.50
   1006.02      -29.25
    999.22      -30.50
    963.44      -54.75
    956.31      -50.75
    965.31      -66.00
    973.54      -55.00
    967.32      -50.75
    952.86      -54.00
    952.74      -69.50
    982.72      -77.00
    992.70      -43.75
    971.37      -61.00
    976.88      -57.25
    964.46      -60.25
    956.56      -56.25
    953.42      -60.00
    939.09      -74.25
    965.67      -51.75
    980.49      -50.00
    964.82      -55.75
    952.49      -51.75
    990.32      -48.50
    956.67      -80.75
    959.64      -75.25
    951.78      -61.25
    947.27      -67.00
   1016.58      -32.50
    947.07      -71.50
    952.94      -61.50
    992.80      -48.25
    961.73      -65.25
    959.70      -54.50
    979.38      -49.00
   1003.40      -41.75
   1003.57      -25.75
    948.86      -60.50
    937.44      -60.50
    963.52      -79.50
    968.25      -65.00
    963.08      -69.25
    963.96      -50.00
    954.93      -60.75
    994.87      -50.75
    955.71      -63.50
    955.71      -67.50
    972.99      -49.25
    969.20      -60.25
    944.24      -71.00
    957.38      -62.75
    970.50      -47.50
    974.28      -60.00
    972.78      -53.25
    939.36      -59.50
    946.74      -51.25
    969.88      -78.00
   1005.90      -38.25
    931.04      -56.75
    952.48      -52.25
    961.43      -60.00
    948.68      -69.50
    963.77      -55.25
    980.98      -69.00
   1005.08      -38.25
    980.19      -42.00
    997.97      -36.00
    942.63      -50.75
    956.47      -61.00
   1008.04      -33.50
    947.37      -79.50
    952.06      -59.50
    962.55      -63.00
    967.84      -61.50
    959.98      -51.25
    950.22      -61.75
    969.56      -51.75
    950.66      -64.75
    982.80      -49.00
   1005.22      -31.50
    980.05      -48.75
    954.08      -60.50
    959.04      -67.50
    990.67      -48.25
    935.51      -59.00
    958.41      -54.75
    955.75      -57.00
   1012.39      -30.50
    973.32      -59.00
    962.72      -61.00
   1014.33      -29.75
    951.63      -70.50
    999.65      -44.25
    941.83      -65.00
    973.03      -59.50
    994.01      -38.00
    944.88      -69.25
    933.24      -69.50
    956.11      -54.25
   1008.60      -32.00
    967.63      -37.50
    938.22      -63.75
    950.73      -64.25
   1008.95      -45.00
    951.57      -58.50
    952.14      -60.50
   1005.36      -33.75
    968.23      -60.50
    962.28      -56.50
   1002.24      -39.25
    959.11      -63.50
    950.02      -57.00
    950.29      -68.75
    959.82      -74.00
    939.89      -57.75
    955.53      -55.00
    948.20      -62.75
    941.18      -70.50
    978.48      -49.00
    963.82      -62.75
   1009.88      -46.25
    984.70      -44.50
    952.38      -58.75
    990.67      -46.00
    990.12      -44.75
    942.15      -62.25
    956.60      -53.00
    937.67      -55.25
    961.57      -62.00
    954.22      -57.25
    981.28      -45.50
    942.76      -68.00
    951.92      -74.50
    933.56      -57.00
    958.11      -70.00
    943.10      -57.50
    948.43      -49.00
    961.26      -70.00
    963.01      -46.50
    919.72      -60.50
    967.87      -63.50
    971.08      -68.75
    994.24      -39.25
    968.07      -65.50
    961.49      -55.00
    949.09      -60.50
    963.87      -46.50
    951.82      -72.00
    944.84      -65.00
    973.80      -48.50
    964.64      -51.50
    981.23      -42.00
    969.24      -49.50
    937.06      -66.25
    924.30      -61.50
    943.20      -63.50
    987.82      -55.25
    943.28      -66.25
    941.11      -55.25
    970.16      -47.25
    944.26      -59.00
    972.27      -53.50
    943.26      -50.75
    982.19      -60.25
   1007.43      -29.75
    943.36      -58.50
    980.30      -73.50
    946.55      -63.50
    944.92      -65.75
    992.46      -48.00
    963.31      -57.25
    957.05      -57.00
    969.07      -46.00
    954.96      -61.75
    993.51      -40.50
   1011.97      -28.75
    952.23      -55.75
   1002.04      -36.75
    981.12      -45.00
    978.57      -53.00
    956.32      -71.25
    958.98      -58.75
    964.19      -68.50
    974.73      -64.75
   1011.15      -39.75
   1000.35      -31.00
    982.59      -52.25
    968.69      -64.50
    955.49      -69.75
    945.21      -64.75
    967.26      -78.25
    953.77      -61.75
    940.31      -63.75
   1001.00      -43.25
   1010.72      -31.00
    983.47      -46.00
    948.23      -69.00
    952.17      -62.25
    963.43      -50.00
    970.28      -61.75
   1002.65      -34.50
   1003.32      -55.50
    953.81      -63.00
    953.12      -65.00
    958.43      -55.25
    961.15      -71.00
   1014.72      -40.25
    957.38      -66.00
   1010.70      -31.00
    975.44      -54.50
    938.22      -67.25
    967.67      -67.25
    971.88      -53.25
    983.79      -82.75
    960.71      -58.75
    987.62      -46.00
    965.80      -62.25
    987.79      -52.25
   1014.27      -32.50
    997.51      -38.00
    980.01      -65.00
    934.33      -63.00
    957.27      -67.25
    946.26      -62.75
    994.83      -40.00
    961.37      -61.75
    953.45      -57.25
    961.96      -70.75
    993.31      -47.25
   1004.11      -41.75
    962.53      -61.25
   1010.64      -35.75
    931.35      -64.25
    958.84      -59.00
   1010.07      -36.75
    940.47      -72.50
    937.61      -55.75
    981.97      -53.75
    926.47      -59.50
    960.04      -63.50
   1006.58      -46.75
    962.51      -55.00
    951.36      -54.50
    957.26      -71.00
    959.37      -61.25
    958.05      -56.75
    969.53      -47.00
   1007.02      -27.50
   1013.43      -43.75
    950.07      -62.75
    972.98      -51.75
    949.65      -58.25
    996.74      -39.25
    970.32      -58.25
    973.94      -59.25
    959.90      -64.00
    999.11      -37.00
    981.14      -55.25
    973.71      -75.25
    971.65      -58.75
    993.08      -46.75
    963.60      -58.00
    950.12      -63.75
    955.11      -59.25
    939.13      -61.75
    948.43      -60.25
    963.06      -72.00
    947.83      -64.75
    965.89      -61.25
    941.55      -60.00
    963.15      -68.50
    977.08      -54.75
    951.27      -61.50
    960.96      -57.50
   1014.95      -30.50
    990.38      -46.75
    938.17      -66.00
    994.61      -35.50
    987.02      -55.25
    959.44      -54.00
    955.22      -57.75
   1005.27      -52.00
    949.46      -63.25
    966.01      -47.25
    969.81      -45.75
    971.57      -46.75
    955.77      -65.25
    957.63      -65.50
    933.58      -58.75
    975.79      -55.00
    955.77      -56.25
    945.05      -58.75
    972.35      -55.75
    984.50      -56.50
    959.95      -66.25
   1006.96      -41.00
    989.29      -54.25
    979.06      -66.00
    944.40      -68.50
    958.14      -50.25
    941.34      -64.75
    947.43      -60.75
   1008.07      -52.75
    968.86      -55.00
    997.53      -35.75
    968.21      -77.50
    999.01      -45.25
    987.48      -44.00
    967.37      -59.25
    960.14      -49.25
   1013.19      -28.25
    996.45      -51.00
    959.71      -64.75
    941.01      -69.75
    973.10      -65.50
    973.23      -51.25
    966.87      -42.50
    991.33      -73.25
    971.93      -56.25
    931.72      -61.00
    961.92      -67.25
    950.95      -65.00
    981.21      -59.75
    968.41      -56.75
   1008.77      -30.75
    948.19      -58.25
    966.72      -53.00
    969.57      -43.25
    969.06      -48.00
    974.10      -44.75
    946.62      -60.50
    958.05      -63.50
    946.93      -71.25
    984.54      -57.00
    987.41      -60.25
    983.17      -74.25
    961.19      -63.00
    982.08      -46.25
    993.23      -44.25
    972.79      -51.25
    997.36      -37.00
    964.45      -60.00
    961.20      -68.00
    990.44      -55.50
    918.51      -62.25
    941.70      -72.00
    948.80      -49.75
    956.85      -59.00
    953.53      -61.50
    988.12      -49.75
    980.03      -49.00
    986.73      -52.25
    980.58      -62.00
    934.37      -53.25
    952.04      -62.75
    937.13      -58.75
    967.42      -60.25
    974.55      -75.75
    972.39      -65.00
    958.90      -60.25
    959.91      -64.50
    977.33      -56.50
    939.86      -61.25
    999.75      -35.75
    958.64      -70.25
    967.80      -68.50
   1006.13      -36.75
    997.56      -37.00
   1021.84      -31.50
    992.61      -49.50
    983.81      -79.00
    949.86      -60.00
    998.91      -34.50
    958.74      -62.25
    947.45      -62.25
    964.46      -59.50
    951.95      -61.00
    969.72      -58.75
    957.36      -53.25
    981.96      -83.00
    947.14      -55.50
    942.92      -62.50
    981.01      -54.50
    949.35      -67.75
    966.30      -65.75
    963.01      -66.75
    967.04      -57.00
    955.70      -56.25
    938.21      -63.00
    960.12      -70.25
    944.01      -61.50
    953.47      -56.00
    976.12      -60.00
    952.84      -61.50
    948.94      -60.75
    949.24      -63.50
    948.41      -63.50
    997.16      -48.00
    974.76      -53.25
    964.75      -61.25
    947.31      -63.00
    949.35      -61.00
    953.55      -60.25
    966.88      -57.75
    977.15      -49.25
   1011.18      -30.00
    956.80      -69.00
   1012.91      -34.00
   1007.67      -32.50
    935.80      -61.00
    984.74      -45.00
   1008.99      -28.25
    966.22      -55.25
    946.28      -68.25
    946.05      -67.50
    961.69      -57.50
    936.43      -62.25
    951.71      -64.00
    946.10      -69.50
   1002.02      -39.50
    950.93      -60.00
    962.96      -67.00
    926.55      -58.50
    950.54      -48.75
   1014.32      -31.75
   1009.93      -32.75
    981.73      -55.00
    966.27      -68.25
    955.90      -69.50
    937.78      -57.25
    958.04      -67.25
   1004.10      -39.25
    965.58      -74.75
    981.04      -47.00
    971.55      -54.75
    964.62      -52.25
    994.55      -43.25
    951.77      -72.75
   1006.30      -40.00
    955.62      -59.75
    957.05      -54.50
    954.74      -73.00
    960.21      -63.75
    951.86      -57.00
    954.19      -66.50
    949.72      -57.50
    960.98      -62.00
    980.88      -69.75
    966.91      -74.25
    972.22      -73.25
    988.18      -41.00
    948.62      -58.50
    974.67      -41.50
    941.19      -75.50
    944.40      -67.25
    960.45      -62.00
   1000.00      -40.75
    953.53      -68.00
    946.52      -59.50
    960.75      -63.75
    963.08      -53.25
    988.29      -47.00
    957.07      -62.50
    951.26      -64.75
    965.99      -79.75
    963.46      -45.50
    922.91      -58.50
    960.93      -62.00
    968.54      -53.00
    993.07      -42.75
   1009.66      -28.75
    981.40      -75.25
    955.83      -56.25
    976.45      -49.50
    958.22      -62.25
   1003.95      -31.00
    972.50      -54.00
    980.50      -69.00
    953.10      -56.75
    938.39      -64.75
    998.53      -38.25
    952.92      -63.75
    981.65      -79.25
    948.73      -50.75
    986.35      -34.50
   1001.41      -30.75
    950.04      -63.50
    947.46      -68.75
    937.85      -66.25
    975.08      -73.25
    974.93      -61.75
    943.63      -61.25
    998.42      -37.75
    949.52      -64.75
    947.84      -62.75
    932.73      -66.25
    989.85      -37.75
    993.19      -37.25
    989.11      -45.50
    995.10      -47.75
    966.34      -42.00
    941.36      -63.75
    998.28      -38.25
    939.14      -60.50
    997.15      -42.50
    947.64      -58.25
    947.59      -69.00
    982.21      -47.75
   1009.52      -39.25
    982.73      -39.75
    953.92      -56.25
    942.33      -68.75
    990.80      -38.00
    949.51      -69.75
    957.26      -69.25
    969.77      -59.00
    944.43      -67.75
    973.18      -57.00
    986.48      -56.25
    988.09      -43.75
    962.98      -62.25
    962.29      -63.75
    976.39      -39.00
    968.59      -65.50
    949.48      -62.75
    949.27      -56.50
    941.98      -69.25
   1018.19      -38.00
    949.09      -63.00
    958.59      -53.00
    921.08      -58.00
    955.53      -64.00
   1006.22      -43.00
    948.46      -79.75
    986.46      -64.75
    947.03      -67.00
    957.62      -59.75
    952.89      -56.50
    964.40      -69.00
    951.62      -63.50
    944.45      -58.25
    980.11      -47.00
    952.39      -55.50
    973.98      -53.25
    974.13      -56.25
   1002.25      -37.00
    956.62      -65.25
    999.42      -41.25
    970.10      -62.75
    946.90      -59.75
    966.33      -62.75
    943.66      -57.50
    943.15      -67.00
    964.40      -37.75
    961.81      -57.00
    956.64      -62.75
    920.42      -60.25
    951.23      -51.00
    955.82      -58.25
    963.26      -61.50
    969.61      -80.75
    998.57      -48.75
    983.85      -48.25
    971.42      -51.00
    952.94      -65.50
    976.66      -65.25
    975.52      -53.25
    960.64      -59.25
    966.31      -60.75
    943.25      -55.25
    960.03      -62.50
   1008.07      -40.50
    976.86      -62.50
   1006.88      -32.00
    970.01      -52.75
    967.28      -53.25
    968.30      -51.00
    951.20      -59.25
    970.26      -46.75
    963.58      -56.75
    965.66      -68.50
   1004.01      -29.75
    979.52      -56.25
    989.58      -49.00
    950.37      -63.50
   1008.01      -40.25
   1010.41      -39.50
    949.67      -64.50
    954.91      -59.00
    985.07      -52.50
    955.60      -65.75
    983.80      -47.75
    976.19      -50.00
   1010.60      -40.50
    947.54      -65.50
    974.74      -60.50
   1006.54      -33.75
    951.49      -58.50
    970.83      -66.25
    979.64      -79.25
    958.51      -53.25
   1005.01      -38.75
    972.66      -66.00
    988.43      -50.00
    955.60      -58.25
    961.06      -44.50
    959.70      -66.00
   1004.33      -34.25
    972.70      -69.50
    952.89      -59.00
    947.76      -63.50
    939.05      -64.00
    969.12      -61.00
    950.68      -54.25
    985.77      -50.75
    946.32      -58.25
   1007.57      -34.25
    968.68      -60.00
   1001.46      -35.50
    949.67      -61.00
   1015.39      -33.50
    932.11      -57.75
    952.18      -64.75
    983.92      -77.50
    956.59      -60.00
    969.23      -64.75
    972.61      -77.25
    940.38      -62.25
    967.34      -68.75
    944.10      -54.25
   1000.26      -41.00
    971.25      -57.50
    969.14      -52.75
    947.57      -65.25
    960.36      -57.50
    998.10      -26.75
   1001.99      -35.25
    969.85      -52.25
    947.92      -59.75
    954.98      -55.00
    963.58      -63.75
    955.92      -60.75
    981.87      -56.00
    952.20      -54.00
    970.58      -49.50
    978.37      -44.50
    962.31      -55.00
    954.11      -51.50
    985.61      -42.25
    959.78      -59.50
    972.93      -76.75
    977.90      -67.50
    932.24      -62.25
   1010.81      -37.25
    952.37      -72.50
    972.61      -50.50
    945.51      -54.75
   1020.41      -42.50
   1011.01      -33.75
    974.74      -51.75
    947.23      -68.25
    954.75      -71.75
    974.13      -73.25
    963.18      -65.75
   1009.99      -32.75
    980.91      -63.50
   1022.65      -37.50
    955.24      -75.00
    955.16      -63.00
    960.49      -62.25
   1014.48      -43.25
    969.45      -57.75
    999.01      -42.75
    978.48      -65.25
    945.78      -72.50
    972.53      -70.00
    964.88      -57.00
    956.25      -54.50
    966.53      -44.25
    969.95      -72.25
    967.65      -55.75
    963.44      -47.25
    951.80      -71.75
    950.40      -54.50
    970.94      -49.75
    971.50      -57.75
    957.82      -63.00
   1007.58      -34.75
    955.24      -61.00
    964.90      -46.50
    953.19      -68.75
    949.78      -54.75
   1008.60      -32.00
    967.36      -56.25
    966.57      -61.75
    971.70      -63.00
    974.34      -80.25
   1011.92      -27.25
    956.42      -61.00
    959.95      -55.75
    948.28      -53.75
    971.04      -80.00
    954.10      -69.25
    948.25      -53.50
    967.41      -63.00
    957.72      -64.25
   1007.94      -31.75
    946.56      -53.50
    944.13      -65.75
    931.31      -57.75
    941.30      -63.25
    953.70      -56.00
    976.15      -53.25
    947.07      -67.50
    959.59      -63.75
    989.61      -39.00
    940.84      -61.25
    981.88      -77.75
    970.19      -50.75
    950.12      -63.75
    978.03      -50.25
    977.81      -54.75
    940.86      -61.50
    939.00      -59.25
    943.53      -54.25
    990.48      -41.50
    964.55      -69.50
    951.69      -66.25
    991.85      -69.25
    962.95      -60.25
    965.71      -62.50
    950.52      -61.75
    975.94      -81.75
    932.34      -69.50
    936.63      -61.75
    932.16      -58.00
    982.57      -55.50
    961.74      -73.25
    970.61      -65.25
    962.04      -65.50
    965.78      -51.50
   1016.11      -29.75
    942.39      -70.00
    991.14      -33.50
    979.57      -55.75
    967.61      -51.50
    970.84      -54.00
    969.09      -52.00
    971.01      -55.50
    942.85      -56.00
    984.71      -80.25
    983.32      -60.25
    954.74      -55.25
    965.72      -51.50
    959.81      -57.25
    971.73      -78.50
    939.15      -61.25
    994.04      -53.50
    990.69      -79.50
   1007.48      -37.50
    949.73      -65.50
    957.33      -63.75
    975.78      -82.50
    929.47      -66.00
    996.55      -34.75
    961.07      -59.75
   1001.60      -41.75
    939.57      -57.75
    950.29      -57.75
    963.59      -63.00
    961.35      -56.50
    943.63      -62.75
    960.70      -67.00
    987.05      -54.00
    974.85      -82.00
   1007.25      -27.00
    951.99      -59.75
   1012.99      -42.50
    954.30      -61.50
   1012.37      -34.25
    948.12      -67.25
    951.09      -60.25
    953.35      -63.00
    996.34      -53.75
    947.86      -52.25
    948.18      -60.50
    948.08      -61.75
    994.25      -48.25
    973.76      -50.75
    982.59      -81.75
   1004.57      -27.00
    971.75      -58.75
    937.59      -68.25
    961.86      -51.75
    963.34      -68.25
    942.67      -57.50
    994.68      -47.25
   1008.73      -27.25
    943.42      -62.25
   1006.19      -34.25
   1009.93      -32.00
   1006.18      -47.00
    967.34      -57.50
    948.72      -68.00
    949.05      -61.75
   1007.37      -31.00
    962.98      -59.75
    993.97      -42.00
   1005.05      -43.25
    970.94      -79.25
   1008.45      -31.75
    945.56      -67.25
    942.38      -64.25
    957.26      -57.50
    992.53      -35.75
    973.30      -60.00
    977.47      -47.00
    952.82      -60.75
    955.35      -62.25
    978.64      -55.25
    965.62      -63.50
    970.92      -52.25
    935.03      -66.25
    949.38      -66.25
    999.33      -50.00
    962.43      -69.75
    965.65      -47.25
    954.72      -58.75
    966.24      -53.00
   1002.89      -34.00
    945.92      -65.00
    991.70      -40.00
    949.36      -67.00
    958.17      -59.75
    999.13      -35.75
    942.09      -67.25
    961.73      -52.25
    958.89      -60.50
    946.04      -60.00
    967.62      -47.75
    968.48      -74.25
    958.81      -70.25
    961.02      -61.00
    966.93      -56.00
    971.90      -73.50
    993.60      -42.75
    958.87      -50.50
    992.03      -41.50
    982.50      -82.25
    967.87      -50.50
    996.63      -70.50
    965.32      -57.75
    958.03      -64.25
    964.86      -63.50
    938.25      -68.25
    968.69      -59.50
    989.31      -71.25
    947.25      -63.75
    983.33      -45.00
    957.18      -61.00
    963.96      -65.25
    984.45      -75.75
    982.09      -33.75
    952.45      -63.00
    973.00      -45.25
    939.98      -66.25
    983.19      -41.50
   1009.33      -30.75
    963.59      -61.75
    956.75      -66.00
    999.52      -41.50
   1012.89      -33.50
    946.55      -64.50
    954.35      -61.25
    941.77      -61.75
    964.75      -68.25
    951.74      -67.25
    984.09      -47.25
    950.95      -64.75
    965.34      -63.50
    981.87      -60.50
    957.91      -60.75
    990.02      -80.50
    969.64      -57.00
    964.92      -63.25
    959.99      -53.75
    953.56      -57.00
    945.82      -55.50
    937.85      -63.50
    983.40      -48.00
    947.44      -61.25
    947.92      -60.50
    954.95      -51.25
    982.06      -43.25
    965.27      -49.25
    941.07      -65.75
    949.28      -53.00
    965.75      -46.75
   1013.23      -26.00
    966.47      -57.50
    941.70      -56.75
    966.25      -58.50
    982.99      -34.50
   1008.74      -31.00
    977.26      -56.25
    969.10      -69.00
    974.52      -45.50
    986.56      -64.50
   1000.33      -53.75
    962.82      -65.00
    976.94      -64.00
    968.31      -57.50
    983.65      -60.00
   1001.92      -33.25
    981.23      -54.50
    964.66      -61.00
    946.73      -62.00
    947.52      -46.50
    952.43      -52.00
    942.86      -52.75
    955.29      -64.75
    976.92      -49.00
    976.92      -79.75
    983.80      -38.50
    952.05      -63.00
    952.52      -70.25
    957.61      -58.25
    978.09      -64.75
    959.42      -71.75
    998.26      -58.00
    983.76      -63.50
    946.70      -64.25
    992.01      -34.75
    990.88      -36.75
    934.35      -66.75
    964.28      -70.25
    986.81      -36.50
    990.61      -40.75
   1003.54      -37.00
    972.36      -73.25
    965.06      -45.00
    995.68      -33.25
    960.12      -63.75
    946.74      -62.75
    982.16      -53.25
    952.58      -66.50
   1005.17      -33.25
    966.10      -66.75
   1020.24      -35.25
    961.08      -63.50
    964.47      -66.75
    936.50      -71.75
    951.89      -52.75
    994.80      -46.00
    930.05      -56.75
    998.67      -52.50
    950.16      -68.75
    960.41      -59.00
    951.63      -59.75
    932.16      -71.75
    994.01      -53.75
    960.95      -67.00
    964.60      -48.25
   1008.90      -30.75
    939.63      -63.50
    959.44      -63.50
   1000.14      -33.75
    950.11      -60.25
    993.96      -48.00
    941.58      -70.50
    944.49      -61.00
    934.35      -60.00
    974.65      -60.00
   1006.76      -38.75
    962.40      -77.50
    942.32      -55.00
    946.68      -59.75
    978.81      -48.25
    944.99      -65.75
    946.47      -60.75
    955.86      -74.50
   1011.41      -51.50
    951.65      -62.50
    941.40      -63.00
   1007.61      -32.25
    992.01      -60.75
    991.11      -47.25
    988.25      -59.00
    968.93      -59.25
    965.70      -53.25
    967.49      -65.25
    952.69      -60.50
    952.08      -60.00
    940.72      -70.50
    943.92      -77.50
    961.18      -66.75
    937.20      -53.00
    973.48      -81.75
    985.15      -79.00
    953.82      -57.00
    962.54      -62.00
    957.34      -68.50
    961.48      -69.75
   1004.07      -37.25
    989.68      -64.00
    974.44      -66.75
   1005.22      -30.00
    964.43      -57.00
    955.24      -59.00
   1007.32      -29.50
    949.12      -54.00
    952.77      -59.50
    990.05      -79.00
    967.76      -70.00
    980.12      -50.00
    989.71      -80.50
    967.27      -51.50
    960.82      -58.25
    972.48      -60.25
    960.39      -56.00
   1010.73      -40.00
    958.43      -57.00
    964.24      -55.75
    964.97      -57.75
    981.24      -75.00
   1008.49      -36.00
    950.05      -55.25
    958.04      -72.50
    950.86      -59.50
   1008.09      -29.00
    960.77      -63.25
    966.10      -69.75
    970.54      -62.50
    960.68      -47.25
    964.86      -50.25
    958.21      -72.25
    937.05      -57.25
   1014.87      -29.25
    952.78      -71.00
    950.05      -59.00
    986.44      -40.00
    964.27      -43.25
    958.46      -56.75
   1011.27      -30.25
    954.24      -63.25
    978.45      -58.25
    935.14      -58.50
    980.66      -54.25
    934.07      -65.25
    956.95      -55.75
   1002.06      -31.25
    981.64      -79.50
    976.63      -40.25
    939.20      -70.25
   1010.51      -35.00
   1006.93      -30.25
    944.92      -62.50
    948.83      -61.25
    996.97      -49.00
    953.53      -66.25
   1001.13      -36.00
    961.87      -62.25
    984.82      -72.25
    944.30      -57.25
    992.17      -43.50
    958.58      -76.25
    942.12      -59.25
    994.30      -49.75
    994.58      -35.00
    961.49      -57.00
    941.62      -70.00
    961.00      -61.25
    992.38      -52.50
   1007.58      -29.75
    953.22      -61.50
    981.13      -35.25
    947.82      -66.75
    956.99      -56.25
    979.81      -52.50
    962.36      -67.50
    957.69      -63.75
    953.57      -73.75
    938.97      -70.00
    940.41      -64.25
    975.28      -63.00
   1010.38      -28.25
    980.08      -42.25
    949.20      -56.75
    957.22      -63.75
    972.94      -62.75
   1000.60      -41.00
   1012.31      -31.00
    941.55      -64.25
    964.32      -58.00
    932.30      -62.00
    951.58      -59.75
    979.16      -46.75
    982.71      -80.50
    983.16      -52.75
    964.67      -53.25
    967.52      -53.00
    981.66      -62.00
    999.06      -31.75
    979.81      -80.50
    992.74      -28.25
   1001.94      -30.50
    973.07      -53.75
    984.91      -69.00
   1003.11      -58.25
    964.31      -60.00
    976.62      -53.25
    951.64      -58.50
    945.95      -60.50
    946.56      -70.25
    982.38      -45.50
    936.32      -56.50
    987.39      -45.50
    966.88      -56.25
    989.13      -48.75
   1014.05      -25.50
   1006.61      -38.00
    943.72      -58.00
    988.56      -60.25
    942.25      -60.25
    977.27      -45.25
    974.59      -68.00
    971.47      -68.75
    939.95      -64.50
    968.01      -54.50
    957.25      -53.50
    959.88      -68.50
    956.22      -58.25
    965.01      -44.50
    993.39      -37.25
    977.22      -47.00
    969.57      -40.50
    965.02      -63.75
    995.73      -40.75
    969.48      -64.50
    973.09      -52.00
    976.26      -61.00
    980.67      -81.25
    961.72      -53.50
    959.45      -54.00
    956.63      -67.75
   1007.19      -29.75
    945.98      -63.75
   1013.12      -28.50
   1004.18      -35.25
    983.93      -60.00
    959.54      -54.50
    954.75      -58.50
    956.68      -58.75
    933.60      -60.75
    981.27      -44.75
    944.01      -69.25
    955.47      -64.00
   1013.77      -28.50
    981.43      -54.50
    974.16      -55.50
    941.70      -67.00
    941.40      -60.50
    960.06      -51.75
    968.90      -64.50
    987.92      -46.50
    983.39      -41.50
    965.54      -79.50
    962.31      -63.25
   1013.14      -28.00
    963.77      -58.75
    975.12      -66.50
    970.78      -54.00
   1007.91      -33.50
    976.25      -52.25
    966.44      -65.50
    948.49      -64.00
    966.90      -57.25
    949.50      -70.50
    947.47      -70.50
    956.48      -56.75
    946.62      -62.75
   1007.06      -26.25
    945.06      -64.50
    942.20      -62.00
    973.62      -54.75
    980.81      -47.75
    962.45      -71.25
    972.68      -65.75
    957.49      -63.50
    971.16      -45.75
    994.40      -40.25
    960.71      -60.25
    939.09      -65.00
   1023.41      -33.00
    961.90      -52.50
    984.49      -77.00
   1009.90      -29.25
    947.13      -63.25
   1007.61      -28.75
    964.35      -68.75
    959.29      -59.75
    943.57      -60.00
    950.05      -55.50
    952.14      -65.50
    977.08      -63.50
    966.53      -59.25
    951.34      -61.25
    963.25      -48.25
    982.13      -51.75
    980.07      -81.75
    991.65      -43.50
   1005.71      -41.75
    955.77      -65.25
    961.37      -56.00
    962.07      -56.75
    951.88      -62.00
    945.05      -66.25
    970.12      -56.50
    971.52      -56.50
    952.34      -73.75
    944.89      -60.50
    991.28      -36.50
    993.51      -53.75
    940.25      -63.00
    968.16      -57.25
    967.26      -67.25
    973.22      -66.25
    964.48      -57.75
    989.21      -45.25
    977.60      -52.50
    948.68      -55.50
    955.44      -63.75
   1008.66      -29.25
    954.78      -65.25
    971.27      -64.25
    978.48      -79.25
    955.73      -68.75
   1003.99      -39.50
    966.24      -78.75
    958.55      -62.00
    918.20      -66.50
    937.27      -57.00
    955.65      -56.25
   1007.50      -28.00
    963.38      -63.50
    947.02      -64.25
    946.30      -57.25
    961.79      -58.00
    944.47      -59.75
    984.49      -83.00
    949.70      -66.25
    964.59      -57.25
    941.81      -61.50
    971.22      -50.00
    958.83      -67.50
    956.89      -72.25
    995.04      -34.00
    990.95      -47.50
    976.95      -46.50
    988.07      -55.75
    947.14      -56.00
    949.10      -60.50
    966.88      -62.25
    936.41      -68.00
    958.03      -64.25
    957.42      -58.75
    937.71      -67.75
    951.26      -58.50
   1005.81      -31.00
    961.25      -69.50
    962.16      -59.50
    973.34      -62.50
   1015.36      -33.50
    997.37      -44.25
    948.54      -57.75
    948.63      -66.25
    966.05      -65.50
   1017.25      -42.75
    979.25      -52.50
    947.19      -66.00
    970.20      -77.00
    948.28      -62.50
    946.97      -70.75
    950.27      -57.75
    936.30      -59.00
    925.68      -62.00
    959.94      -69.00
    953.15      -59.50
    951.78      -57.00
    946.47      -67.25
    946.04      -56.75
    957.64      -76.75
    956.70      -55.00
   1010.33      -36.00
    956.45      -54.75
    963.43      -50.00
    957.76      -63.25
    975.06      -59.00
    982.61      -50.25
    954.37      -74.25
    992.55      -53.50
    998.12      -37.25
    969.58      -56.25
    974.02      -57.25
    954.52      -65.00
    945.58      -62.25
    962.47      -59.25
    960.64      -65.00
    942.44      -60.00
    952.23      -54.00
   1017.05      -27.00
    962.58      -58.25
    947.25      -55.25
    956.74      -50.00
    973.61      -53.00
    969.81      -61.25
    958.18      -58.50
    967.45      -53.50
    978.40      -61.00
    965.42      -54.75
    949.37      -59.25
    990.80      -45.75
    952.73      -62.75
    957.54      -67.25
    973.31      -65.25
   1001.68      -31.25
    960.94      -66.00
    941.59      -61.25
    995.95      -42.50
   1002.76      -41.50
    971.24      -43.75
    941.40      -68.00
    964.10      -61.00
    943.79      -66.00
    957.84      -60.75
    925.20      -63.25
    963.30      -58.00
    980.45      -54.50
    961.27      -60.75
    922.38      -66.50
    946.46      -63.50
   1010.01      -43.50
    941.40      -64.75
    958.08      -78.00
    960.66      -63.50
    949.44      -72.25
    943.02      -60.75
    971.74      -54.25
    942.50      -71.00
    932.19      -71.25
    917.05      -62.25
    976.68      -53.00
   1014.27      -34.00
    955.56      -70.50
    973.50      -61.50
    973.02      -62.75
    940.84      -60.50
    987.22      -46.75
    959.26      -78.25
    953.03      -58.75
    944.67      -61.75
    978.94      -51.00
    992.22      -44.75
    980.88      -48.75
    945.56      -63.00
    955.28      -55.75
    941.17      -63.50
    932.69      -58.00
   1008.36      -31.50
    955.54      -59.50
    962.97      -67.50
    981.11      -65.00
    947.75      -58.50
   1007.27      -29.25
    956.61      -70.75
    954.93      -64.25
    959.12      -55.50
    967.62      -66.50
    961.39      -64.00
    955.24      -56.50
    995.36      -49.25
    958.18      -64.00
    963.47      -66.25
    982.58      -48.00
   1001.62      -31.25
   1008.24      -34.75
    953.90      -66.75
    940.99      -61.00
    950.18      -61.75
    954.53      -60.75
    996.39      -48.50
    992.13      -50.75
    985.33      -48.00
    983.05      -55.00
    958.38      -56.25
    958.17      -53.25
   1010.84      -32.00
    943.18      -71.00
   1008.98      -38.25
    956.89      -63.50
    948.84      -57.25
    971.26      -63.00
    974.47      -56.75
    982.99      -55.00
    984.74      -81.25
    955.10      -56.50
    981.66      -64.50
   1010.14      -36.25
    937.54      -66.25
    963.07      -54.00
    960.99      -54.75
    964.90      -54.50
    948.37      -59.50
    944.88      -56.75
    962.62      -70.25
    991.92      -45.50
    937.56      -59.25
    961.74      -51.25
    946.94      -59.25
    986.01      -79.50
    962.51      -65.50
    964.66      -65.50
    988.34      -48.00
    962.20      -53.75
    968.37      -56.00
    965.05      -72.50
    965.16      -63.00
    992.03      -40.50
   1014.65      -33.25
    959.53      -57.75
    959.16      -65.75
    981.38      -73.50
   1009.52      -26.50
    967.59      -67.25
    948.90      -62.50
    984.07      -81.00
   1002.77      -34.50
    946.59      -61.50
    961.48      -58.25
    948.98      -76.75
    956.27      -59.50
    996.76      -40.75
    955.97      -62.75
    999.18      -41.25
    940.78      -63.00
    945.25      -66.00
    948.31      -54.50
    961.83      -49.50
    973.12      -79.50
    944.37      -63.00
    961.09      -64.75
    955.13      -64.75
    933.35      -68.50
    983.52      -44.00
    959.39      -57.00
    946.85      -56.00
   1017.23      -28.00
    973.25      -57.00
    961.22      -63.75
    948.03      -63.75
    983.97      -43.75
    936.73      -62.50
    958.78      -61.25
    959.88      -59.75
    983.57      -81.25
    961.88      -60.25
    994.78      -51.00
    987.30      -41.25
    947.07      -65.75
    959.07      -62.50
    947.08      -62.25
    959.16      -59.50
    951.87      -59.00
    962.22      -68.00
    963.19      -70.50
    953.30      -62.50
   1009.12      -36.50
    952.19      -60.75
    930.10      -65.50
    951.49      -53.00
    950.57      -62.25
    947.48      -65.25
    942.47      -61.75
    978.43      -55.00
    999.18      -31.50
   1007.79      -33.25
    977.40      -49.75
    942.92      -63.50
   1011.63      -27.50
    952.95      -56.75
   1004.46      -32.00
    965.52      -53.25
    986.47      -53.50
    942.85      -60.75
    938.04      -74.00
   1011.38      -26.75
    940.76      -52.75
   1011.44      -38.50
    939.13      -66.50
   1012.16      -36.50
    976.05      -55.25
    949.25      -54.00
    997.45      -59.00
    981.48      -41.50
    972.06      -45.25
    976.75      -64.50
    952.53      -81.50
   1005.21      -49.25
    939.00      -69.25
    970.98      -50.25
    982.52      -54.75
    957.79      -55.75
   1004.89      -34.25
    927.65      -67.25
    955.51      -58.25
    962.56      -69.25
    968.40      -49.25
    947.80      -71.00
   1003.00      -36.25
    973.74      -53.00
   1000.66      -40.25
    950.90      -62.75
    949.87      -62.75
    945.67      -73.00
    965.65      -73.75
    942.87      -57.50
    955.03      -52.75
    946.29      -71.00
    962.66      -58.75
    974.88      -55.00
    948.11      -64.00
    991.05      -38.50
    951.30      -65.25
    988.50      -44.00
    943.68      -49.75
   1012.66      -27.75
   1023.35      -39.25
    934.08      -65.25
    943.90      -64.50
    965.60      -55.75
    964.64      -53.75
    958.09      -61.25
    998.04      -40.75
    936.48      -61.25
    936.26      -66.25
    985.74      -52.75
    968.95      -64.75
    969.79      -66.50
    934.85      -57.50
    982.72      -41.50
    969.25      -56.50
    944.58      -53.25
    972.07      -44.25
   1000.08      -35.50
    993.32      -43.00
    941.46      -68.75
    959.90      -61.50
    997.86      -56.00
    952.68      -66.75
    987.24      -79.75
    984.97      -41.75
    951.22      -58.25
    972.68      -73.75
    969.27      -48.50
   1014.48      -27.75
    953.77      -66.25
    967.15      -57.25
    965.85      -64.25
    945.18      -64.50
    956.35      -61.50
    983.08      -68.00
    968.02      -64.00
    974.88      -63.00
    975.16      -68.50
    960.28      -60.00
    968.45      -59.00
    960.52      -63.25
    973.45      -63.00
   1004.32      -41.25
    947.11      -57.50
    969.61      -54.50
    988.56      -49.75
    974.96      -80.50
    941.10      -57.75
    956.78      -59.25
    957.29      -66.75
    964.29      -61.25
    997.58      -46.50
    977.15      -61.00
    967.46      -72.00
    942.65      -60.50
    944.11      -62.75
    943.00      -71.25
   1008.81      -29.00
    945.00      -60.75
    997.45      -35.50
    954.48      -63.25
    967.51      -60.00
    961.44      -58.50
    948.27      -60.25
    946.67      -67.25
    949.55      -51.00
    996.39      -39.00
    954.01      -56.00
    945.71      -63.50
    955.47      -60.50
   1012.70      -27.00
    966.77      -61.25
    994.82      -42.50
    959.22      -59.00
    948.15      -66.00
    980.11      -79.75
    955.27      -61.00
    960.77      -61.25
    942.70      -60.00
    964.45      -55.50
    979.08      -48.25
    943.82      -51.75
    961.83      -62.25
    949.57      -51.50
    953.55      -53.50
   1004.02      -40.00
   1011.40      -33.75
    981.01      -78.00
    954.78      -59.75
    942.91      -63.75
    952.82      -62.00
    969.97      -51.25
    965.60      -66.25
    957.73      -59.50
    960.03      -66.50
    997.89      -42.75
    972.66      -63.50
    986.63      -38.25
    954.15      -61.50
    992.76      -69.50
    965.35      -56.00
   1010.32      -29.50
    936.71      -54.75
    982.52      -62.75
    994.20      -33.25
    945.32      -60.25
    990.14      -45.75
    953.56      -63.50
    969.45      -62.75
    979.19      -54.75
    964.99      -59.00
    947.24      -67.50
    947.45      -59.50
    941.84      -62.00
    956.67      -58.50
    983.38      -50.25
    953.48      -61.75
    959.31      -60.00
    962.39      -58.25
    983.97      -52.00
    954.82      -69.75
    947.87      -58.25
    957.31      -64.50
   1011.43      -37.00
    946.36      -64.50
    936.91      -64.25
    980.74      -51.00
   1002.54      -39.75
    962.22      -62.75
   1014.87      -26.25
   1010.44      -27.50
   1006.15      -50.75
    949.16      -64.75
    944.88      -71.00
    974.83      -55.00
    949.70      -69.25
   1009.69      -29.50
    968.20      -71.25
    934.23      -62.50
    963.20      -57.25
    955.65      -64.50
    965.02      -57.75
   1008.98      -28.50
   1001.67      -39.75
    939.87      -64.25
   1011.16      -28.25
    979.64      -51.00
    957.89      -69.50
    942.80      -61.75
    954.46      -58.75
    971.57      -51.25
    946.12      -60.75
    961.31      -56.25
    953.99      -65.50
   1009.05      -43.50
    940.19      -60.00
    965.98      -53.75
    958.40      -61.50
    981.13      -50.50
    947.32      -61.25
    937.32      -52.00
   1001.12      -38.00
    961.30      -65.25
    945.90      -58.50
    962.71      -62.00
   1016.26      -29.00
    990.31      -49.00
    942.05      -69.50
    975.34      -69.75
    985.73      -40.50
    951.03      -62.75
    956.69      -62.00
    957.76      -54.00
    949.54      -60.25
   1003.26      -30.25
    965.08      -51.25
    962.52      -63.00
    961.53      -57.25
    981.69      -49.75
    944.58      -74.50
    943.97      -70.75
    981.96      -57.50
    938.90      -68.25
    972.43      -51.25
    945.12      -76.00
    995.88      -40.75
    959.84      -50.25
    979.91      -52.75
   1012.03      -34.25
    949.02      -63.75
    937.44      -63.25
    976.57      -41.50
    977.74      -66.25
    940.06      -55.75
    958.87      -59.25
   1014.52      -40.75
    987.59      -41.75
    964.90      -78.25
    939.05      -58.50
    953.73      -65.25
    998.47      -38.00
    971.89      -61.50
    947.52      -56.50
    955.43      -70.50
    952.90      -60.50
    969.99      -78.25
    955.45      -58.50
    959.28      -60.00
   1001.41      -41.50
    963.10      -57.75
    986.20      -78.25
    986.66      -44.50
    959.37      -73.00
    978.86      -67.50
    971.18      -56.50
    951.25      -57.00
    975.26      -47.25
    933.21      -65.00
    997.49      -52.50
    956.01      -80.75
   1014.91      -37.25
    978.38      -41.50
    953.55      -56.75
    949.41      -56.00
    949.25      -58.25
    934.54      -72.50
    971.59      -54.25
    951.38      -64.50
    958.30      -65.00
    965.13      -80.50
    976.02      -53.50
    967.45      -72.25
   1017.13      -34.00
    958.52      -67.25
    945.35      -72.25
   1010.65      -43.75
    958.23      -69.00
    958.46      -64.25
    967.42      -38.75
    972.19      -74.00
    941.67      -60.75
    934.07      -61.75
    978.82      -54.00
    981.23      -34.00
    997.93      -48.00
    957.29      -73.25
    967.02      -52.50
    986.87      -47.75
   1015.11      -33.75
    947.77      -71.75
    967.44      -68.00
    950.68      -62.00
    952.69      -57.75
    957.69      -61.75
    996.23      -46.25
    941.81      -50.75
    970.14      -63.75
   1002.42      -45.25
    948.26      -55.75
    951.96      -60.75
    964.20      -57.00
    985.15      -62.25
    981.84      -55.75
   1010.80      -34.75
    970.35      -69.00
    963.91      -63.50
    959.70      -66.00
    944.18      -59.50
   1002.36      -34.75
    982.76      -63.75
    968.03      -52.75
    929.39      -62.25
    985.55      -51.50
    944.31      -72.00
    942.81      -63.50
    947.22      -68.00
    959.53      -62.25
    996.03      -43.50
   1011.51      -40.00
    938.07      -63.25
   1009.95      -28.50
    994.60      -30.75
    972.15      -80.50
    953.54      -61.00
    979.44      -62.25
   1007.61      -34.25
    959.38      -58.50
    945.49      -56.75
    952.68      -68.00
    946.03      -61.25
    951.59      -66.25
    957.19      -60.75
    998.65      -38.75
    959.03      -52.75
    928.09      -62.75
    957.53      -58.50
    947.06      -62.75
    953.67      -65.25
    976.45      -52.75
    945.02      -66.00
    936.33      -65.00
   1007.04      -26.00
   1005.07      -27.00
    975.47      -80.25
   1002.73      -36.75
    965.72      -64.25
    967.97      -63.75
    950.42      -58.00
    955.06      -57.00
    994.54      -40.25
    944.27      -54.00
   1009.61      -35.25
    952.39      -74.75
    958.70      -81.25
    946.21      -60.50
    944.29      -68.50
    945.46      -60.00
    954.76      -63.00
    957.04      -62.25
    965.92      -71.50
    975.62      -54.00
    944.39      -70.25
    937.17      -63.75
    950.41      -58.50
    976.13      -52.00
    980.51      -36.00
    971.66      -56.75
    975.84      -50.50
    942.86      -71.75
   1009.99      -29.25
    996.06      -39.75
   1008.15      -50.00
   1005.88      -53.00
    955.85      -53.50
    932.25      -66.75
    960.76      -79.75
    985.90      -46.00
   1005.46      -27.75
    978.81      -50.25
   1013.48      -40.50
   1001.72      -42.75
    975.14      -50.75
    948.18      -69.00
    960.51      -60.00
    953.28      -58.50
    957.14      -62.25
   1009.47      -29.75
    962.94      -79.75
    957.82      -72.25
    957.15      -63.00
    956.70      -68.00
    977.82      -42.75
    963.80      -64.00
    953.54      -57.25
    931.56      -61.50
    976.60      -45.75
    949.88      -67.00
    956.24      -58.75
    961.65      -60.75
    949.96      -66.00
    973.36      -61.00
    989.09      -50.75
    980.70      -47.00
   1002.00      -41.00
    947.56      -60.50
    949.50      -64.75
    963.20      -70.50
    950.73      -55.00
    978.80      -63.25
    949.20      -69.50
    954.59      -53.00
    977.82      -62.00
    949.27      -69.00
    936.31      -54.00
    960.43      -56.50
    976.27      -54.75
    968.37      -80.50
   1009.64      -30.50
    981.18      -47.50
    967.98      -77.25
    953.21      -48.75
    941.76      -66.50
   1000.32      -40.00
    962.50      -63.75
    995.52      -36.75
    979.13      -52.00
    974.18      -62.75
    936.22      -59.75
    952.60      -59.75
    967.61      -65.75
    965.69      -67.00
   1007.25      -36.00
    950.58      -61.75
    945.71      -62.00
    962.76      -61.50
    945.22      -67.50
    992.83      -36.00
    980.65      -38.75
    951.68      -60.75
    969.36      -53.75
    959.41      -59.25
   1000.86      -43.50
    969.49      -66.75
    967.32      -50.25
    944.56      -59.00
    941.25      -64.50
    979.98      -41.00
    969.35      -57.00
    979.43      -47.25
    981.12      -81.50
    933.79      -56.75
    992.51      -39.25
    962.29      -61.00
    950.78      -67.00
    996.24      -44.75
    959.73      -57.50
    939.32      -61.50
   1013.36      -35.25
    966.83      -74.75
    963.93      -69.50
    956.12      -51.75
    942.88      -61.25
    983.11      -43.75
    974.52      -52.25
    943.76      -65.25
    964.33      -50.00
    960.67      -64.00
   1012.29      -26.50
    973.82      -82.00
    952.12      -63.25
    961.53      -48.00
    998.71      -43.75
    961.82      -49.25
    982.32      -50.25
    933.65      -60.00
    998.95      -47.00
    958.03      -61.25
    954.93      -65.50
    939.26      -62.50
    990.81      -58.00
    962.76      -59.25
    954.74      -60.75
    968.80      -52.00
    991.30      -47.00
    938.84      -57.75
    930.32      -63.25
    951.90      -54.50
    976.73      -66.75
    978.38      -47.25
    980.02      -53.75
    933.76      -60.00
    941.38      -57.50
    983.09      -45.00
    999.74      -44.50
    986.48      -42.25
   1014.29      -32.75
    939.59      -69.50
    981.93      -69.50
    973.97      -55.00
    967.11      -67.00
    970.78      -55.00
    949.09      -61.75
    972.02      -51.75
    960.61      -55.00
    963.64      -70.25
   1001.53      -38.50
    966.26      -57.75
    940.79      -69.25
    940.39      -61.25
    962.87      -45.00
    971.24      -60.75
    993.14      -37.50
    980.29      -66.25
    967.79      -77.00
    986.98      -52.00
    972.97      -68.50
    966.40      -59.75
    960.96      -60.25
    946.92      -62.25
    954.15      -49.75
    969.23      -51.75
    956.10      -63.00
    994.10      -42.00
   1008.01      -37.75
    964.09      -62.75
    948.73      -69.00
    939.50      -57.00
    973.70      -81.00
    980.22      -51.75
    981.34      -57.75
    959.32      -56.75
   1013.15      -30.00
    951.81      -66.50
   1014.19      -37.00
    959.06      -67.75
   1003.00      -43.50
   1004.46      -29.50
    949.04      -61.75
    969.20      -69.00
    975.36      -62.75
   1010.33      -26.75
    966.89      -57.00
    948.98      -69.00
    982.24      -47.75
    969.36      -57.25
    961.33      -56.75
    944.87      -59.00
    945.90      -53.00
    957.66      -61.25
   1006.56      -50.50
    972.40      -82.75
    980.81      -68.75
    960.33      -57.50
    955.08      -59.00
    963.05      -62.00
    945.83      -60.00
    963.53      -79.00
   1000.95      -35.50
   1016.01      -28.00
    960.66      -61.00
   1008.88      -31.50
    958.49      -66.00
    953.61      -61.00
    948.98      -60.50
    960.40      -65.75
   1002.14      -38.25
    974.07      -56.00
   1006.18      -45.75
    965.72      -63.00
    969.02      -63.00
    997.17      -41.00
    946.40      -62.25
    997.75      -32.00
    974.74      -47.75
   1012.91      -34.25
    958.25      -73.50
   1006.51      -37.00
    948.11      -62.00
    944.38      -60.25
    962.62      -63.75
    954.84      -55.25
    976.70      -62.00
    955.34      -58.25
    966.02      -66.50
    957.14      -65.75
    996.13      -42.50
    943.35      -63.00
    974.91      -55.25
    975.42      -80.25
    967.30      -59.00
   1005.72      -38.75
    953.86      -62.25
   1011.20      -27.25
    970.63      -62.25
    951.81      -69.00
    973.10      -60.75
    962.87      -62.25
    951.82      -66.00
    953.17      -65.75
    954.37      -62.25
    983.56      -46.75
    963.13      -62.25
    967.80      -62.00
    966.05      -53.25
    960.50      -64.75
   1005.69      -30.50
    950.83      -68.00
    946.04      -56.75
    957.74      -56.75
    928.11      -74.25
    944.15      -57.75
    938.07      -70.00
    959.85      -61.25
    958.77      -67.00
   1011.55      -34.00
    957.91      -79.25
    950.79      -62.75
   1011.01      -35.00
    969.41      -56.50
    964.07      -60.50
    970.14      -62.75
    956.53      -74.50
    949.09      -55.75
    959.88      -54.75
    956.79      -61.25
    980.11      -53.25
    996.48      -46.25
    976.88      -55.25
    959.87      -51.50
    949.46      -65.75
    957.10      -75.50
    959.44      -60.50
    951.01      -62.00
    962.51      -57.00
    997.28      -41.25
    964.93      -70.25
    939.53      -58.50
    974.17      -47.25
    969.47      -58.75
    956.58      -63.75
    952.93      -65.25
    937.77      -62.50
    961.56      -56.75
    951.70      -60.00
    947.63      -60.75
    958.85      -68.25
    992.68      -35.75
    971.19      -64.00
    954.73      -63.00
    994.57      -42.00
    956.69      -60.25
    986.80      -45.75
    971.34      -45.25
    931.57      -64.50
   1009.17      -33.00
    974.75      -40.25
    955.02      -71.00
    960.16      -61.75
    934.29      -61.75
    979.29      -64.00
    930.45      -63.00
    928.39      -61.00
    934.83      -66.25
    972.23      -78.00
    950.46      -55.75
    966.31      -49.50
    995.51      -36.50
   1010.20      -32.50
    940.73      -61.00
    947.75      -54.00
    941.14      -59.75
    940.90      -60.50
    961.06      -50.00
    983.39      -47.25
    953.42      -62.00
    998.03      -40.00
    967.52      -79.75
    954.74      -57.00
    973.74      -54.50
    962.06      -41.50
    940.99      -59.25
    958.98      -56.25
    984.47      -53.75
    959.61      -66.25
    958.77      -59.00
    956.05      -58.00
    955.59      -61.75
    966.31      -46.50
    992.67      -53.00
    969.93      -69.75
    954.28      -57.50
    933.72      -61.75
    977.90      -81.50
    959.03      -54.25
    972.52      -66.00
    953.73      -63.75
    936.91      -61.00
    974.98      -49.25
    954.26      -68.50
    959.30      -51.25
    953.08      -56.25
    954.53      -55.75
    982.87      -81.25
    963.59      -52.75
    942.66      -71.75
    951.63      -63.75
    960.87      -58.50
    960.63      -48.00
    949.56      -72.75
    986.74      -44.00
   1005.25      -35.25
    950.56      -54.25
    954.50      -62.00
    964.64      -48.50
   1000.65      -35.25
    954.71      -59.00
   1011.59      -34.25
    966.65      -54.00
    971.51      -60.50
    971.81      -73.75
    994.67      -37.25
    973.23      -57.75
    951.02      -48.25
    944.09      -56.75
    974.16      -60.00
    989.20      -36.75
    998.92      -36.75
    948.35      -55.25
    963.51      -63.50
    993.89      -44.25
    953.03      -55.00
   1001.60      -42.00
    965.38      -55.00
    970.88      -43.75
    943.17      -64.25
    974.74      -74.00
    956.23      -63.00
    982.61      -80.25
    966.28      -60.25
    961.99      -59.00
    964.01      -62.50
    955.82      -65.00
   1000.52      -33.50
    949.79      -68.50
    988.25      -56.50
    967.74      -61.75
   1001.57      -34.50
    948.20      -59.00
    938.69      -71.75
   1007.30      -37.75
    948.71      -64.50
    952.21      -63.50
   1001.53      -39.50
    954.09      -62.75
   1011.42      -34.75
    960.75      -71.50
    938.00      -59.25
   1002.97      -40.00
   1011.33      -44.25
    975.76      -80.50
    947.91      -64.00
    964.82      -69.25
   1010.13      -26.75
   1004.22      -42.75
    953.56      -62.00
    948.21      -65.75
    986.66      -45.25
    999.83      -39.00
    979.67      -60.00
    975.42      -42.75
    953.77      -61.00
    966.35      -72.25
    958.36      -65.25
    974.47      -51.75
    934.48      -64.50
   1000.79      -39.00
    961.32      -64.75
    959.67      -67.50
    954.59      -67.00
    955.29      -63.75
   1010.39      -37.50
    956.27      -61.75
    987.69      -54.25
    940.75      -63.50
    942.27      -64.00
    962.67      -75.00
    985.67      -53.50
   1009.31      -28.00
    960.41      -63.00
   1014.07      -42.25
    955.65      -63.50
    961.65      -64.50
    982.82      -46.00
    940.11      -62.25
   1006.45      -36.25
    959.19      -62.25
    960.42      -70.75
    975.23      -59.50
    975.58      -76.50
    961.06      -60.00
    976.62      -71.50
    980.98      -75.75
    941.64      -63.75
    977.87      -51.00
    956.50      -65.00
    995.24      -43.25
    953.45      -54.25
    956.36      -76.50
    945.37      -60.75
    967.75      -54.75
    953.67      -75.25
    960.26      -56.25
    948.47      -69.50
    956.36      -62.50
    961.38      -70.75
    954.98      -66.50
    966.83      -60.50
    975.32      -53.25
    993.72      -42.00
    986.07      -43.50
    945.54      -57.00
   1011.85      -27.00
    947.79      -61.25
    950.79      -70.50
    999.05      -43.00
   1012.60      -28.00
    960.05      -58.00
    949.36      -68.25
    937.80      -62.50
    944.45      -65.25
   1003.14      -30.75
    978.63      -57.50
    949.11      -60.25
    931.63      -63.25
    953.17      -64.50
    950.37      -60.50
    962.60      -58.50
    932.46      -62.50
    987.32      -52.50
    967.92      -69.50
    954.76      -61.25
   1005.21      -45.00
    975.47      -60.25
    989.22      -42.50
    978.34      -62.25
    974.58      -63.75
    960.75      -49.50
   1000.65      -38.75
    959.33      -57.25
    952.82      -60.00
    949.60      -67.00
    942.74      -62.00
    966.81      -56.50
    999.22      -50.75
    983.65      -43.25
    970.24      -57.25
    945.89      -71.00
    955.81      -62.75
    992.20      -47.25
    945.40      -60.25
    949.34      -54.75
    957.84      -46.00
    942.40      -58.00
    982.07      -82.75
   1012.38      -33.25
    980.90      -48.00
    966.51      -69.75
    938.88      -65.25
    967.33      -54.00
    938.36      -55.50
    982.67      -79.75
    957.37      -59.00
    976.00      -80.50
    945.89      -62.75
    959.10      -66.50
    964.65      -52.75
    999.22      -33.25
    951.84      -69.00
    986.83      -44.75
   1013.12      -29.75
    987.93      -53.75
    963.68      -55.75
    968.01      -63.00
    956.86      -61.50
    958.48      -45.50
    978.18      -77.00
    965.16      -62.00
    945.48      -59.50
    955.18      -64.25
    983.94      -53.00
    948.01      -59.25
    966.84      -48.25
    939.01      -72.00
    936.36      -63.75
    972.46      -79.50
    956.48      -54.00
    981.40      -54.25
   1014.67      -26.50
    958.34      -55.75
    967.27      -66.00
    944.47      -80.00
    999.20      -42.00
    959.50      -60.25
    947.39      -69.50
    985.01      -42.50
    934.59      -53.75
    951.78      -75.00
    957.24      -59.00
    946.83      -56.00
    943.33      -61.75
    986.66      -55.75
    939.04      -70.00
   1010.74      -28.25
    962.89      -56.25
    958.01      -57.50
    999.90      -39.00
    969.61      -53.50
    957.07      -66.50
    984.42      -50.75
    966.63      -48.25
   1001.43      -55.00
    988.65      -44.75
    965.90      -49.00
    935.05      -62.50
    967.34      -65.50
    988.04      -37.25
    953.08      -62.00
    939.61      -62.75
    963.76      -67.25
    979.31      -47.50
    965.17      -44.25
    967.26      -54.50
    941.81      -57.25
    980.09      -61.25
    950.76      -60.50
    962.76      -69.25
   1001.68      -49.75
   1007.54      -31.50
    943.09      -60.50
    941.68      -62.00
    966.83      -57.75
    941.91      -62.25
    954.51      -63.50
   1003.26      -43.25
    961.04      -55.25
    941.88      -63.75
    969.18      -68.00
    958.00      -58.25
   1006.53      -36.50
   1013.85      -40.75
   1013.30      -28.25
    973.90      -51.25
    957.79      -64.50
    949.46      -66.50
    943.94      -59.75
   1012.55      -36.00
   1009.91      -35.50
   1001.24      -52.50
    951.73      -60.50
    971.54      -62.00
    955.61      -65.25
   1008.10      -32.00
    937.03      -60.75
    929.49      -69.00
    954.73      -52.25
   1007.27      -30.75
    936.27      -65.75
    943.72      -64.75
    974.78      -55.50
    917.82      -68.75
    963.58      -82.25
    961.64      -62.75
   1005.59      -33.50
    940.39      -62.25
    981.48      -58.00
    948.74      -66.50
    967.37      -47.00
   1006.47      -28.25
   1006.19      -30.00
    989.08      -51.00
    954.66      -64.25
    937.79      -62.00
   1004.19      -34.50
    956.08      -79.75
    942.91      -60.50
   1004.00      -44.50
    961.62      -66.00
    968.93      -65.50
    941.05      -65.75
    946.30      -60.00
    965.19      -62.25
   1003.76      -38.25
    968.07      -64.50
   1008.54      -41.00
    962.40      -66.75
    962.23      -66.00
    936.28      -63.75
    952.97      -58.00
   1006.33      -50.75
    944.69      -62.00
    958.03      -62.50
    966.58      -63.75
    947.88      -62.75
    950.47      -58.50
    944.96      -69.25
    958.11      -65.75
    948.59      -69.00
   1015.08      -29.75
    955.49      -66.00
   1003.07      -43.50
   1002.05      -35.25
   1005.45      -41.75
   1007.31      -28.00
    958.62      -68.50
    951.04      -63.00
    956.51      -58.50
    958.59      -54.00
    952.49      -70.50
    939.45      -75.50
    951.79      -56.75
    965.10      -80.50
   1003.74      -33.25
    942.90      -57.00
    946.50      -65.50
   1011.92      -46.75
    975.97      -53.50
    951.72      -59.00
    989.64      -43.50
    963.00      -66.50
   1006.53      -39.25
    962.91      -59.25
    960.51      -63.25
   1009.04      -35.50
    977.35      -81.00
    973.42      -61.75
    965.60      -60.00
    957.91      -69.00
    953.34      -59.25
    953.56      -61.75
    959.59      -64.00
   1004.04      -36.25
    951.18      -61.75
    985.42      -53.25
   1013.82      -26.00
    985.18      -45.25
    957.42      -52.75
    949.33      -64.00
    971.56      -51.75
    934.02      -55.50
    969.58      -52.00
    987.88      -70.00
    952.26      -58.50
    955.90      -69.25
   1006.25      -36.50
    964.51      -76.75
    936.84      -57.25
    959.88      -70.00
    970.16      -61.00
    975.09      -56.75
    959.60      -64.00
   1002.74      -44.25
    958.46      -76.75
    963.27      -52.75
    954.03      -65.75
    974.60      -51.25
    941.37      -65.50
    974.01      -52.25
   1001.45      -39.50
    978.81      -69.00
    973.04      -55.50
    975.97      -56.75
    942.78      -58.00
   1010.90      -31.00
    971.61      -66.50
    953.02      -60.00
    970.06      -62.75
    945.34      -71.50
    942.45      -60.75
    991.14      -38.50
    966.57      -60.00
   1008.74      -37.00
    950.28      -59.00
    960.28      -59.75
    967.73      -49.00
    958.41      -48.25
    953.47      -70.25
    978.20      -50.00
    960.68      -55.25
    947.49      -52.00
    996.50      -33.75
    996.81      -50.25
    970.21      -49.75
    973.04      -43.00
    952.09      -63.25
    973.37      -48.50
    971.15      -43.00
    972.61      -57.00
    948.09      -72.50
    963.01      -64.75
    928.46      -63.00
    965.74      -51.50
    934.60      -61.25
    949.71      -53.00
    999.68      -37.25
    982.91      -78.25
    958.45      -62.00
    954.96      -70.50
    958.81      -79.75
    989.22      -37.75
    946.31      -60.25
    993.17      -43.75
    962.43      -58.75
    972.32      -42.75
    970.93      -42.25
   1016.14      -37.75
    943.03      -60.50
    947.53      -69.50
    951.31      -56.75
    929.05      -59.00
    968.71      -65.25
    950.10      -75.50
    938.38      -61.25
    944.47      -59.50
   1013.93      -26.25
    963.54      -49.25
    969.60      -51.00
    956.35      -73.75
    984.46      -44.50
    957.25      -61.50
    947.37      -63.50
    958.04      -63.00
    953.24      -66.25
    942.10      -72.00
   1005.80      -44.50
    941.27      -58.50
   1004.41      -44.00
    975.67      -59.25
    982.87      -52.50
    952.21      -63.50
    983.92      -53.00
    984.18      -56.50
    988.13      -41.00
    954.80      -54.75
    970.83      -67.25
    960.84      -52.00
    993.87      -43.25
    964.85      -42.00
    998.58      -34.75
    974.32      -64.00
   1006.11      -32.25
    991.62      -54.50
    962.80      -66.75
    976.45      -58.75
    955.71      -58.75
    951.89      -58.25
    972.74      -64.50
    960.85      -59.00
   1001.40      -32.75
    972.48      -61.75
    980.86      -50.50
    999.56      -36.75
    965.65      -64.50
    959.31      -65.25
    963.45      -56.50
    949.43      -54.00
    967.24      -66.00
    929.91      -60.00
    963.03      -65.00
    953.65      -65.00
    954.75      -52.00
   1002.50      -36.25
    966.94      -51.00
    978.66      -48.25
    983.70      -62.25
    972.26      -77.00
   1000.70      -31.00
    957.62      -55.00
   1012.77      -28.25
    944.46      -61.25
    983.13      -45.50
    974.70      -68.50
    947.42      -60.75
    953.88      -61.50
    971.67      -61.25
    961.44      -62.50
    954.23      -65.25
    961.11      -63.50
    931.23      -54.75
    963.98      -73.50
    953.41      -53.75
   1014.44      -31.00
    969.19      -58.25
    960.05      -66.00
    942.19      -56.50
    969.55      -66.75
    967.93      -55.75
    971.44      -64.75
    955.84      -60.75
    950.68      -63.25
    958.22      -62.50
    960.54      -64.50
    957.35      -64.75
    970.84      -63.75
    984.45      -52.50
    969.88      -80.00
   1009.62      -29.50
    958.13      -69.00
    934.11      -64.75
    961.43      -52.50
    957.48      -70.00
    958.84      -56.50
    952.41      -60.25
    961.22      -63.50
   1006.04      -40.75
    949.11      -66.00
    952.94      -64.75
    973.65      -58.50
   1007.93      -31.50
    939.66      -63.00
    982.02      -62.25
    956.13      -66.75
    979.07      -73.75
    981.19      -48.75
   1006.03      -40.00
    970.64      -58.00
   1013.58      -35.00
    975.05      -55.50
    996.01      -45.75
    950.40      -55.25
    951.69      -58.00
   1004.94      -36.50
    931.61      -60.25
    963.68      -56.50
    965.48      -63.50
    947.90      -57.00
    925.77      -59.25
    961.40      -65.75
    953.32      -68.75
   1008.09      -29.00
    968.97      -64.50
    952.63      -65.00
    978.44      -58.00
    980.62      -54.75
    956.14      -70.00
    989.92      -39.50
    954.77      -59.75
    958.86      -51.50
    947.20      -63.50
    960.80      -62.00
    980.41      -79.25
    948.92      -63.75
    952.16      -53.25
    958.51      -66.25
    961.43      -48.00
    959.32      -64.25
    986.27      -48.00
    981.70      -52.50
    944.60      -63.25
    956.02      -60.00
    953.63      -71.50
    976.74      -43.75
    953.98      -68.00
    942.35      -52.25
    943.30      -59.50
    978.96      -76.50
    955.01      -60.50
    955.21      -58.50
    943.22      -65.25
    932.93      -66.00
    947.64      -65.50
    984.51      -49.00
    979.00      -80.50
    955.98      -57.75
    970.34      -43.00
    954.60      -61.75
    957.44      -52.50
    993.71      -47.75
    952.78      -54.25
    953.16      -65.50
    972.23      -67.00
    948.81      -54.75
    956.39      -72.00
    930.80      -65.00
    977.49      -52.75
   1012.15      -39.25
    975.69      -52.25
    947.78      -62.25
    953.50      -65.00
    958.59      -65.75
    947.40      -67.50
   1012.42      -30.75
    962.39      -58.75
    995.60      -52.25
    968.53      -65.75
    981.98      -44.00
    949.14      -63.25
    964.81      -60.00
    932.79      -65.00
    971.51      -63.50
    958.70      -59.00
    985.68      -32.00
    964.47      -45.75
    979.81      -73.00
    967.70      -71.75
    956.86      -55.50
    945.35      -63.50
    952.64      -60.25
    948.12      -63.00
    926.22      -60.50
    965.03      -58.25
    962.41      -56.00
    947.07      -66.00
    971.38      -49.00
    975.47      -57.75
    958.18      -56.00
    999.08      -48.50
    962.38      -62.25
    984.62      -46.50
    936.62      -58.25
    959.99      -58.75
    961.05      -59.75
   1006.03      -47.00
    944.45      -63.00
    964.42      -66.00
    971.21      -50.75
    932.48      -60.50
    947.07      -69.00
    973.31      -68.50
    967.23      -58.25
    944.07      -61.25
    999.11      -48.25
    955.38      -61.75
    949.70      -60.25
    953.49      -67.50
    998.07      -40.75
   1002.86      -41.50
    948.57      -53.00
    991.65      -35.50
    964.24      -64.50
    982.00      -57.25
    937.37      -58.75
    955.77      -52.25
    955.55      -68.50
    978.70      -81.50
    954.41      -60.75
    967.57      -65.75
   1015.59      -36.00
   1000.39      -36.50
    953.64      -74.25
    981.62      -52.50
    956.37      -63.75
    961.46      -53.75
    998.96      -40.00
    968.08      -63.25
    976.97      -81.75
   1000.38      -36.25
    989.39      -49.50
    970.94      -59.25
    975.26      -54.25
    956.50      -70.75
    960.06      -57.00
    945.30      -64.75
    977.84      -51.00
    962.79      -72.50
    976.48      -81.25
    955.02      -69.50
    972.54      -62.75
    943.60      -71.50
    937.01      -72.50
   1004.32      -52.75
    995.72      -40.75
    960.36      -53.75
   1004.73      -38.25
    978.31      -51.00
    988.79      -35.25
    959.18      -61.25
   1005.79      -25.75
    945.49      -69.75
    960.73      -65.25
    957.82      -64.00
    955.72      -64.50
    944.88      -52.00
    942.90      -60.50
   1007.68      -32.25
    935.64      -68.50
   1009.86      -46.50
    968.31      -63.25
   1007.03      -42.00
    951.40      -60.50
    960.26      -58.75
    938.08      -60.00
    960.92      -54.00
    957.03      -64.00
    945.60      -60.50
    984.08      -51.50
    939.02      -58.25
    975.38      -75.25
    955.88      -53.75
    959.12      -62.00
    948.23      -56.75
   1005.62      -28.25
    954.13      -60.50
   1007.89      -28.00
    936.79      -63.00
    968.12      -55.00
   1006.59      -33.00
   1004.91      -44.00
    948.09      -62.25
   1000.17      -33.50
    963.43      -54.25
    988.72      -48.50
    950.63      -60.00
    971.78      -69.75
    962.87      -52.25
    989.55      -46.00
    966.77      -68.00
    981.60      -58.50
    948.61      -57.75
    985.62      -39.50
    976.66      -61.75
   1002.48      -38.75
    971.80      -68.75
    983.87      -80.50
    957.74      -54.75
    956.84      -60.00
    983.21      -77.00
    970.81      -64.25
   1006.01      -40.50
    946.30      -61.25
    984.50      -47.00
    997.26      -40.25
    952.48      -58.75
    963.42      -62.50
    953.23      -60.75
    973.51      -63.50
    955.62      -53.75
   1013.60      -28.25
    963.83      -50.50
    942.30      -70.75
    952.37      -77.00
    976.40      -75.00
    937.90      -59.00
    972.43      -48.50
    934.54      -69.50
    958.14      -68.50
    967.63      -72.00
    958.70      -59.50
    941.92      -63.75
    975.90      -58.75
    963.35      -53.50
    964.82      -67.75
    980.81      -55.50
    938.55      -58.25
    952.60      -58.75
    987.57      -50.00
    986.83      -56.25
    980.42      -43.25
    938.15      -60.00
    981.58      -48.50
    964.72      -53.75
    950.31      -64.50
   1009.01      -26.00
    971.93      -48.50
    979.78      -72.75
    939.36      -54.25
    983.49      -53.75
   1005.49      -39.50
    946.05      -69.75
    962.19      -53.25
   1007.26      -34.00
    980.72      -53.50
    950.18      -71.75
    950.78      -64.25
   1007.47      -36.25
    958.03      -70.00
    989.77      -44.00
    976.55      -65.25
    987.48      -35.75
    945.23      -66.75
    973.17      -66.75
    943.77      -62.25
    970.02      -81.75
    946.12      -72.00
    959.32      -69.50
    944.71      -54.00
    952.81      -71.00
    942.82      -60.00
    978.63      -43.50
    949.55      -71.75
   1013.81      -27.75
    948.81      -71.75
   1005.48      -32.25
    948.32      -63.25
    974.01      -48.75
    954.14      -57.50
    941.97      -69.50
    930.30      -67.75
    967.90      -70.00
    964.61      -59.50
    959.10      -61.00
    961.76      -64.75
   1003.92      -46.25
    935.06      -59.75
    948.97      -68.75
    970.99      -46.50
    986.06      -80.00
    981.71      -51.25
    965.94      -73.50
    956.49      -57.50
    978.55      -35.25
    992.85      -54.00
    962.69      -59.25
    942.97      -59.00
    970.54      -64.50
    996.09      -38.50
    946.47      -62.00
    968.79      -66.25
    950.67      -69.75
    952.81      -57.25
    959.71      -62.50
    970.97      -79.25
    947.22      -66.75
   1001.00      -33.25
   1010.75      -33.75
    980.38      -65.00
    994.44      -40.50
    979.98      -57.25
    972.51      -52.75
    956.24      -59.00
    946.71      -50.00
    940.26      -54.25
    986.62      -48.75
   1009.04      -39.25
    939.26      -61.00
    969.72      -45.25
    958.99      -65.25
    946.25      -66.25
    962.07      -54.75
    977.58      -41.25
    972.94      -46.25
    977.70      -57.00
    955.86      -60.00
   1014.49      -29.50
    963.56      -60.25
    982.40      -65.75
    955.39      -68.50
    979.37      -48.75
    960.47      -63.75
    968.28      -60.25
    994.37      -45.25
    973.71      -74.25
    961.63      -58.50
    981.19      -57.00
   1009.09      -26.00
    945.36      -62.00
    957.97      -57.00
    963.90      -67.75
    994.73      -44.00
   1001.84      -41.00
   1007.61      -31.00
    975.35      -56.75
   1008.14      -27.50
    979.33      -53.50
    988.25      -47.25
    943.43      -60.25
    953.93      -58.00
    957.30      -67.50
    945.33      -71.50
   1001.87      -35.00
    977.98      -81.00
   1003.94      -48.50
    953.42      -60.25
    940.42      -62.50
    939.57      -61.00
    959.98      -65.00
   1008.59      -30.75
   1005.88      -34.75
    970.40      -62.25
    986.51      -53.00
    993.74      -40.75
   1007.55      -31.25
    988.55      -28.25
   1012.41      -45.25
   1010.40      -28.50
    971.36      -62.00
    972.36      -64.00
   1010.55      -31.50
    959.13      -61.00
   1000.54      -47.50
    962.76      -60.50
    962.13      -60.75
    940.89      -72.00
    946.99      -57.50
    955.71      -49.25
    953.84      -57.25
    946.91      -78.25
    937.06      -64.00
    968.07      -59.50
    946.09      -60.50
    994.14      -46.25
    952.08      -58.50
    975.90      -78.75
    993.10      -50.00
    969.16      -59.00
    957.39      -56.75
    931.41      -64.50
    972.66      -50.75
    953.85      -59.75
    945.96      -62.25
    964.67      -65.25
    996.41      -40.75
   1013.51      -28.50
    940.16      -53.00
    963.13      -56.25
    940.11      -62.00
    985.47      -54.00
    925.95      -69.75
   1005.71      -35.25
    995.54      -44.75
    940.94      -72.00
    996.69      -40.00
    971.32      -56.75
   1011.68      -26.00
    949.88      -70.75
    943.53      -60.25
    966.80      -64.25
    977.42      -78.50
   1000.96      -39.75
    946.84      -61.25
    976.23      -49.00
    954.46      -63.00
    998.68      -41.25
    937.42      -57.25
    983.15      -60.75
    958.51      -59.25
    956.44      -62.50
    946.30      -59.25
   1008.54      -29.50
   1017.29      -30.50
    976.92      -51.00
    941.81      -62.50
    957.87      -60.50
    970.87      -51.00
   1000.97      -28.75
   1005.15      -35.75
    960.21      -67.75
    932.23      -69.75
    952.51      -64.00
    979.10      -55.25
    970.77      -44.00
    951.80      -59.00
    967.58      -67.25
    967.63      -59.00
    945.93      -63.75
    938.66      -62.75
    938.17      -62.00
    951.92      -62.50
    970.08      -61.50
    952.20      -59.75
   1015.53      -33.00
    974.50      -45.00
    956.36      -50.50
    951.01      -79.25
   1010.05      -37.25
   1013.65      -26.25
    950.15      -67.50
    946.29      -56.75
    995.54      -47.50
    969.29      -66.00
    966.83      -63.25
    942.70      -55.25
   1014.57      -28.50
    972.72      -47.75
    967.40      -70.25
    927.46      -69.00
    959.89      -69.00
    962.97      -62.75
    947.84      -60.25
    972.09      -64.00
    956.92      -50.25
    997.37      -38.50
    961.02      -60.50
    955.21      -56.00
    941.86      -79.75
    936.47      -58.75
    932.57      -66.25
    955.15      -63.50
    990.45      -83.25
    974.66      -67.00
   1005.33      -35.75
    941.08      -59.75
    936.99      -69.25
    966.05      -56.50
    937.91      -63.75
    937.61      -60.50
    959.34      -79.00
    964.89      -67.25
    921.26      -65.75
    942.52      -61.75
    941.96      -67.75
    992.06      -52.75
    994.88      -40.25
    952.29      -59.00
    940.43      -60.25
    966.96      -79.50
   1003.71      -44.25
    956.83      -61.00
    961.89      -59.50
    966.20      -64.25
    966.56      -51.00
    960.37      -60.50
    947.59      -67.25
    966.71      -76.25
    972.02      -81.75
    970.32      -52.25
    956.15      -61.75
    996.09      -34.25
    955.95      -65.75
    934.32      -64.50
    986.57      -43.50
    951.44      -57.50
    981.16      -38.00
    947.65      -59.75
    937.91      -61.75
    957.35      -63.00
    963.16      -68.00
    972.21      -78.50
    966.34      -49.25
    966.25      -61.75
    943.71      -53.25
    974.56      -52.00
    960.65      -58.75
    941.40      -67.00
    954.73      -59.00
    980.88      -81.75
    942.54      -68.50
   1013.69      -32.25
    959.42      -63.00
    951.64      -62.00
    948.85      -64.50
    959.85      -57.00
    971.46      -73.00
    980.24      -42.25
   1012.61      -37.00
    956.61      -65.50
    991.76      -49.75
    951.83      -56.75
    952.60      -64.00
    965.59      -70.25
    963.18      -48.25
    964.41      -61.75
   1006.23      -34.00
    954.18      -64.00
    952.71      -66.25
    967.11      -69.50
    954.14      -60.25
    968.42      -67.25
    988.76      -79.25
   1003.75      -32.50
    961.96      -61.25
    957.56      -57.00
    941.90      -64.75
   1010.51      -36.25
   1009.05      -38.25
    947.88      -58.75
    972.88      -78.00
    967.68      -65.00
   1005.04      -40.25
    943.58      -63.75
    991.59      -55.75
    958.84      -66.75
    962.87      -63.25
    973.24      -35.75
    962.85      -59.75
    990.20      -45.25
    969.14      -64.25
    943.26      -60.00
    972.17      -62.00
    940.06      -62.25
    965.90      -57.25
    962.55      -67.50
    996.08      -42.25
    948.24      -63.25
    998.25      -33.50
   1004.07      -37.75
    955.69      -60.25
   1003.37      -43.75
    942.40      -65.75
    971.30      -46.25
    963.38      -62.00
    988.04      -48.25
    955.89      -65.25
   1015.54      -30.00
    967.60      -59.75
    953.60      -65.25
    962.25      -57.50
   1012.63      -36.50
    963.88      -60.25
   1012.01      -29.50
    963.25      -71.75
    953.77      -62.50
    989.64      -38.50
    964.92      -44.00
    960.49      -68.25
    941.82      -56.00
    995.36      -42.75
    941.88      -71.75
    938.77      -57.00
    995.45      -55.50
    964.53      -67.50
    957.94      -54.75
    932.95      -65.75
    962.39      -58.25
   1008.23      -25.25
    956.49      -52.75
    953.65      -60.25
    985.66      -51.00
    963.21      -53.00
    980.80      -49.75
    937.94      -64.25
    927.06      -64.00
    951.01      -69.50
    964.06      -61.75
   1008.53      -30.00
    946.68      -65.50
   1008.10      -34.50
   1007.40      -34.25
    974.11      -68.00
    960.30      -68.50
    961.58      -61.50
    974.27      -62.00
    992.95      -43.50
    953.49      -62.25
    936.78      -61.25
    993.55      -39.25
    995.25      -43.25
    983.51      -53.50
    952.33      -61.25
    950.07      -69.75
    966.67      -50.00
    970.33      -78.25
    961.80      -62.50
    968.16      -60.50
    932.67      -63.00
    952.63      -58.50
    951.13      -62.75
    994.75      -47.25
    945.07      -61.25
    927.14      -78.75
    946.12      -58.25
    957.35      -59.50
    963.94      -55.50
    938.13      -59.00
    943.26      -72.50
    952.68      -70.00
    969.04      -54.00
    956.66      -57.00
    968.31      -45.50
    956.79      -71.50
    930.02      -54.50
    938.02      -57.00
    950.34      -74.00
    982.78      -49.00
    965.70      -50.25
    960.00      -66.00
    976.06      -65.75
    962.60      -68.25
    943.54      -66.50
    969.32      -49.25
    999.28      -43.50
    976.39      -54.25
    961.91      -70.50
    959.40      -72.00
    980.44      -41.00
    968.60      -50.75
    936.70      -62.75
    988.95      -42.00
    959.27      -66.75
    969.33      -63.75
    970.32      -54.75
    980.82      -80.25
    958.48      -59.50
    952.96      -60.25
    993.73      -52.00
    940.51      -63.50
    945.15      -61.00
    973.58      -57.50
    957.65      -73.25
    966.71      -62.50
    966.25      -53.00
    985.66      -48.75
    975.83      -78.25
    944.53      -59.75
    970.92      -51.25
    937.13      -63.00
    998.18      -46.50
    953.54      -60.25
    963.81      -47.50
    961.14      -54.50
    962.40      -54.50
    967.61      -73.50
    981.71      -38.25
    962.10      -60.00
    965.89      -64.75
    953.78      -56.50
    971.06      -59.50
    963.07      -73.75
    980.34      -42.25
    970.39      -68.00
    972.88      -54.00
    957.14      -58.00
    978.81      -57.75
   1005.96      -34.25
    973.61      -49.00
    966.08      -45.25
    950.46      -62.00
    985.64      -75.75
    932.12      -68.00
    936.47      -59.50
    963.14      -62.50
    964.04      -61.00
    959.72      -66.50
   1017.98      -34.00
    941.95      -64.50
    986.27      -51.50
    969.71      -46.50
    974.60      -46.25
    954.34      -60.50
    987.47      -51.75
    967.44      -77.00
    996.65      -50.25
    938.23      -66.00
    932.00      -67.50
    962.85      -54.25
    946.25      -66.50
    965.20      -59.25
    937.80      -65.50
    941.93      -65.50
    965.42      -69.50
    975.96      -54.25
    956.45      -55.50
    945.03      -71.50
    941.60      -55.50
    943.64      -56.50
    944.58      -60.50
    961.31      -57.25
    982.78      -54.75
   1001.14      -34.25
    932.76      -59.75
    937.37      -64.50
    970.65      -46.25
    957.56      -52.00
    989.43      -38.50
    947.83      -67.50
    967.80      -66.25
    954.12      -61.25
    992.20      -51.25
    950.60      -65.25
    959.09      -51.50
    996.79      -50.25
    951.56      -55.00
    967.60      -49.75
    962.61      -61.50
    956.97      -57.25
    951.50      -59.75
    960.85      -58.00
    964.60      -49.75
    968.67      -64.25
    940.39      -69.50
    958.73      -63.50
    981.12      -53.00
    954.45      -57.25
    976.47      -53.50
    949.11      -64.50
    957.43      -69.50
    952.13      -60.75
    946.73      -63.25
   1007.74      -31.25
    948.01      -59.50
    942.00      -70.00
    995.26      -52.00
   1008.28      -32.00
    988.99      -49.00
    951.16      -56.00
    961.18      -64.75
    980.49      -48.25
    951.62      -57.25
   1011.32      -36.25
    990.09      -50.75
    958.35      -58.75
    966.74      -48.50
    954.25      -64.25
    982.21      -43.50
    997.40      -37.50
    952.25      -56.75
    942.62      -62.00
    939.58      -64.25
    982.26      -61.25
    995.02      -43.75
    989.14      -47.00
    965.02      -60.25
    944.24      -60.00
    974.41      -53.00
    977.34      -65.75
    970.90      -81.00
    992.12      -47.50
    998.11      -36.50
    984.71      -51.00
    978.75      -55.50
    936.70      -61.25
    969.29      -55.75
   1006.19      -30.50
    956.86      -65.50
    937.39      -63.75
   1006.51      -32.25
    952.93      -63.25
   1004.33      -30.50
    966.49      -53.50
    991.32      -51.25
    991.54      -45.25
    965.77      -55.00
    961.24      -53.75
   1002.49      -42.50
    956.67      -59.75
    999.19      -44.50
    969.79      -54.75
    942.26      -71.00
    956.39      -75.00
    970.73      -66.75
    969.08      -72.25
    958.18      -64.50
    945.15      -65.25
   1006.04      -28.50
    942.89      -61.00
    984.87      -51.50
    977.02      -58.50
    938.85      -65.50
    962.85      -54.25
    965.96      -63.75
    942.08      -72.50
    971.14      -80.75
    960.30      -57.75
    998.91      -42.25
    945.17      -58.75
    997.18      -34.25
    947.45      -73.50
    955.81      -62.75
    947.81      -63.25
   1012.07      -30.75
    961.01      -72.50
   1006.54      -30.50
    963.67      -65.75
    975.16      -57.25
   1015.08      -33.00
    955.01      -56.00
    968.20      -54.00
    948.10      -62.25
    979.86      -46.25
    972.32      -80.25
    935.17      -61.50
    951.04      -58.75
   1013.36      -31.00
    931.57      -59.50
    969.18      -68.25
   1010.85      -32.25
    936.19      -60.50
    965.57      -55.75
    950.80      -60.00
    992.99      -39.25
    980.62      -68.00
    946.97      -62.25
    942.17      -70.75
    950.57      -59.25
    944.13      -72.25
    984.36      -48.50
    952.74      -57.00
   1012.63      -33.00
    974.60      -51.00
    996.96      -47.75
    948.71      -55.75
   1016.04      -26.00
    951.69      -65.25
    945.83      -59.25
   1001.13      -45.50
    969.72      -70.75
    970.52      -63.75
    965.65      -81.50
   1001.78      -33.00
    946.15      -64.00
    948.41      -60.25
    951.81      -75.75
    965.16      -62.75
    958.87      -61.25
    985.63      -64.75
    985.18      -43.25
    951.59      -73.50
    945.20      -76.00
    942.33      -69.00
    998.52      -40.00
    942.73      -58.00
    960.11      -50.25
   1012.67      -29.75
    986.75      -49.25
   1005.00      -42.50
    963.89      -60.75
    987.15      -48.25
    958.35      -58.00
   1004.86      -36.25
    947.42      -62.50
   1012.82      -38.25
    979.50      -53.75
    957.10      -63.25
    977.29      -57.00
    985.15      -52.25
    963.61      -53.25
    963.58      -56.25
   1011.57      -31.50
    960.70      -59.25
    950.82      -59.75
    957.49      -60.50
    948.43      -65.25
    931.83      -58.25
    942.98      -63.00
    952.37      -61.50
    954.64      -62.50
    987.85      -49.25
    991.95      -35.50
    972.45      -64.00
    930.38      -62.75
    953.06      -60.25
    994.50      -43.25
    974.59      -51.50
    958.17      -75.00
   1002.88      -40.50
    972.27      -65.50
    936.91      -59.50
    975.35      -62.00
    950.45      -58.25
    975.85      -48.00
   1003.85      -56.25
    973.68      -77.75
    965.97      -66.00
   1003.97      -43.25
    947.75      -63.00
    950.27      -59.25
    972.50      -67.50
    967.37      -55.25
    939.72      -64.00
    972.81      -53.75
    944.71      -64.50
    954.08      -58.75
    949.62      -73.75
   1008.87      -27.50
    954.68      -66.50
    975.96      -40.50
    943.36      -64.50
    965.27      -61.50
    960.59      -48.00
    963.62      -62.00
    941.59      -48.25
    963.32      -56.75
    973.97      -49.00
    950.62      -57.50
    961.14      -61.75
    938.46      -63.00
    954.33      -58.50
    928.50      -63.75
    987.54      -40.00
    981.65      -52.00
    961.97      -55.25
    957.81      -59.25
    961.23      -61.00
    964.52      -62.25
    940.72      -56.75
    954.27      -61.50
    956.81      -59.75
    978.03      -44.00
    999.27      -30.75
    958.11      -63.50
    975.93      -77.75
    969.64      -72.00
    970.66      -55.00
    985.55      -78.00
    944.09      -62.75
    965.24      -54.00
    967.69      -57.75
    975.99      -67.75
    984.33      -55.25
    989.09      -49.75
    953.34      -62.75
    961.54      -65.50
    983.45      -81.50
    955.18      -63.00
    969.29      -57.75
    969.06      -60.00
    997.93      -43.00
    968.22      -58.00
    936.74      -67.75
    977.49      -70.25
    955.19      -63.25
    944.31      -69.00
    956.88      -69.50
    978.87      -41.25
    961.78      -52.50
    959.31      -62.25
    943.77      -64.75
    958.01      -71.50
    943.28      -62.50
    954.86      -70.00
    944.11      -66.50
   1008.17      -26.00
    997.09      -37.50
    976.26      -50.50
    952.60      -50.00
    957.18      -60.00
   1008.97      -30.50
    968.85      -64.25
    944.88      -65.25
    981.79      -49.75
    986.65      -38.75
    926.58      -66.25
    946.10      -66.50
    978.35      -54.50
   1016.93      -30.75
    956.66      -61.50
    946.61      -69.25
    981.44      -52.25
    963.72      -56.50
    959.27      -65.50
    959.08      -59.25
    990.63      -57.25
    971.86      -68.50
    963.25      -55.25
    961.26      -56.00
    986.20      -34.50
    936.12      -66.75
    944.93      -66.25
    945.75      -68.75
    957.57      -63.75
    948.40      -61.75
    950.50      -69.25
    983.01      -65.00
   1013.61      -33.25
    974.76      -81.50
    963.85      -62.00
   1013.41      -37.00
    938.09      -60.75
    975.60      -57.25
    961.94      -62.75
    948.46      -63.50
    936.30      -67.25
    951.91      -67.25
    951.60      -59.50
    948.19      -62.75
    965.54      -73.75
   1000.18      -47.00
    952.88      -61.50
    999.47      -29.75
    958.19      -60.50
    962.03      -55.50
    951.77      -60.50
   1009.15      -34.50
    956.20      -65.50
    948.24      -65.25
    997.00      -45.75
    965.10      -78.25
    991.99      -49.25
    943.23      -62.00
    992.45      -49.75
    992.65      -34.25
    986.46      -55.50
    943.48      -60.75
    947.18      -61.75
    945.62      -62.50
    946.45      -62.25
    948.96      -63.25
    961.82      -69.00
   1004.40      -39.75
    939.76      -67.25
    998.02      -46.75
    942.89      -69.25
    946.21      -61.50
    967.60      -47.50
    963.41      -65.50
   1016.54      -31.00
    976.60      -59.25
    987.50      -44.00
    961.26      -51.00
    960.04      -60.50
    959.65      -66.75
    967.98      -64.00
    966.23      -72.00
    971.08      -62.00
    992.44      -35.00
    956.05      -62.25
    976.79      -72.25
    936.55      -58.50
    974.14      -70.00
    996.77      -36.00
    956.12      -57.50
    977.36      -50.75
    934.93      -55.00
    942.87      -54.75
    936.40      -70.50
    951.53      -57.75
    948.07      -67.25
    942.55      -64.25
    959.80      -80.25
   1014.49      -29.50
    964.08      -55.00
    937.57      -59.50
    945.26      -58.75
    946.76      -58.75
    957.58      -65.00
    974.20      -50.00
    944.82      -64.25
    996.36      -40.75
    964.78      -62.50
    960.40      -61.50
    975.77      -81.00
    961.26      -66.00
    975.63      -52.25
   1007.67      -29.75
    924.93      -67.00
    964.61      -62.75
    941.04      -56.50
    968.73      -54.00
    966.24      -57.50
   1006.89      -44.25
    965.39      -53.50
    937.71      -71.00
    937.05      -62.25
    968.06      -80.00
    972.10      -63.50
    979.80      -53.50
    967.83      -65.25
    984.49      -45.25
    973.69      -55.25
    968.26      -47.50
   1003.92      -41.75
    949.19      -59.25
    935.83      -73.75
    990.42      -60.50
    998.52      -30.00
    984.03      -42.75
    956.68      -81.00
    948.00      -66.00
    961.61      -62.00
    961.21      -58.75
    936.04      -58.00
    960.83      -67.00
    945.35      -58.25
    938.95      -64.75
    965.14      -68.25
    954.56      -65.50
    970.11      -53.25
    948.32      -63.00
    924.89      -60.00
    969.67      -69.00
    987.78      -45.25
    965.56      -59.25
    970.66      -62.00
    970.93      -53.50
    945.94      -61.00
    966.79      -42.50
    981.33      -79.00
    949.52      -59.50
    960.85      -62.75
    969.72      -47.75
    980.33      -41.50
    973.95      -73.50
   1001.63      -42.50
    951.51      -51.75
    980.23      -77.25
    972.89      -43.25
    958.86      -61.75
    937.95      -63.50
    962.06      -62.50
   1012.33      -35.00
    958.09      -56.75
   1005.28      -34.50
   1009.78      -38.50
    960.52      -67.75
    970.43      -62.75
    999.24      -32.50
    948.28      -60.75
   1002.54      -51.50
    954.29      -55.75
    966.86      -63.50
    971.38      -56.50
    972.60      -62.00
   1004.82      -30.75
    941.68      -61.00
    972.77      -46.25
    997.59      -46.50
   1011.24      -32.75
    951.27      -63.00
    962.27      -63.00
    960.75      -62.50
    991.54      -52.75
    948.28      -66.75
    950.88      -63.50
   1004.06      -32.75
    946.66      -66.00
   1004.49      -31.50
    972.35      -82.00
    944.98      -63.75
    963.76      -67.00
    996.91      -49.50
    952.07      -70.75
    998.14      -47.00
   1005.04      -31.50
    975.92      -49.25
   1008.68      -30.25
    955.30      -69.50
    966.28      -78.75
    969.11      -51.50
    949.69      -65.25
   1008.43      -40.00
    951.86      -60.50
    963.13      -64.50
    986.75      -40.25
    960.52      -63.50
    955.64      -69.00
    994.25      -44.25
    946.98      -69.50
    977.03      -37.75
    965.00      -64.25
    954.79      -72.75
    945.42      -71.50
   1011.76      -35.00
    949.26      -60.25
    952.23      -58.25
    952.00      -61.75
    951.32      -55.00
    961.12      -74.25
    988.30      -42.50
    989.54      -36.50
    944.03      -58.75
    964.64      -71.25
   1004.68      -29.25
    949.23      -59.25
    960.30      -67.00
    977.92      -66.50
   1004.22      -37.00
    944.90      -65.25
    964.70      -58.75
    933.64      -68.50
    944.12      -61.75
    984.94      -44.00
    953.70      -53.00
    964.09      -75.50
    951.45      -55.50
    968.71      -55.75
   1010.70      -28.75
    938.58      -60.50
    989.73      -56.25
    949.22      -69.75
    952.26      -67.50
    966.20      -58.25
    992.53      -38.75
   1010.01      -26.25
    961.21      -63.50
    955.69      -62.75
    949.50      -66.50
    979.74      -51.75
    943.69      -52.75
    957.95      -54.75
    976.56      -78.50
    946.42      -53.75
    978.89      -58.25
    935.86      -62.50
    963.72      -67.00
   1002.39      -28.00
    971.15      -60.50
    971.59      -49.50
    991.90      -48.25
    969.61      -45.75
    944.92      -54.00
    927.84      -63.50
    983.17      -48.75
    966.38      -45.75
    976.47      -52.00
    942.28      -64.00
    968.05      -59.50
    984.89      -66.50
    962.08      -63.25
    950.21      -62.25
    959.07      -67.50
    957.14      -58.75
    986.09      -40.50
    996.70      -44.50
    959.48      -76.50
    950.98      -61.75
    944.13      -65.00
    951.05      -55.50
    978.95      -65.50
    936.81      -63.75
    997.36      -35.00
    975.70      -54.00
    949.03      -62.00
    973.82      -74.75
    972.20      -60.75
    971.56      -53.50
    952.04      -65.00
   1006.76      -36.75
    952.88      -73.75
    951.94      -53.25
   1012.30      -27.50
   1006.03      -32.25
    960.15      -55.25
    946.00      -69.25
    947.97      -62.50
    964.19      -79.50
    953.78      -52.00
    975.04      -56.25
    985.42      -50.00
    957.36      -59.25
    984.12      -47.25
    977.95      -83.50
    981.24      -43.50
    991.27      -48.50
    979.73      -80.00
   1006.94      -35.75
    953.34      -63.25
    940.07      -60.50
    947.13      -58.00
    959.15      -62.00
    979.39      -54.75
    964.59      -48.50
    956.80      -65.00
    947.77      -62.50
    949.27      -57.50
   1006.16      -29.25
    965.73      -56.00
    931.58      -66.00
   1015.79      -27.50
    945.50      -70.50
    952.03      -61.50
    986.55      -51.25
    935.48      -56.50
    941.21      -59.50
    922.56      -68.75
    950.18      -63.25
    964.39      -46.75
    936.77      -61.75
    940.94      -63.50
   1010.26      -28.75
    953.52      -80.75
    997.71      -31.25
    939.85      -67.50
    941.28      -62.25
    988.97      -42.50
   1002.04      -32.50
    945.14      -69.00
    949.03      -72.50
   1009.43      -37.50
    953.96      -64.75
   1015.71      -26.00
    946.60      -62.50
    979.20      -59.50
    951.21      -57.25
    949.21      -66.75
    948.81      -66.50
    962.59      -55.00
    992.25      -37.00
    964.97      -44.25
    963.31      -53.50
    951.81      -60.75
    967.72      -72.25
    942.29      -71.75
    949.77      -61.75
   1003.79      -47.75
   1012.17      -31.00
    972.03      -59.75
    954.81      -67.25
    967.92      -70.00
    940.87      -62.25
    944.38      -61.00
    966.90      -59.25
    951.39      -58.25
    998.07      -42.25
    968.24      -58.75
    951.13      -61.50
    998.48      -47.50
    938.87      -61.00
    927.12      -59.50
    994.85      -30.25
   1003.73      -26.50
    965.57      -73.75
    941.78      -55.50
   1008.29      -40.75
    948.69      -58.50
    981.05      -56.25
    985.87      -54.00
    946.78      -62.25
    945.89      -48.00
    966.96      -56.00
    995.41      -45.75
    967.01      -66.25
    973.10      -77.00
    970.77      -49.00
    948.84      -71.25
    941.20      -59.25
   1001.16      -32.00
    956.12      -65.50
    968.93      -58.75
    990.60      -50.00
    950.21      -63.50
    947.94      -63.25
    954.59      -64.25
    947.68      -59.25
    936.94      -59.00
    980.58      -47.75
    934.44      -62.75
    972.25      -49.25
    970.23      -67.50
    977.40      -80.50
    969.60      -60.50
    981.01      -51.00
    984.58      -45.25
    949.17      -60.50
    965.71      -57.50
    948.08      -59.25
    958.64      -73.50
    966.26      -62.00
   1003.59      -34.50
    975.12      -53.25
   1004.50      -29.75
    964.26      -65.50
    965.44      -66.75
    949.45      -66.00
    969.32      -62.00
    956.19      -58.25
   1008.17      -33.25
    940.57      -58.50
    954.04      -69.75
    971.78      -75.50
    986.30      -41.75
    945.34      -65.00
    947.65      -58.50
    981.04      -49.75
    972.51      -63.25
   1002.55      -42.00
   1006.74      -47.50
   1012.67      -27.50
    982.69      -50.75
    939.07      -66.00
    946.78      -64.25
    952.38      -61.75
    990.97      -36.75
    948.57      -60.75
    943.36      -61.00
    985.98      -48.25
    955.09      -68.75
    964.28      -60.00
    948.61      -65.00
   1010.50      -26.00
    967.58      -81.25
    944.88      -62.75
    957.60      -63.50
   1019.36      -36.50
    958.67      -66.25
    999.25      -46.50
    932.44      -71.25
    992.27      -51.25
    957.30      -66.50
    956.97      -61.00
    938.22      -76.75
    963.57      -60.00
    942.90      -63.25
    957.24      -70.00
    998.40      -35.75
    945.12      -64.00
    995.68      -44.75
    938.86      -62.00
   1007.45      -37.25
    955.28      -64.50
    983.79      -52.25
    976.43      -57.75
    975.70      -57.75
    955.10      -47.75
    974.16      -48.00
   1002.19      -44.50
   1001.49      -39.00
    947.13      -69.25
    966.53      -52.50
    963.09      -55.50
    947.31      -65.25
    948.54      -69.50
    942.97      -69.00
    976.51      -60.25
   1014.80      -31.00
   1010.98      -35.50
    964.20      -61.25
    955.23      -64.75
    954.52      -58.50
    961.40      -79.50
    996.80      -39.00
    977.51      -45.50
    943.05      -65.75
    939.27      -75.75
    946.88      -64.25
    950.94      -71.25
    953.29      -63.25
    998.26      -43.00
    964.92      -59.00
    952.89      -58.75
    941.89      -63.00
    950.30      -60.00
    935.95      -75.25
    942.43      -60.25
    957.68      -74.50
   1012.48      -40.00
   1008.47      -47.25
    975.02      -78.00
    992.41      -43.75
    947.53      -62.25
    990.86      -44.75
   1009.71      -32.75
   1015.42      -29.25
    984.70      -43.00
    970.47      -58.25
    960.10      -62.50
    955.24      -58.50
    955.41      -66.75
   1007.46      -31.50
    971.91      -55.50
    949.08      -59.50
   1016.45      -43.25
    983.95      -46.00
   1014.36      -34.50
    966.14      -56.25
    990.26      -42.50
    973.09      -53.75
    975.97      -52.00
    959.23      -75.75
    945.19      -68.00
   1016.51      -32.25
    962.60      -58.25
    991.65      -39.25
    938.61      -54.50
    973.67      -62.00
    989.16      -46.75
    989.48      -40.25
    955.12      -63.50
    953.32      -69.50
    990.50      -41.50
    973.94      -55.00
    959.93      -61.25
    988.57      -44.75
    980.68      -54.00
    951.14      -62.50
    953.95      -72.50
    954.81      -54.75
    957.50      -68.75
    966.33      -49.25
   1000.82      -38.75
    995.61      -55.50
    927.90      -68.25
    970.30      -54.25
    958.50      -72.00
    987.47      -51.25
    930.48      -53.50
    949.17      -65.25
    961.92      -56.00
   1010.30      -29.25
   1012.00      -37.75
    967.43      -50.75
    946.68      -64.25
    968.31      -48.00
    949.70      -67.00
    987.29      -44.25
    950.94      -67.00
    979.58      -55.75
    989.77      -46.75
    969.99      -67.75
    995.84      -42.75
    943.03      -62.25
    985.39      -45.25
    948.32      -65.00
   1012.20      -54.00
    958.36      -51.00
    971.76      -46.25
    947.64      -58.50
   1007.93      -42.50
    950.32      -61.00
    978.41      -59.50
    940.00      -66.75
   1004.72      -34.25
    954.59      -71.50
    952.36      -61.00
   1015.52      -40.75
    997.06      -43.50
    978.32      -52.50
    952.21      -62.75
    946.89      -60.00
    945.36      -53.75
    981.16      -43.75
    952.25      -62.25
    962.68      -57.00
    970.78      -53.75
    959.47      -57.25
    967.29      -58.00
    956.78      -63.75
    941.20      -70.50
    995.03      -37.50
    977.02      -43.25
    943.84      -64.75
    955.93      -63.00
    971.37      -43.75
    986.73      -49.25
    946.51      -63.50
    934.63      -59.50
    963.79      -59.00
    976.22      -62.00
