    995.12      -39.00
    953.82      -61.75
    981.95      -40.00
    999.10      -33.00
    937.97      -62.00
    988.68      -44.50
    936.49      -71.00
    985.05      -65.50
    965.87      -61.50
    947.20      -66.75
    971.11      -46.75
    954.52      -62.75
    937.60      -81.50
    949.63      -64.00
    996.42      -31.25
    947.62      -60.75
   1010.61      -30.00
    965.88      -64.75
    972.02      -47.50
    940.16      -68.50
   1000.63      -33.75
    952.67      -73.75
    971.70      -64.50
    930.57      -71.50
    931.80      -64.00
    935.86      -61.75
   1003.74      -45.25
    945.44      -62.50
    984.21      -51.00
    940.16      -61.50
    958.19      -68.75
    938.61      -65.50
    947.77      -62.25
    956.13      -62.25
    941.81      -63.00
    949.73      -77.75
   1001.60      -38.00
    925.76      -67.50
    972.37      -43.50
    940.96      -59.75
    970.32      -61.75
    977.48      -65.00
    945.06      -61.00
    946.98      -70.75
    949.36      -63.75
    967.67      -48.25
    961.00      -78.75
    951.54      -66.25
    990.10      -38.75
    977.02      -46.75
   1013.38      -29.25
    940.26      -59.25
    950.33      -61.50
    970.02      -49.50
    962.91      -80.25
    982.00      -53.75
    955.05      -65.25
    938.58      -54.50
    950.68      -59.75
    974.19      -55.25
   1019.08      -32.75
    960.95      -59.75
    961.36      -59.25
    930.70      -64.50
    975.10      -47.25
    988.99      -54.75
    978.87      -41.00
    964.00      -61.50
    998.27      -49.50
    958.29      -63.50
    995.07      -43.75
    949.25      -56.25
    935.98      -62.50
    929.19      -59.75
    955.18      -59.75
    948.91      -63.25
    965.32      -62.75
    946.50      -65.25
    974.04      -53.25
    999.08      -49.75
    944.42      -55.50
    938.42      -60.75
    932.09      -71.50
    952.70      -75.25
   1014.87      -38.50
    989.70      -41.50
    949.87      -68.50
   1008.21      -28.50
    991.44      -39.25
    964.27      -61.25
    956.15      -62.25
    940.74      -68.75
    930.72      -67.50
    933.78      -63.25
    943.51      -64.00
    930.05      -54.50
    979.69      -38.00
    971.53      -79.25
    938.34      -63.25
    936.13      -55.25
    947.45      -60.00
    988.37      -55.50
   1005.11      -31.25
   1018.60      -30.75
   1011.60      -38.25
    961.87      -65.25
    925.15      -64.50
    948.49      -58.75
    961.49      -64.75
    967.12      -52.25
    950.26      -70.00
    968.01      -51.75
    980.57      -44.50
    963.98      -62.75
    981.63      -50.50
    961.19      -64.00
    944.16      -62.00
    959.25      -72.50
    967.26      -60.00
    966.62      -67.25
    957.20      -70.75
    949.72      -69.00
    935.39      -63.75
    971.70      -57.75
    971.08      -58.50
    966.59      -54.50
    949.41      -57.50
    955.41      -58.75
    977.28      -45.75
    959.88      -62.25
   1005.95      -33.25
   1007.43      -33.50
    952.98      -61.00
    964.70      -52.00
    981.86      -70.50
    967.98      -72.00
   1010.99      -39.50
    966.16      -62.00
    996.22      -35.75
    951.60      -63.50
    953.88      -73.50
    969.67      -48.75
    932.83      -65.75
    941.24      -55.75
    967.86      -79.75
    996.08      -44.00
    986.91      -52.75
    973.49      -50.50
    947.47      -64.25
   1007.13      -34.25
    994.88      -38.75
    968.08      -65.50
    966.64      -62.75
    984.13      -52.25
    959.03      -64.25
    968.22      -59.00
    951.52      -59.00
    957.26      -73.00
    973.45      -58.25
    973.29      -48.00
    971.89      -66.75
    959.26      -59.75
    953.60      -62.00
    978.11      -42.75
    964.64      -62.25
   1009.40      -34.25
    942.90      -59.75
    973.77      -60.00
    988.36      -49.75
    962.32      -60.75
    942.25      -54.50
    947.00      -62.25
    969.82      -60.75
    965.66      -78.75
    945.87      -66.50
    952.69      -61.00
    945.41      -58.50
    977.20      -63.25
   1008.25      -25.75
    979.07      -51.00
    972.66      -56.75
    965.51      -59.75
    952.25      -58.75
    980.91      -52.00
    980.37      -59.75
    960.39      -59.50
    980.66      -35.75
   1002.69      -29.25
    957.53      -61.00
    957.94      -57.00
    972.58      -53.75
    938.77      -62.50
    952.74      -64.25
    951.85      -59.50
    977.27      -65.50
    972.41      -51.00
    964.79      -61.25
    935.71      -56.25
    938.94      -69.25
    955.79      -63.00
    946.67      -71.25
    949.89      -67.25
    941.32      -63.50
    938.05      -72.50
    955.91      -63.75
    986.53      -58.00
    972.30      -46.50
    972.27      -51.50
    956.06      -53.75
    934.67      -68.00
    952.44      -62.25
    972.58      -65.50
    975.57      -38.50
    968.77      -74.75
    937.03      -62.75
    945.88      -62.75
    968.13      -63.50
    939.57      -71.00
    964.35      -48.25
    956.07      -58.50
    934.43      -68.25
    978.49      -48.50
    958.53      -52.50
    999.52      -42.25
    962.23      -64.25
    942.88      -69.25
    968.41      -55.00
    954.99      -63.50
    955.27      -78.75
    989.05      -44.75
    953.31      -66.00
   1003.74      -35.25
    958.83      -56.00
    966.19      -43.00
    971.40      -73.50
    943.88      -59.50
    946.12      -62.25
    942.51      -60.00
    980.53      -49.25
    935.19      -61.50
    956.99      -57.50
    983.03      -77.25
    941.49      -67.50
    936.13      -56.25
    987.31      -44.25
    951.35      -66.50
    968.82      -41.00
    956.34      -58.50
    963.50      -67.50
    951.71      -60.00
   1008.00      -44.50
    995.27      -60.25
    992.17      -38.75
    953.29      -56.75
   1003.87      -35.00
    978.04      -55.25
    974.20      -69.50
    979.09      -70.75
    960.58      -61.00
   1012.73      -38.75
    991.76      -40.25
    974.70      -50.00
    998.71      -38.75
    969.73      -49.00
    950.76      -63.75
    964.47      -51.75
    969.48      -70.25
    982.42      -48.75
    994.45      -49.00
    956.52      -58.25
    984.94      -51.00
    962.20      -71.25
    939.35      -59.25
    990.57      -49.25
    957.84      -55.75
    971.38      -54.25
    958.35      -57.50
    973.33      -79.75
    960.84      -69.00
    988.77      -50.50
    991.73      -51.00
    941.59      -65.50
    948.55      -62.50
    958.39      -65.00
    987.46      -42.75
   1003.98      -43.75
    972.60      -52.75
    948.14      -67.50
    978.48      -62.75
    966.70      -52.25
    934.24      -62.00
    938.32      -70.75
    938.79      -74.75
    957.80      -54.50
    951.11      -77.50
    954.85      -63.00
    971.21      -52.75
    992.85      -59.50
    982.05      -51.75
    953.62      -81.50
   1006.80      -30.50
    958.20      -63.50
    966.05      -58.25
    959.84      -57.00
    943.40      -63.50
    993.11      -49.25
    953.32      -65.75
    953.55      -60.50
    958.57      -66.00
    955.36      -66.50
    990.60      -42.25
    939.00      -63.50
    975.46      -49.25
    947.64      -74.50
    956.61      -69.00
   1004.90      -35.00
    989.38      -51.50
    940.81      -63.25
   1016.20      -35.25
    951.86      -61.50
    954.56      -67.25
    932.06      -72.50
    965.59      -65.50
    947.29      -61.50
    982.63      -40.25
    980.81      -52.25
    955.09      -52.75
    932.65      -65.00
    961.12      -62.00
   1010.39      -30.25
   1009.00      -26.75
    958.19      -60.25
   1006.08      -37.50
    978.10      -57.75
    960.45      -56.25
    965.43      -59.25
   1013.81      -42.25
    996.87      -36.25
    964.08      -60.00
    953.19      -58.75
    963.85      -78.00
    938.43      -63.25
    982.77      -51.75
    975.49      -65.00
    968.52      -71.50
    961.92      -58.25
   1014.17      -26.25
    952.66      -63.75
    971.80      -63.25
    964.71      -45.50
    961.24      -70.50
    996.64      -50.00
    997.45      -38.75
    951.45      -56.00
   1004.47      -32.75
    998.52      -45.75
    958.07      -56.50
    963.65      -54.50
   1005.76      -43.25
    976.94      -49.75
    965.01      -66.50
   1008.75      -39.75
    961.82      -62.50
    966.35      -51.75
    971.02      -52.75
    966.63      -68.00
   1006.25      -40.50
    972.66      -49.25
    957.07      -62.00
    963.26      -58.75
    934.98      -64.50
    989.01      -48.75
    965.87      -58.75
    954.18      -60.25
    940.69      -58.50
    972.04      -60.75
    945.87      -57.25
    966.70      -53.50
    974.00      -47.75
    981.53      -77.50
    955.65      -61.50
   1004.91      -28.50
   1006.72      -31.50
    959.28      -50.00
    949.62      -54.25
   1008.29      -37.50
    990.18      -48.00
    973.98      -59.50
    988.51      -47.50
    970.09      -49.25
    959.90      -60.25
    951.62      -65.25
    984.02      -81.50
    981.10      -43.50
    974.01      -56.50
    947.76      -52.25
    997.28      -33.50
    986.62      -75.75
    967.84      -58.00
    953.10      -59.00
    948.43      -73.25
    962.07      -64.25
   1011.70      -43.75
    991.69      -47.50
    992.27      -41.75
    963.33      -60.50
    960.39      -61.50
    968.06      -62.75
    950.31      -63.75
    980.41      -40.50
    931.27      -63.00
    990.21      -41.00
    951.47      -72.50
    988.63      -41.75
    994.91      -54.75
    960.70      -61.25
    947.76      -67.50
    954.64      -66.75
    971.08      -59.75
    969.10      -50.75
    982.05      -47.25
    971.49      -72.50
    957.00      -61.00
    998.50      -40.25
    936.39      -62.75
    966.38      -79.75
    932.84      -62.75
    985.19      -51.00
    948.79      -72.75
    948.37      -61.00
    923.11      -69.75
    979.44      -50.25
    925.76      -61.50
    936.51      -63.75
   1014.28      -31.50
    955.56      -63.00
    957.01      -65.00
    948.72      -78.50
    953.42      -62.50
    948.22      -62.25
    957.94      -69.00
    989.15      -34.75
    936.29      -66.75
    987.00      -48.00
   1002.43      -28.50
    957.16      -55.00
    949.45      -62.25
    957.25      -67.50
    955.54      -61.25
    984.11      -46.00
    961.38      -56.25
    951.04      -54.50
    961.41      -58.00
    944.74      -57.50
    966.90      -53.75
    984.37      -52.25
    949.52      -69.00
    967.81      -56.25
    945.33      -56.25
    962.91      -51.50
    950.53      -57.75
    998.36      -46.25
    979.10      -55.25
    968.09      -67.25
    980.05      -56.00
    964.19      -65.50
    935.89      -70.25
   1003.73      -32.25
    980.98      -52.25
   1013.05      -34.00
    944.86      -54.50
    945.57      -61.50
    966.69      -60.50
    968.60      -52.25
    956.27      -59.00
    951.75      -63.00
   1001.85      -40.75
    980.80      -42.00
   1022.36      -40.50
    959.29      -61.50
    953.20      -69.00
    959.77      -63.00
    946.60      -68.75
    954.37      -67.25
    943.72      -70.00
    967.51      -75.75
    967.98      -57.25
    947.08      -66.25
    965.57      -64.25
    927.44      -54.00
    969.78      -45.00
    945.31      -57.50
    961.19      -67.75
    939.87      -62.50
    933.89      -62.00
    939.26      -67.25
    959.22      -61.50
    985.46      -46.00
    970.59      -62.50
    954.73      -56.00
    955.05      -53.25
    982.62      -65.25
    944.73      -60.75
    980.20      -57.25
    968.22      -67.75
    955.46      -66.25
   1004.33      -42.75
    958.47      -62.25
    958.86      -59.50
    974.72      -71.50
    956.90      -67.50
    978.59      -65.50
    964.27      -72.75
    984.51      -59.75
    957.93      -62.25
    999.59      -46.00
    927.55      -62.25
    973.35      -71.50
    982.34      -45.50
    991.32      -47.50
    950.53      -60.50
    979.07      -69.50
    934.49      -61.25
    959.64      -63.75
    958.53      -51.50
    981.80      -54.25
    993.17      -57.00
    954.58      -58.75
    973.21      -78.25
    987.54      -51.75
    985.02      -52.00
    982.35      -37.75
    957.86      -67.00
   1011.99      -31.75
    977.06      -51.50
    952.91      -70.50
    959.36      -56.25
    954.78      -69.50
    984.21      -40.00
    968.10      -62.00
    941.18      -55.00
    996.54      -43.75
    966.65      -81.00
    973.62      -56.00
    984.66      -40.50
    925.73      -67.25
    979.00      -68.00
    958.62      -61.75
   1017.27      -26.00
    939.55      -70.50
    935.28      -61.50
    985.19      -55.75
    944.43      -63.75
   1009.05      -34.50
    978.71      -44.00
    964.84      -51.75
    954.40      -66.25
    965.87      -56.25
    957.98      -81.00
    998.26      -33.00
    973.97      -70.50
    954.59      -62.25
    964.73      -62.00
    956.89      -79.75
    961.26      -56.00
    941.00      -70.00
    949.77      -68.25
   1015.57      -30.00
    951.55      -65.25
    950.84      -61.50
    991.49      -43.00
    974.65      -46.00
    969.62      -60.75
    952.80      -66.75
    956.36      -58.75
    965.24      -67.75
    987.55      -32.00
    981.68      -49.00
    958.88      -70.00
   1007.40      -38.75
    946.24      -64.50
    959.57      -66.00
    928.30      -63.75
    963.59      -74.25
    967.53      -55.50
    951.14      -62.75
    987.38      -60.75
    994.51      -39.25
    953.90      -64.00
    986.97      -44.50
    974.85      -59.50
    964.10      -70.00
    972.77      -78.00
    994.29      -35.75
    964.42      -61.75
   1005.97      -31.50
    983.80      -79.75
    953.62      -62.00
    959.13      -61.50
    946.55      -67.50
    938.88      -63.75
    952.83      -62.75
    969.29      -44.50
    945.50      -66.00
    997.83      -49.00
    959.73      -53.75
    970.78      -54.00
    955.83      -57.50
    935.15      -62.00
    971.97      -46.25
    978.41      -43.50
    941.25      -62.25
    941.88      -67.50
    935.62      -63.00
    954.77      -69.25
    931.44      -63.75
    942.68      -62.50
   1014.62      -32.50
    994.75      -41.75
    973.94      -49.00
    965.28      -56.00
    970.99      -55.25
    968.58      -55.50
   1010.12      -37.75
    942.96      -65.25
    993.04      -39.25
    999.41      -40.25
    960.40      -59.00
    975.50      -78.25
    961.16      -71.25
   1003.93      -32.75
    941.27      -58.25
    939.92      -57.25
    956.66      -54.50
    954.76      -55.25
    954.96      -62.50
   1011.97      -31.75
    953.96      -52.00
    944.66      -61.50
    976.17      -54.00
    993.59      -44.50
    965.50      -64.00
    954.27      -51.25
    966.55      -65.00
    937.92      -58.25
   1015.00      -36.75
    949.78      -55.00
    990.24      -39.50
    931.13      -73.75
    944.47      -61.00
    945.22      -66.25
    997.57      -37.00
    950.13      -63.25
    978.35      -48.50
   1016.12      -27.25
    938.42      -69.25
    985.66      -46.00
    997.58      -29.25
    976.65      -57.75
    986.61      -55.75
    943.97      -69.25
    948.10      -69.25
    956.91      -71.00
    994.92      -54.75
    930.32      -66.25
   1005.45      -29.00
   1010.72      -38.50
    941.81      -60.25
    972.89      -40.50
   1015.25      -31.25
    972.55      -66.75
   1003.57      -42.75
    979.67      -49.75
    958.10      -62.25
    938.05      -63.25
    931.62      -65.00
   1010.34      -26.50
    962.96      -74.50
    961.57      -59.50
    938.07      -67.75
   1012.65      -38.50
    943.58      -64.75
   1010.85      -28.25
    937.39      -62.50
    970.43      -53.75
    929.63      -64.00
    982.66      -46.00
    973.04      -52.75
    958.89      -63.75
    946.34      -65.00
    979.32      -56.75
    957.17      -59.25
    934.23      -69.50
    933.36      -58.25
    952.67      -61.75
    979.45      -45.75
    953.72      -56.00
    951.97      -57.75
   1000.88      -41.25
    997.04      -42.25
    998.42      -41.50
    964.64      -80.00
    945.07      -60.75
    956.61      -70.25
    957.40      -62.50
   1007.68      -37.25
    945.67      -62.50
    965.18      -72.50
    946.27      -66.75
    949.84      -63.50
    956.11      -58.25
    992.15      -43.50
    954.18      -64.75
   1015.13      -38.25
    967.12      -58.50
    989.53      -46.00
    984.38      -44.75
    935.06      -70.25
    968.33      -77.25
    943.18      -69.50
    965.24      -54.75
    945.72      -51.25
   1005.70      -42.25
    973.10      -63.75
    965.74      -59.75
    952.81      -60.00
    974.48      -65.25
   1010.54      -26.75
    964.84      -57.00
    940.87      -61.00
    968.55      -58.25
    956.63      -64.00
    940.03      -67.00
    947.30      -68.25
    978.41      -41.75
    964.65      -55.00
    938.34      -63.50
    995.52      -38.25
    956.81      -60.50
    993.68      -38.00
    942.78      -58.25
    974.85      -54.50
    962.27      -58.25
    940.27      -66.75
    968.72      -51.00
    964.80      -59.25
    950.84      -69.75
    956.39      -72.50
    955.13      -62.25
    980.36      -41.50
    957.45      -63.50
    970.66      -74.75
    950.90      -64.25
    944.27      -63.25
    957.23      -65.75
    949.04      -61.75
    989.37      -47.75
    949.96      -59.50
    982.75      -40.75
    933.30      -59.75
    959.61      -67.00
    965.25      -59.00
    941.97      -61.50
   1004.32      -35.25
    957.49      -59.50
    963.66      -62.75
    950.62      -58.00
    980.60      -68.75
    970.87      -66.00
    963.92      -68.25
    956.31      -65.50
    953.58      -59.25
   1009.12      -31.00
    953.01      -68.50
    992.52      -45.25
    936.77      -57.50
    962.55      -68.75
    949.30      -59.75
    990.20      -50.75
    943.56      -66.25
   1008.43      -29.00
    991.91      -35.00
    979.33      -57.25
    964.45      -61.75
    975.52      -64.25
    994.81      -46.25
    981.67      -54.25
    969.40      -66.50
    968.25      -56.25
    962.42      -60.25
    986.12      -57.00
    976.83      -54.75
    981.79      -39.00
    940.33      -58.00
    955.40      -70.25
    947.97      -63.50
    985.28      -45.75
    949.39      -64.25
   1002.68      -33.00
    949.54      -66.50
    955.87      -61.00
    986.11      -50.00
    956.28      -70.25
    971.82      -64.75
    950.93      -59.50
    979.65      -39.25
    956.69      -73.25
    978.84      -66.75
    991.52      -43.00
    952.21      -63.25
    973.71      -48.25
    992.76      -42.00
    944.53      -63.50
    960.19      -61.50
    961.96      -64.75
    955.43      -74.00
    976.69      -66.25
    967.79      -53.75
    947.62      -58.25
    979.98      -53.00
   1004.85      -45.50
    947.72      -51.00
    976.30      -63.50
    943.90      -64.00
    940.96      -58.50
    962.66      -53.50
    979.48      -52.75
    975.50      -35.75
    958.84      -71.50
    949.69      -63.00
    964.28      -47.50
    986.33      -40.25
    973.19      -52.25
    949.98      -68.00
    960.28      -45.00
   1007.84      -34.25
    955.13      -54.75
   1010.01      -28.25
    970.22      -62.00
    962.75      -61.75
    977.02      -63.00
    953.16      -55.50
    976.30      -38.25
    975.58      -44.75
    987.97      -80.75
    958.74      -56.25
    981.69      -51.50
    936.09      -60.50
    967.15      -55.25
    940.92      -51.50
    955.70      -69.00
    997.51      -37.00
   1003.04      -40.00
   1000.86      -44.50
    955.71      -57.75
    968.69      -75.25
    986.48      -52.75
    961.88      -52.50
    988.09      -35.75
   1006.57      -26.75
    957.29      -63.25
    947.09      -59.75
    952.93      -61.25
    965.89      -70.75
    982.04      -78.25
    963.04      -54.50
    943.42      -74.00
    969.12      -67.50
    975.34      -57.00
   1001.71      -38.50
    969.36      -64.75
    979.68      -54.25
    959.59      -64.25
    972.23      -53.75
    943.99      -63.25
    954.68      -64.75
    968.43      -50.50
    941.60      -62.25
    939.99      -72.50
    965.62      -60.50
    953.63      -63.25
   1014.00      -31.50
    959.21      -56.25
    962.19      -55.50
    989.31      -50.75
   1012.37      -25.25
    949.43      -60.75
   1005.31      -30.50
    960.91      -60.00
    981.49      -51.75
    977.71      -60.75
    971.14      -66.75
    959.22      -59.00
    985.28      -41.25
    984.54      -48.75
    960.17      -56.75
    947.28      -61.50
   1005.07      -32.50
    954.85      -61.50
    986.57      -53.00
    946.19      -62.00
    949.90      -57.75
    938.31      -61.75
    966.99      -68.00
    971.34      -82.25
    973.03      -71.50
    958.81      -48.00
    934.51      -59.25
    960.01      -58.50
    985.62      -82.00
    974.70      -71.00
    986.87      -52.50
    925.93      -61.50
    954.99      -48.75
    954.95      -63.25
   1006.69      -31.25
    964.30      -53.50
    966.01      -62.50
    978.88      -42.50
    963.87      -62.75
    990.52      -47.25
    999.91      -47.25
    977.28      -58.75
    953.34      -57.50
    964.44      -78.00
    952.15      -65.25
   1005.13      -33.75
    965.60      -55.25
    975.87      -41.25
    962.96      -57.75
    977.25      -79.75
   1004.92      -46.25
    925.36      -60.50
    956.59      -63.00
    948.26      -62.75
    959.47      -69.50
    948.23      -61.25
    986.68      -45.00
   1000.51      -44.75
    986.18      -47.50
    955.29      -71.75
    934.93      -56.50
    971.24      -55.00
    976.61      -52.75
    953.65      -52.25
    973.61      -53.00
    963.34      -57.50
    975.00      -53.50
    980.50      -56.00
    971.75      -62.50
    945.26      -56.00
    967.67      -62.25
   1013.19      -26.50
    946.75      -62.75
    992.83      -43.00
    955.70      -57.00
    969.73      -50.00
    967.02      -57.00
    964.95      -53.50
    952.74      -68.00
    991.61      -68.75
    953.74      -57.00
    960.18      -62.25
    976.26      -45.75
    979.56      -69.75
    972.12      -56.50
    979.80      -59.50
    966.21      -58.00
    986.93      -40.00
   1005.16      -41.25
    944.07      -56.25
    972.27      -51.75
    995.53      -46.25
    984.10      -81.75
    969.94      -48.50
    962.13      -67.75
    976.19      -50.50
    987.91      -48.25
    980.66      -50.25
    966.66      -60.25
    953.33      -49.75
    956.18      -63.50
   1003.44      -32.75
    952.17      -62.00
    943.89      -61.25
    980.51      -43.25
    982.77      -76.50
    966.36      -53.00
    951.36      -72.50
    964.73      -52.00
    944.14      -70.25
    967.45      -52.25
    979.91      -42.50
    943.25      -62.25
   1001.24      -41.25
    935.23      -59.25
    964.77      -73.50
    998.98      -31.50
    964.18      -75.25
    971.09      -64.75
    980.34      -55.50
   1004.29      -42.00
    953.04      -61.50
    983.57      -43.25
    986.94      -43.00
    950.55      -66.25
    966.02      -61.00
   1000.65      -48.25
   1013.66      -32.00
    957.12      -53.75
    951.38      -65.00
    945.57      -63.00
    941.35      -69.50
    931.13      -58.25
   1009.46      -29.75
   1006.77      -36.00
   1005.35      -38.50
    959.82      -55.00
    931.77      -71.50
    964.63      -50.75
    966.19      -78.00
    985.36      -51.75
    943.47      -63.00
    936.10      -71.50
    983.82      -51.00
   1003.58      -50.50
    949.99      -52.00
    985.10      -50.75
    952.74      -56.75
    936.73      -67.25
    961.27      -61.25
    948.56      -55.75
   1014.17      -38.75
    995.43      -43.75
    940.19      -63.25
    930.66      -59.75
    934.29      -61.00
    956.67      -62.75
    957.31      -76.50
    956.10      -73.00
   1005.68      -38.50
    944.66      -62.50
    934.90      -62.25
    963.01      -72.00
    953.68      -73.00
    972.39      -61.00
    934.57      -67.50
    970.32      -69.50
    950.45      -64.75
    987.19      -53.75
   1015.43      -34.00
    950.18      -64.00
    956.67      -66.25
    944.67      -65.50
    997.31      -41.00
   1006.88      -43.75
    951.65      -62.25
    983.69      -48.50
    997.36      -44.50
    941.88      -64.00
    954.08      -64.00
    934.03      -68.50
    946.69      -64.00
    952.34      -80.25
    948.11      -70.00
   1006.39      -27.75
    959.46      -52.75
    945.90      -61.75
    968.48      -43.50
    932.70      -65.50
    949.97      -54.25
    955.70      -60.75
    987.52      -41.00
    969.90      -61.25
    957.93      -71.00
    974.41      -67.25
    955.34      -66.50
    987.99      -46.75
    951.72      -71.25
    954.15      -57.50
    961.26      -65.50
    957.34      -71.75
    977.83      -46.00
   1017.27      -24.25
    966.62      -64.50
   1006.12      -41.00
    992.68      -46.25
    948.80      -75.25
    919.50      -64.00
   1005.70      -36.25
    932.69      -63.00
    965.86      -75.75
    944.79      -72.50
    960.39      -64.75
    955.40      -65.25
    985.41      -54.75
    982.22      -43.50
    990.07      -49.00
    976.39      -52.50
    937.13      -63.75
    971.18      -67.50
    972.46      -64.00
    973.84      -53.75
    966.08      -63.00
    948.71      -63.25
    991.05      -37.25
    987.33      -51.25
    958.30      -62.00
    984.87      -52.25
    946.66      -68.75
    978.12      -39.50
    950.86      -63.00
   1003.73      -45.25
    954.80      -59.00
    999.89      -35.25
    966.06      -63.25
    957.96      -54.00
    957.50      -61.25
    998.55      -42.00
    967.24      -57.50
    967.36      -65.75
    949.36      -64.25
   1009.00      -27.50
    965.10      -49.75
    960.92      -71.25
   1004.63      -28.50
    987.27      -62.50
    975.60      -47.75
    973.44      -62.50
    955.78      -65.00
    965.58      -60.00
    980.22      -52.25
    950.07      -72.00
    957.07      -58.25
    963.06      -72.00
    955.58      -63.50
   1006.71      -33.50
    988.31      -52.50
    946.28      -68.75
    964.27      -54.75
    968.63      -55.25
    994.03      -44.25
    966.13      -60.75
    948.52      -62.25
   1002.87      -38.75
    940.55      -62.75
    953.77      -63.75
    956.19      -54.25
    972.72      -51.50
    960.90      -65.25
   1006.69      -31.25
    949.15      -58.00
    939.63      -58.50
    965.32      -66.75
    944.57      -70.00
    976.93      -52.50
    945.28      -65.50
    972.30      -51.25
   1000.71      -30.25
    954.63      -71.00
   1011.67      -31.50
    935.32      -63.25
   1002.00      -41.25
    943.38      -62.25
    961.37      -47.25
    976.58      -51.25
    953.05      -59.75
   1018.49      -32.00
   1001.81      -46.00
    942.86      -65.00
    967.55      -60.50
    958.15      -59.50
    948.61      -63.50
    964.43      -54.50
    969.60      -63.75
   1011.51      -39.00
    962.25      -63.50
   1004.46      -28.75
    965.22      -61.50
    971.23      -60.50
    959.08      -69.75
    994.04      -44.25
    975.48      -53.75
   1006.58      -39.75
    962.10      -58.25
    961.25      -79.00
    993.54      -51.50
    952.19      -57.25
   1009.47      -26.25
    960.52      -64.00
    947.49      -61.25
   1011.47      -37.25
    969.69      -48.25
    958.60      -58.25
    954.92      -63.25
    988.16      -44.00
    989.79      -44.25
    949.10      -63.00
    962.98      -66.25
    986.19      -51.50
   1010.01      -29.25
    957.54      -53.00
   1012.14      -32.25
    960.39      -59.50
    997.77      -38.25
    951.14      -64.00
    983.51      -42.50
    962.06      -55.50
    961.96      -64.00
    970.52      -59.75
    956.42      -63.50
   1000.86      -30.50
    970.65      -51.00
    979.83      -75.00
    955.61      -56.75
    964.25      -47.00
    987.48      -66.50
    985.12      -71.75
   1005.26      -33.25
    956.30      -41.75
   1000.57      -42.50
    977.05      -59.50
    972.54      -51.50
    968.07      -61.75
   1010.34      -37.00
    965.47      -61.75
    961.44      -63.25
    976.36      -56.75
    933.07      -67.50
    978.32      -52.00
    949.03      -59.50
    985.65      -53.50
    981.15      -78.75
    957.63      -53.00
   1007.57      -41.50
    953.47      -42.25
    967.02      -59.75
    959.05      -49.00
    995.76      -40.50
    955.19      -73.75
    947.29      -62.50
   1003.02      -37.00
    971.24      -50.50
    951.25      -69.50
    998.08      -39.25
    949.18      -65.75
    951.76      -59.75
    970.52      -57.75
    967.98      -58.75
    939.78      -68.25
    983.29      -42.75
    947.01      -65.00
    944.07      -58.75
    931.07      -59.75
    963.46      -63.00
    973.75      -80.00
    950.87      -64.25
    966.77      -64.25
    931.71      -59.50
    967.18      -65.25
    984.99      -42.25
    970.05      -40.50
    967.93      -57.00
   1004.20      -35.50
    973.77      -69.75
    943.19      -65.25
    970.50      -56.00
    953.43      -59.00
   1012.41      -27.25
    939.48      -68.75
    966.51      -70.50
    942.58      -68.25
    988.67      -48.75
    979.30      -50.25
    934.49      -62.00
    952.53      -66.25
    960.08      -62.50
    940.11      -60.25
    924.37      -66.75
    955.92      -62.50
    980.95      -51.25
    970.67      -56.25
   1002.34      -42.25
    960.99      -79.75
    941.21      -69.75
    970.02      -55.25
    959.08      -61.75
    989.23      -40.00
    944.46      -71.75
    944.68      -68.00
    958.98      -64.75
    928.93      -69.25
    978.90      -60.50
    977.73      -50.50
   1012.69      -36.00
    950.65      -62.50
    946.90      -59.00
   1000.14      -46.50
   1003.29      -44.00
    960.50      -69.25
    967.89      -60.25
    987.23      -45.50
    989.81      -39.00
    962.96      -59.75
    952.59      -62.00
    971.82      -63.75
    933.84      -68.75
    945.93      -65.75
    984.95      -48.50
   1011.01      -33.00
    998.13      -46.00
    928.41      -63.75
    961.36      -62.00
    938.42      -65.25
    959.95      -62.00
    945.12      -79.75
    992.25      -44.75
    988.60      -37.25
    958.92      -56.50
    926.11      -71.75
    992.76      -51.75
    964.09      -54.50
    994.78      -40.25
    929.94      -64.25
    940.72      -59.00
    948.19      -63.00
    973.26      -81.00
    933.54      -71.25
    940.10      -62.00
    955.22      -63.50
    973.11      -50.75
    946.60      -60.00
    950.57      -65.00
    975.35      -49.75
    947.46      -63.75
    923.01      -70.50
   1011.13      -33.25
    978.87      -48.25
   1005.68      -31.25
    946.60      -62.00
   1006.27      -34.25
    953.91      -57.00
    948.76      -62.25
    964.46      -66.50
    937.89      -71.50
    986.84      -35.00
    957.32      -64.00
    966.65      -79.25
    958.17      -60.00
   1005.00      -25.75
   1014.47      -37.75
    956.75      -61.75
    977.13      -66.50
    979.34      -66.00
    967.98      -61.50
    966.48      -53.75
    969.98      -48.75
    941.72      -70.75
    983.09      -51.75
    962.84      -59.25
    965.46      -51.75
    959.87      -49.75
   1001.42      -38.75
    971.33      -56.00
   1006.69      -33.75
    980.89      -54.25
    980.98      -50.00
    942.16      -71.00
    967.51      -46.50
    945.38      -62.25
    956.89      -62.00
    965.65      -50.00
    961.89      -51.00
    962.82      -76.50
    979.67      -53.00
    972.47      -56.00
    966.60      -50.75
    943.28      -58.25
    931.72      -62.00
    999.08      -36.25
    955.98      -62.00
    953.28      -61.00
    968.58      -53.25
   1002.25      -30.00
    973.59      -62.00
    964.65      -50.75
    964.11      -58.00
    942.92      -57.00
    943.70      -63.25
    966.73      -53.50
   1005.61      -31.50
    990.95      -43.00
    980.89      -73.50
    993.99      -52.25
    960.99      -66.00
    958.39      -64.00
    954.77      -56.25
    986.63      -76.25
    954.37      -51.50
    956.48      -58.00
    968.12      -58.25
    967.34      -55.25
    959.63      -66.75
    942.84      -63.25
    981.75      -80.00
    945.23      -70.00
    971.45      -63.00
    954.84      -64.75
    969.97      -50.75
    979.75      -51.50
    995.04      -46.00
    983.86      -65.25
    983.27      -58.00
    958.04      -65.50
    961.90      -54.00
    969.34      -52.00
    980.34      -77.50
    982.43      -34.75
   1000.73      -37.25
    966.69      -66.75
    971.12      -63.50
    969.72      -53.75
    961.87      -68.75
    950.19      -59.25
    942.32      -72.00
    954.84      -63.00
    979.83      -64.75
    972.81      -42.25
    944.09      -71.25
    932.22      -72.25
    969.71      -55.00
    953.19      -60.50
    942.30      -78.25
    942.65      -58.00
    918.56      -64.75
    956.30      -54.00
   1006.96      -40.75
    955.22      -64.75
    994.27      -33.50
    952.90      -64.00
    938.43      -66.50
   1006.67      -42.50
    982.79      -55.50
    946.03      -65.00
    959.32      -58.75
    948.16      -69.00
    998.80      -39.75
    947.14      -69.50
    948.82      -64.25
    941.41      -52.50
    938.85      -54.25
    954.58      -58.50
    947.72      -59.50
    934.65      -67.00
    959.17      -63.50
    957.85      -55.25
    983.07      -44.75
    946.61      -69.50
    965.51      -61.00
    935.07      -67.00
   1008.84      -30.25
    933.99      -62.50
    955.71      -63.50
    963.79      -52.75
    998.93      -37.50
    978.83      -64.50
    952.55      -63.25
    998.43      -48.50
    994.79      -45.50
    960.64      -62.00
    982.12      -50.75
    961.50      -64.75
    998.47      -42.75
    961.15      -55.50
    985.17      -44.75
    980.77      -77.50
    999.37      -41.25
    955.92      -54.50
    950.57      -67.50
    953.95      -63.25
    937.00      -69.25
    948.70      -51.75
    938.24      -56.50
    942.17      -58.50
    951.98      -60.50
   1006.99      -46.25
    984.33      -41.00
   1004.89      -30.25
    969.69      -48.25
    963.33      -58.50
    982.62      -56.50
   1000.73      -34.50
    977.52      -60.50
    973.57      -57.25
    957.12      -56.75
    953.73      -76.25
    987.85      -80.25
   1007.22      -28.50
    953.56      -63.00
    945.13      -73.25
    997.40      -41.25
    959.08      -53.00
    964.94      -43.50
   1003.34      -35.25
    992.31      -43.25
   1014.07      -26.50
    951.89      -58.00
    968.74      -70.50
   1008.06      -27.00
    977.01      -49.25
   1011.90      -50.50
   1002.69      -43.75
    949.28      -61.50
    936.30      -62.00
    959.95      -47.00
    958.53      -68.00
    962.63      -54.00
    995.42      -31.75
    961.57      -59.00
    932.03      -63.75
   1008.24      -27.25
    963.88      -62.25
   1005.15      -40.00
    972.37      -59.75
   1010.69      -27.00
   1010.85      -39.75
    974.53      -54.75
    934.22      -67.25
    964.09      -53.00
    950.45      -71.50
    953.44      -64.25
    977.04      -57.25
    992.72      -52.25
    958.40      -64.75
    948.60      -61.50
    962.75      -72.50
    969.81      -56.50
    972.78      -71.75
    927.27      -72.75
   1021.35      -27.75
    957.38      -54.00
    996.26      -40.50
   1005.18      -36.75
    957.77      -63.25
    989.48      -45.75
    942.75      -62.50
    974.20      -56.75
    934.28      -68.00
    988.77      -37.75
    960.00      -62.25
    973.03      -74.50
   1008.64      -38.00
    968.20      -65.00
    963.12      -66.00
    942.98      -67.00
    966.04      -54.25
    944.63      -62.00
    951.87      -67.00
    926.88      -61.00
    951.67      -63.50
    956.28      -61.75
   1002.02      -37.00
    970.92      -44.75
   1007.98      -34.50
    955.05      -56.50
    949.88      -60.75
   1004.59      -38.25
    969.06      -56.00
    943.85      -65.00
    952.41      -75.25
    956.69      -64.00
    966.93      -53.00
    980.18      -67.75
    950.77      -65.25
   1006.24      -31.50
    963.84      -66.25
    976.26      -52.75
    936.02      -70.25
    979.73      -53.75
    958.97      -56.00
    950.46      -60.75
    953.25      -64.25
    947.32      -67.25
    995.78      -35.00
    997.01      -42.25
    995.81      -48.50
    965.28      -46.75
    993.25      -45.00
    998.51      -32.25
    987.50      -49.75
    991.17      -75.75
    959.55      -61.75
    996.69      -66.50
   1006.46      -35.50
    947.40      -51.50
    955.83      -69.25
    939.77      -68.00
    962.65      -66.75
    957.50      -58.00
    977.55      -53.75
    973.99      -62.00
    982.48      -80.00
    953.71      -59.75
    977.50      -46.25
    977.80      -42.50
    948.20      -58.50
    960.54      -67.75
    967.73      -79.00
    979.77      -47.75
    965.15      -51.50
    950.34      -58.75
    969.55      -60.25
    983.23      -55.75
    957.66      -61.00
    997.89      -68.75
    965.72      -51.25
    957.68      -51.25
    963.84      -56.00
    973.17      -50.50
    967.26      -53.50
    983.84      -66.00
    982.59      -71.25
   1004.01      -29.25
    995.92      -36.25
   1000.28      -42.50
    974.21      -60.50
    984.17      -69.75
   1022.38      -38.75
    962.35      -57.25
    971.32      -59.00
    953.52      -62.25
    982.84      -48.50
    970.25      -54.25
    965.24      -55.50
    967.17      -62.25
    986.30      -64.00
    989.23      -41.00
    974.10      -65.50
    954.14      -61.50
    999.60      -37.25
   1001.30      -37.50
   1014.95      -29.25
    982.43      -43.50
    954.06      -68.00
    953.88      -50.00
    984.39      -69.00
   1009.89      -28.00
    956.63      -62.50
    976.12      -63.50
   1000.27      -44.50
    994.29      -61.25
    975.38      -56.00
    987.74      -48.25
    985.84      -45.00
    965.38      -66.00
    946.62      -64.50
    946.68      -57.50
   1001.60      -38.50
    988.61      -59.25
    940.45      -62.25
    954.49      -65.25
    954.60      -57.75
    968.06      -56.25
    955.39      -57.25
    946.10      -66.00
    945.62      -67.75
    947.03      -57.75
    966.68      -74.25
    937.29      -67.00
    961.73      -56.75
    946.54      -56.25
    967.77      -60.00
    995.88      -36.50
   1011.23      -40.00
    940.44      -59.00
    927.68      -63.00
    960.03      -54.25
    932.94      -70.50
    964.21      -49.50
    961.94      -55.75
    995.04      -58.25
    960.49      -77.75
    964.04      -73.00
   1009.09      -41.00
    955.68      -61.75
    963.83      -59.00
    959.92      -62.00
    915.17      -62.50
    936.63      -60.50
    976.05      -50.50
    959.18      -60.00
    933.40      -65.50
    954.44      -63.75
    960.43      -70.00
    936.83      -67.25
    958.92      -56.75
   1009.88      -32.75
    968.11      -47.25
    976.03      -70.75
    954.60      -61.50
    925.73      -64.50
    938.10      -60.50
    973.95      -50.25
    954.60      -61.50
    968.96      -80.50
    979.19      -52.75
    964.94      -55.00
    974.40      -63.00
    974.68      -38.75
    966.08      -52.75
   1011.36      -36.25
    969.09      -53.25
    948.99      -61.50
    924.35      -67.75
   1002.38      -25.25
    946.84      -61.00
   1013.93      -34.25
   1016.63      -29.75
    984.54      -52.75
    928.07      -67.75
    953.20      -63.00
    955.01      -80.25
    975.96      -74.25
    954.37      -65.50
    981.18      -67.50
    940.15      -63.75
    960.74      -55.00
    953.91      -65.75
    940.76      -59.75
    967.15      -59.75
    961.39      -55.75
    958.04      -55.50
    960.10      -60.50
    945.82      -59.00
    950.15      -52.00
    960.39      -60.00
    963.70      -62.00
    950.87      -56.50
    970.47      -46.00
    993.28      -41.00
    978.22      -56.25
    972.24      -59.25
    945.59      -60.75
    950.30      -59.00
    950.59      -52.75
    940.08      -72.75
    933.58      -67.25
    985.73      -45.75
    962.58      -58.50
    946.43      -61.00
    932.89      -63.75
    971.17      -59.75
    986.14      -40.50
    962.76      -64.25
    957.21      -76.00
    969.64      -53.00
    981.80      -53.50
    982.97      -57.25
   1002.60      -50.00
    940.71      -71.50
    947.50      -69.75
    949.58      -70.00
    933.72      -66.50
    967.44      -63.00
    940.07      -58.25
    963.84      -62.00
    958.57      -62.00
    973.35      -63.75
    980.74      -58.75
    958.62      -60.00
    950.21      -58.50
    957.46      -54.75
    997.71      -39.00
    973.03      -61.00
    963.39      -52.25
    941.13      -56.25
    957.94      -61.75
    965.18      -79.25
   1001.86      -43.75
   1007.44      -49.00
   1011.51      -26.75
    944.23      -63.25
   1013.91      -27.75
    956.10      -70.75
    949.81      -62.50
   1010.24      -30.25
    935.35      -64.25
    962.36      -59.75
    965.54      -53.25
    961.10      -63.25
    987.61      -49.25
    950.94      -63.50
    966.45      -53.00
    954.30      -60.50
    965.76      -79.25
    959.28      -66.25
    967.47      -66.00
    948.84      -62.25
    957.85      -61.25
    949.82      -63.25
    974.80      -48.75
    960.05      -60.00
    985.48      -50.25
   1002.58      -42.50
    989.87      -41.50
    965.74      -63.50
    968.35      -58.75
    993.13      -49.75
    977.69      -82.25
    971.92      -66.50
    987.71      -31.75
    971.79      -64.00
    951.59      -58.50
    960.07      -62.00
    980.41      -50.50
   1011.60      -26.00
   1004.19      -38.25
    951.43      -62.50
    957.06      -59.00
    949.06      -53.50
    940.38      -57.25
    956.46      -62.25
    967.14      -54.25
    958.46      -64.00
    948.95      -60.75
    984.17      -50.75
    952.29      -62.75
    969.19      -68.75
    994.24      -40.00
    954.65      -70.25
    997.04      -42.75
    939.06      -60.00
    993.14      -51.75
    946.59      -66.50
    941.14      -72.00
    996.35      -33.75
    984.19      -44.25
    961.61      -59.25
    953.66      -63.00
    934.63      -65.25
    944.19      -66.50
    961.35      -73.75
    969.58      -70.00
    977.47      -45.75
    976.81      -50.50
    934.89      -57.75
    943.87      -60.75
    978.98      -45.25
    970.69      -60.00
    988.72      -41.25
    953.20      -65.25
   1013.64      -23.75
    973.27      -52.25
    957.14      -70.50
    962.77      -61.50
    922.36      -66.50
    992.64      -50.00
    950.49      -65.25
    988.57      -58.75
    956.59      -74.00
    957.98      -61.50
    996.14      -40.00
    954.21      -56.75
    957.48      -48.75
    965.30      -62.75
    934.59      -66.00
    936.34      -60.25
    960.39      -59.50
    972.15      -51.25
    995.56      -46.00
    960.89      -61.25
    945.40      -62.00
    957.05      -59.00
    971.81      -61.75
    960.13      -54.50
    943.06      -59.50
    970.46      -53.25
    927.30      -60.00
   1000.28      -38.75
    941.32      -56.75
    962.28      -70.00
    974.87      -60.50
   1002.67      -40.25
    948.00      -64.75
    956.68      -70.00
    989.01      -67.00
    980.26      -48.50
    945.12      -58.50
    989.26      -53.25
    949.31      -77.00
    958.80      -66.50
    938.15      -66.25
    987.56      -51.75
    958.89      -72.25
    940.49      -65.00
    970.48      -56.25
   1018.08      -31.25
    956.10      -59.00
    963.69      -58.25
    960.31      -78.00
    968.95      -49.75
    978.82      -66.25
    995.23      -46.25
   1001.62      -36.75
   1016.82      -30.75
    956.76      -63.25
    985.07      -46.50
    977.70      -44.75
    962.00      -74.25
    967.61      -48.50
    941.55      -55.75
    975.61      -55.75
    918.18      -63.50
   1008.93      -30.75
    972.14      -76.25
    956.51      -57.25
    943.56      -72.00
   1011.19      -38.25
    998.03      -36.50
    972.75      -60.50
    959.16      -63.00
    945.14      -60.50
    930.76      -63.75
    925.70      -62.25
   1016.68      -34.50
    942.83      -57.00
    960.88      -66.00
    935.50      -59.75
    929.81      -61.50
    961.89      -44.50
    953.90      -68.25
    967.01      -66.00
    979.85      -62.50
    955.61      -49.75
    950.67      -61.75
    931.42      -61.75
   1023.41      -40.25
   1010.87      -35.75
    925.79      -64.75
    980.54      -44.75
    962.23      -55.50
   1016.36      -30.25
    955.10      -66.50
   1005.52      -45.25
    945.74      -62.75
    931.35      -68.25
    939.99      -64.50
    949.16      -62.75
    958.51      -63.00
    996.91      -47.25
    967.68      -55.50
    974.16      -53.75
    950.72      -60.25
    956.59      -56.75
    957.01      -79.75
    951.31      -64.50
   1007.86      -43.00
    938.64      -61.00
    963.62      -59.50
    994.51      -42.50
   1003.80      -44.50
    947.52      -71.75
    954.46      -68.75
    956.25      -72.50
   1003.64      -25.75
    962.19      -66.25
    965.74      -60.75
    950.88      -64.00
    952.75      -62.50
   1009.66      -26.75
    961.24      -55.50
    978.61      -48.50
    957.74      -77.00
    942.57      -73.00
    957.21      -56.25
    953.53      -56.25
    971.35      -61.75
    996.50      -44.00
    927.74      -69.75
   1015.02      -25.75
    956.33      -67.00
    942.07      -57.50
    977.76      -62.00
    950.42      -59.00
    998.76      -37.00
    973.72      -64.50
    944.09      -61.25
    973.95      -52.00
    947.21      -61.25
    964.38      -62.50
   1003.87      -31.50
    981.68      -79.50
    970.37      -49.25
    954.66      -71.25
    973.26      -62.75
    960.07      -52.75
    955.76      -58.50
    960.99      -62.00
    966.42      -64.00
    935.64      -66.50
    970.22      -79.00
    963.55      -59.25
    961.08      -65.50
    963.48      -63.75
    949.75      -69.00
    923.97      -66.25
    971.67      -61.00
    978.26      -55.75
   1002.22      -31.50
   1004.44      -47.75
    981.70      -56.50
    957.08      -63.75
    960.93      -56.75
    957.95      -67.25
    954.69      -67.50
    976.63      -53.00
    996.77      -45.75
    966.09      -53.00
    958.88      -61.75
    971.48      -68.75
    949.34      -68.25
    967.71      -58.25
   1000.11      -44.50
    994.16      -38.75
    966.65      -64.25
    959.10      -64.00
    947.26      -66.25
    963.50      -60.75
    960.91      -64.25
    996.09      -44.25
    957.38      -69.00
   1007.90      -28.75
    998.89      -33.75
    947.76      -63.50
    958.47      -60.50
    953.21      -70.75
    989.67      -51.25
    948.78      -58.00
    974.07      -55.00
    948.74      -71.00
    943.34      -60.75
   1008.34      -38.50
    989.96      -44.50
    962.29      -66.75
    951.87      -54.25
    988.58      -59.50
    969.53      -47.25
    953.90      -70.75
    960.68      -50.25
    951.58      -58.00
    956.07      -56.50
    997.51      -63.50
    963.82      -60.25
    947.06      -52.50
    982.44      -49.50
    970.48      -70.25
    980.80      -77.75
    989.51      -81.50
    970.49      -70.50
    953.27      -55.25
    986.76      -46.25
    986.43      -58.00
    958.80      -52.75
    937.77      -61.75
    955.52      -72.25
    981.76      -54.00
   1008.59      -35.00
    975.76      -54.00
    942.65      -59.00
    946.04      -59.00
    995.07      -38.00
    951.45      -70.00
    966.81      -73.75
    963.10      -53.75
    943.73      -71.50
    992.81      -49.75
   1003.98      -38.00
    964.73      -62.50
    935.99      -62.75
    933.70      -72.50
    944.58      -68.00
    970.36      -78.25
    961.51      -51.00
    983.60      -53.25
    948.91      -62.50
    965.54      -49.00
    938.70      -71.75
    944.54      -68.25
    995.42      -37.25
    935.52      -69.50
    969.99      -51.00
    956.17      -65.50
    968.58      -73.75
    944.17      -56.50
    959.37      -53.50
   1004.90      -38.75
    942.74      -58.00
    985.47      -45.75
   1002.48      -40.75
    956.32      -59.25
    943.98      -62.75
    986.23      -43.75
    960.64      -66.75
    950.85      -63.75
    945.63      -78.75
    996.54      -46.00
    959.57      -54.25
    968.60      -82.25
    954.23      -63.00
    988.09      -50.00
    991.40      -38.75
    947.29      -60.25
    950.04      -58.00
    957.68      -60.50
    971.00      -55.50
   1003.67      -34.50
    999.67      -26.75
   1006.56      -38.75
    950.76      -69.50
    965.25      -66.75
    944.57      -56.50
   1004.49      -35.75
    961.70      -62.75
    979.89      -47.00
    960.98      -59.25
    975.53      -51.75
    922.21      -62.00
    960.28      -67.25
    981.39      -43.50
    985.77      -46.00
    958.34      -58.00
    950.87      -60.50
    948.13      -71.75
   1006.54      -32.75
    956.80      -60.75
   1010.19      -45.75
    947.77      -62.75
    971.59      -68.50
    952.70      -66.00
    981.69      -39.25
    969.99      -53.75
    956.93      -62.50
    956.82      -59.50
    948.40      -54.25
    961.17      -63.75
   1001.23      -46.75
    958.73      -69.75
   1001.95      -33.75
    931.10      -63.25
    950.53      -61.00
    942.78      -68.50
    932.10      -61.00
   1012.81      -26.25
   1008.63      -29.50
    976.35      -58.75
   1005.76      -35.00
    973.44      -60.25
    988.42      -57.75
    949.73      -63.00
    969.39      -61.00
    972.15      -63.50
    973.39      -57.00
    959.46      -57.50
    969.13      -57.00
    933.79      -54.25
    954.42      -71.50
    973.83      -58.50
    966.27      -67.50
    955.31      -54.00
   1000.61      -43.00
    943.11      -63.50
    958.67      -66.25
    978.44      -45.00
    947.70      -64.25
   1009.47      -27.25
   1005.60      -43.50
    981.19      -43.50
   1003.74      -38.00
    950.79      -69.00
    973.00      -44.00
    957.51      -56.50
    960.22      -60.75
    945.51      -58.75
   1005.94      -29.75
    979.59      -57.75
    968.04      -77.50
    961.99      -55.75
    972.18      -53.00
    954.38      -54.25
    982.19      -66.00
    966.96      -68.25
    948.72      -66.75
    986.00      -65.75
    959.63      -63.75
    955.59      -53.50
    952.82      -53.00
    953.49      -66.25
    993.72      -28.50
    954.33      -65.50
    979.62      -55.25
    974.55      -65.50
    978.54      -51.50
    967.77      -57.50
    959.64      -79.75
    975.92      -56.25
    952.46      -70.00
    976.18      -61.25
    999.90      -40.75
    973.45      -61.75
    999.25      -40.00
    949.74      -66.25
    957.37      -66.25
    959.41      -70.50
    962.17      -64.00
   1012.35      -28.50
    999.57      -35.50
    960.18      -60.00
   1006.90      -37.00
    949.52      -56.25
    957.84      -60.75
    971.39      -52.25
    972.80      -61.50
   1002.52      -26.50
    997.03      -39.75
    958.35      -64.25
    970.91      -54.50
    958.62      -58.75
    985.30      -81.75
    969.69      -76.00
    967.40      -59.25
    970.46      -58.50
    976.74      -61.00
   1006.26      -33.00
    965.75      -49.75
   1001.87      -34.75
    976.20      -54.25
    959.74      -60.00
    976.12      -56.00
    992.93      -80.75
    995.54      -43.50
    976.76      -50.25
    964.70      -56.50
    967.64      -54.25
    991.64      -49.00
   1008.23      -33.25
    955.88      -53.00
   1015.67      -39.00
    951.56      -68.00
    987.01      -36.75
    950.68      -62.25
    946.50      -71.25
    951.43      -67.50
    979.80      -55.00
    964.25      -60.25
   1005.27      -36.75
    957.81      -52.00
    988.40      -49.25
    944.72      -69.25
    955.46      -72.50
    986.97      -46.25
    968.03      -71.50
    936.67      -55.50
    953.82      -63.25
    954.62      -55.50
    941.60      -58.50
    995.08      -36.00
   1011.41      -29.00
    964.07      -64.00
    951.30      -60.50
    921.49      -69.00
    954.71      -54.50
    981.61      -55.75
    931.18      -58.75
    957.26      -69.00
   1003.50      -38.50
    971.25      -56.50
    939.30      -64.00
    952.44      -51.75
    959.32      -65.75
   1013.54      -33.50
    960.94      -80.50
   1000.75      -37.75
    952.51      -71.00
    955.59      -63.25
    977.22      -77.50
    960.36      -63.50
    952.65      -72.50
   1002.32      -40.00
    953.34      -65.00
    973.66      -52.25
    930.59      -67.00
    964.71      -54.25
    993.87      -39.50
    963.47      -62.00
    934.75      -60.25
    964.76      -56.50
    936.83      -70.50
    971.87      -58.50
    933.76      -64.75
   1015.13      -24.00
    960.33      -64.00
    951.17      -66.50
    971.75      -49.25
    935.25      -53.75
    951.36      -56.25
    961.07      -63.75
    965.69      -72.75
    985.87      -53.50
    980.05      -36.25
    955.68      -51.50
    942.23      -61.25
    953.49      -60.75
    978.62      -52.50
    942.53      -80.50
   1009.82      -39.50
    946.09      -78.75
    941.41      -59.25
    922.34      -71.75
   1001.27      -34.75
    969.21      -56.25
    949.63      -68.00
    925.93      -62.00
    915.22      -73.25
    978.94      -54.50
    946.25      -63.50
    918.03      -68.50
   1003.44      -33.75
    967.43      -62.00
    934.37      -70.75
    994.51      -43.50
    961.52      -63.75
    951.21      -62.75
   1008.06      -26.75
    937.61      -62.75
    985.17      -42.75
    982.18      -63.75
    975.10      -55.00
    953.83      -56.50
    953.92      -75.50
    940.72      -59.75
    941.01      -68.75
    967.96      -62.00
    948.26      -59.50
    939.38      -67.50
    990.64      -40.25
    930.47      -60.00
    943.79      -63.50
    934.77      -66.00
   1000.39      -39.00
    961.96      -70.00
    956.27      -65.50
    992.16      -43.75
   1006.65      -31.00
    969.14      -56.25
    941.65      -60.25
    951.31      -65.75
    946.82      -67.50
    982.32      -42.50
    943.90      -70.50
    960.08      -64.00
    980.08      -46.75
    949.48      -69.50
    951.68      -65.75
    960.33      -57.25
    965.68      -61.25
    998.80      -38.50
    936.61      -67.25
    963.36      -59.50
    954.63      -67.50
    997.95      -29.50
    969.39      -80.75
    936.04      -64.25
    939.26      -68.25
    987.79      -44.25
    937.99      -70.75
    960.57      -55.00
    995.28      -41.75
   1001.65      -27.50
    956.93      -64.50
    937.96      -59.50
    956.21      -74.00
   1013.14      -41.00
    950.46      -62.25
    951.20      -57.50
    962.17      -55.75
    956.10      -62.50
    966.49      -61.75
    945.53      -57.50
    983.56      -54.50
    998.89      -40.75
   1014.89      -25.75
    999.58      -50.50
    939.98      -78.25
    991.73      -52.00
    943.65      -62.50
    937.15      -68.50
    949.06      -57.25
    963.94      -52.50
    964.66      -61.00
    948.47      -63.00
    944.66      -62.50
    937.99      -66.00
   1014.68      -30.00
   1009.42      -32.75
    951.89      -65.50
    948.85      -59.50
   1014.09      -38.75
    983.51      -62.00
    968.93      -62.75
   1003.95      -38.75
    926.92      -62.50
    992.39      -38.25
    978.48      -54.50
    960.08      -63.75
    976.26      -73.25
    987.89      -49.25
    960.15      -56.00
    993.28      -46.75
    958.45      -66.25
    946.99      -65.00
   1001.27      -28.75
    987.78      -54.75
    964.26      -63.50
   1001.86      -42.25
    961.48      -62.50
    943.35      -66.25
    937.66      -59.50
   1004.96      -36.00
    962.23      -58.50
   1002.36      -43.00
    964.26      -69.75
    959.00      -53.75
    965.38      -81.75
    957.06      -67.50
    955.36      -63.00
    962.83      -55.75
   1004.24      -44.50
    990.03      -40.00
   1011.93      -38.50
    962.71      -56.25
   1001.74      -28.25
    940.04      -65.50
    952.88      -66.50
    949.34      -71.00
    954.29      -65.25
    948.70      -61.00
    959.96      -63.75
    990.07      -31.50
    947.45      -64.00
    957.32      -65.50
    957.91      -62.50
    956.33      -68.75
    950.79      -71.00
    947.19      -62.00
   1016.24      -24.50
    959.19      -55.75
    951.31      -62.75
    966.60      -59.00
    970.38      -69.25
    964.72      -58.75
    950.71      -61.00
    988.92      -55.75
   1013.53      -27.00
    968.35      -56.50
    952.24      -58.25
    963.11      -59.25
    933.14      -54.75
    924.41      -66.50
    967.14      -56.25
    990.81      -34.25
    943.24      -59.75
   1010.27      -30.75
    975.73      -76.25
    973.17      -45.75
    971.49      -47.25
    932.77      -70.25
    945.18      -62.75
    972.58      -53.50
    972.64      -81.25
    956.09      -64.50
    946.86      -56.75
    973.12      -61.25
    982.38      -53.75
    961.93      -49.50
    943.40      -60.25
    953.05      -72.75
    933.73      -56.50
    957.75      -49.00
    970.52      -47.50
    935.51      -59.25
    944.98      -54.00
   1005.03      -36.50
    970.47      -57.00
    983.80      -77.00
    950.61      -59.75
    957.62      -60.75
    978.26      -51.00
   1009.52      -31.50
    979.29      -54.25
    955.61      -69.50
    961.11      -52.25
    993.53      -42.00
    986.51      -48.25
   1002.78      -40.25
    985.07      -56.25
    977.16      -63.75
    985.86      -75.25
    945.03      -67.75
    979.88      -53.25
    974.87      -55.75
    950.45      -61.75
    977.30      -52.00
    963.10      -55.00
    967.55      -78.00
   1004.56      -36.00
    968.23      -58.00
    974.88      -44.50
    952.52      -61.00
    964.73      -71.50
    968.12      -53.25
    957.88      -58.50
    982.91      -45.25
    984.75      -57.00
    973.73      -71.25
    968.99      -43.75
    957.01      -50.75
    988.22      -67.75
    954.60      -59.50
    975.27      -43.75
    959.89      -60.25
    948.76      -65.50
    964.07      -53.25
    965.01      -47.75
    938.41      -61.00
    964.47      -66.75
    953.09      -47.25
    962.66      -57.75
    971.47      -53.00
    977.05      -45.75
    987.81      -81.50
   1010.56      -27.50
    980.95      -48.75
    991.44      -52.00
    961.57      -49.00
    959.98      -47.25
    980.39      -49.25
   1007.14      -30.75
    946.90      -50.75
    955.53      -56.50
    968.06      -60.50
    942.25      -60.25
    946.55      -59.25
    970.59      -69.50
    950.89      -56.75
    981.63      -51.00
    966.37      -52.75
    972.43      -59.00
    997.09      -79.50
    974.35      -79.50
    982.60      -51.75
    959.88      -52.50
    953.30      -67.75
    956.41      -80.25
    952.37      -64.50
   1007.10      -29.50
    939.21      -59.00
    968.77      -55.25
   1012.47      -30.00
    962.60      -74.75
    983.88      -61.75
    965.07      -63.50
    986.16      -42.50
    998.91      -50.50
   1006.78      -36.25
    954.71      -68.00
    943.59      -57.75
    969.07      -60.75
    979.94      -47.50
    978.36      -75.75
    958.15      -63.50
   1014.84      -31.25
    952.09      -59.00
    966.64      -56.00
    956.75      -60.50
    969.13      -75.50
    965.00      -49.00
    967.65      -58.25
    993.62      -62.50
    956.10      -57.75
    964.40      -50.00
    974.51      -74.25
    967.35      -55.75
    977.87      -67.75
    983.69      -41.25
    965.04      -53.50
    969.75      -61.75
    958.03      -56.75
    980.81      -77.50
    952.99      -59.00
    997.37      -47.25
    969.17      -67.75
    966.14      -53.25
    962.46      -50.75
    952.75      -63.25
    945.92      -59.00
    956.73      -59.50
    986.34      -59.75
    967.02      -49.00
    977.64      -63.25
    959.50      -57.25
    964.55      -70.50
    961.17      -64.50
    975.95      -75.50
    976.44      -61.50
    970.70      -42.00
    959.10      -50.00
   1003.25      -35.50
    986.34      -46.00
    970.37      -51.25
    969.19      -53.50
    987.73      -43.50
    966.52      -71.50
    975.51      -55.75
    975.67      -59.50
    970.73      -52.75
    968.75      -59.25
    987.33      -51.25
    965.67      -61.00
    933.68      -61.75
    976.45      -82.00
    998.66      -40.25
    969.41      -67.25
    948.72      -58.25
    969.95      -65.00
    998.07      -33.50
    949.20      -66.00
    963.51      -63.50
    978.09      -77.00
    932.40      -64.75
    959.76      -70.50
    965.01      -61.25
    965.32      -50.00
    960.75      -64.50
    969.53      -54.25
    971.74      -66.50
    948.09      -61.75
    986.70      -52.50
    966.63      -55.25
    958.06      -65.50
    966.92      -60.25
    933.94      -62.25
    972.01      -55.00
    961.58      -48.25
    945.24      -62.75
    972.03      -63.25
    971.27      -63.25
    962.33      -55.50
    936.71      -67.00
   1015.74      -34.00
    949.06      -64.25
    967.22      -52.00
    972.85      -59.75
    952.99      -56.75
    943.17      -61.25
    949.15      -71.75
    952.55      -64.25
    977.67      -61.50
    964.12      -65.50
    940.84      -69.75
    951.26      -62.50
    973.12      -43.75
    957.77      -61.00
    958.11      -69.75
    944.70      -50.75
    944.74      -59.50
    936.73      -69.00
    962.59      -71.75
    962.92      -58.75
    939.19      -61.00
    950.39      -79.75
    950.97      -57.25
    990.80      -39.75
    984.99      -42.75
    957.46      -66.25
    983.88      -75.25
    938.68      -64.50
    952.19      -61.75
    950.66      -53.75
    982.41      -53.25
    947.42      -60.00
    936.19      -61.50
    942.87      -65.25
    937.97      -61.75
    971.01      -70.75
    954.37      -60.00
    983.25      -42.50
    978.52      -52.25
    977.46      -61.00
    949.28      -66.00
    981.67      -41.00
    957.09      -70.00
    975.67      -48.00
   1008.20      -27.75
   1001.24      -43.50
    978.42      -51.25
    961.98      -66.50
    976.79      -67.00
   1003.26      -46.50
    951.66      -67.25
    969.69      -51.25
    941.09      -60.00
    976.36      -50.00
    965.00      -53.75
    975.17      -60.50
    948.51      -62.50
    963.06      -59.50
    976.08      -61.00
   1000.81      -36.25
   1003.09      -32.50
    952.73      -59.00
   1007.72      -33.75
    996.10      -35.75
    981.54      -55.50
    944.75      -57.50
    953.62      -56.00
    986.63      -55.75
    969.14      -52.25
    951.34      -72.75
    967.96      -63.00
    966.60      -77.50
    968.88      -48.25
    940.77      -70.00
    948.98      -59.50
    990.01      -44.25
    936.91      -70.75
    945.72      -60.00
    976.60      -64.25
    959.74      -68.00
    953.05      -64.00
    970.29      -54.25
    959.43      -58.50
    940.93      -58.00
    943.53      -74.75
    936.64      -60.75
    984.28      -44.00
    955.92      -66.75
    941.84      -58.75
    952.04      -59.25
    943.27      -57.25
    967.86      -58.25
    960.75      -58.50
    965.99      -64.00
    972.08      -41.25
    981.91      -68.75
    966.13      -52.50
   1011.89      -28.25
    949.29      -65.25
    938.64      -65.75
    975.53      -59.50
    979.14      -75.50
    967.64      -59.25
    986.98      -52.25
    986.05      -63.75
    948.71      -62.25
    978.39      -60.75
    941.32      -63.50
    947.80      -60.50
   1020.97      -29.25
    976.74      -54.00
   1003.75      -41.75
    938.30      -60.00
    967.49      -53.25
    992.33      -45.25
    999.90      -34.25
   1009.89      -33.75
    964.88      -65.50
    972.25      -53.00
   1002.58      -27.25
    994.26      -37.00
    972.67      -43.25
    944.93      -57.00
    958.76      -52.00
    955.07      -60.75
   1008.40      -26.25
    954.06      -63.00
    972.26      -48.00
    959.02      -69.50
    979.41      -41.50
    950.25      -62.00
    966.09      -65.25
    966.07      -61.75
    955.29      -62.50
    969.65      -56.50
    953.07      -61.00
    969.82      -62.50
    965.72      -59.50
    964.46      -63.75
    972.77      -51.25
    974.05      -48.25
   1005.42      -34.50
    961.29      -62.00
   1006.27      -35.75
    967.71      -55.25
    967.13      -54.25
    965.01      -64.00
    957.05      -64.75
    953.38      -55.50
    947.85      -66.00
    950.01      -67.50
    960.52      -55.00
    949.45      -62.50
   1007.38      -35.75
    940.62      -57.25
    954.30      -63.50
    948.43      -65.50
    979.36      -46.75
    965.98      -61.75
    975.28      -62.75
    961.08      -69.75
   1007.22      -30.25
    975.61      -73.00
    959.79      -54.75
    975.86      -55.00
    964.25      -61.25
    943.94      -54.25
    958.49      -71.75
    970.85      -57.75
    976.53      -59.25
   1001.19      -31.25
    998.43      -46.50
    967.79      -45.00
    997.76      -40.75
    955.32      -59.75
   1006.74      -46.00
    944.30      -65.00
    937.28      -59.50
    955.42      -64.75
    957.69      -71.75
    978.23      -54.50
    993.69      -35.00
    950.67      -64.75
    986.33      -50.25
   1001.04      -30.50
    992.27      -40.75
    959.84      -71.75
    942.60      -64.25
    931.79      -65.50
    943.87      -61.25
    985.36      -48.75
    920.40      -64.00
   1007.45      -42.25
    975.61      -43.00
    970.22      -55.50
   1010.93      -25.50
    933.26      -69.50
    987.42      -53.50
    945.05      -58.00
    976.78      -58.50
    935.37      -66.00
    943.57      -64.25
    986.24      -46.00
    952.96      -62.00
   1012.33      -30.25
    944.18      -68.00
    963.31      -64.00
    946.14      -57.25
    967.22      -68.25
    966.10      -47.25
   1004.79      -35.75
    972.00      -61.00
    943.09      -66.00
   1016.75      -32.50
    932.66      -61.00
    949.27      -61.25
    977.31      -56.00
    960.42      -63.75
    996.47      -43.50
    961.71      -50.00
    989.63      -43.00
    985.96      -39.50
    946.18      -55.00
    960.56      -62.00
    949.22      -62.50
    939.17      -59.25
    936.89      -63.25
    976.09      -65.75
    993.16      -40.25
    976.77      -74.00
    952.17      -60.25
    951.86      -50.25
    962.34      -75.50
    983.16      -44.00
    960.82      -64.00
    940.49      -62.75
    959.93      -49.25
   1001.16      -41.25
    933.88      -64.75
    950.33      -68.75
    936.13      -60.50
    945.08      -55.00
    951.17      -62.25
    950.45      -62.75
    996.16      -38.50
    995.95      -41.00
    970.64      -65.00
    936.96      -64.25
    999.77      -39.25
    955.99      -61.25
    986.19      -45.75
    947.32      -67.50
    964.28      -52.00
    963.94      -54.25
    963.16      -61.00
    973.42      -54.25
    952.08      -47.75
    945.65      -66.25
    984.79      -52.50
    977.71      -81.75
    958.54      -65.50
    977.51      -54.25
    939.49      -66.25
    978.47      -45.50
    958.89      -78.00
    979.63      -64.25
    952.45      -69.50
    944.62      -64.25
    949.86      -59.25
    950.97      -69.00
    931.24      -61.50
    947.93      -63.50
    968.64      -56.00
    991.68      -50.50
    980.07      -55.50
    952.60      -71.00
    955.69      -62.00
    956.10      -69.75
    968.58      -71.00
   1005.27      -34.75
    966.60      -55.00
    952.27      -72.50
    959.00      -66.00
    972.14      -51.25
   1011.79      -30.00
    963.05      -56.00
    957.21      -49.25
    973.56      -78.25
    967.59      -54.50
    974.36      -42.75
    977.82      -77.00
   1011.13      -43.25
    924.34      -68.50
    964.21      -67.00
    961.32      -66.00
   1002.38      -34.75
    966.99      -61.75
    958.29      -59.75
   1015.73      -29.75
    980.80      -46.25
    955.78      -59.00
    988.53      -40.75
    964.83      -67.25
    983.23      -53.50
    963.43      -69.50
    960.91      -58.50
    970.49      -80.00
    964.73      -51.25
    964.48      -50.00
    984.03      -57.00
    973.10      -64.25
    984.06      -41.75
    994.73      -37.50
    948.61      -64.25
    972.85      -57.75
    923.38      -69.00
    952.75      -58.75
    975.27      -65.00
    949.95      -57.25
    976.28      -34.75
    952.60      -63.25
    948.61      -63.50
    962.12      -50.50
    987.53      -81.00
    981.83      -47.50
    955.07      -66.75
    941.69      -62.25
    960.60      -80.00
    959.38      -61.25
    960.89      -61.25
    942.95      -63.25
   1002.21      -36.25
    962.87      -61.50
    956.47      -60.75
    976.87      -66.00
    970.39      -66.50
    971.37      -66.00
    962.92      -69.25
    941.46      -59.25
    988.56      -63.00
    955.36      -65.50
   1011.40      -29.50
    958.70      -72.25
    979.51      -57.75
    966.33      -55.50
    955.91      -60.50
    994.52      -43.75
    986.41      -43.50
    967.75      -55.75
    982.36      -47.25
    956.29      -64.25
    962.99      -46.50
    968.30      -67.25
    962.16      -56.25
    985.95      -50.75
    940.74      -55.00
    949.92      -58.00
    979.44      -62.00
    970.58      -56.75
    953.58      -64.75
    995.68      -53.25
    992.66      -42.75
    971.97      -52.50
    993.23      -47.75
    950.09      -64.75
    999.16      -45.75
    944.20      -66.25
    989.15      -47.75
   1003.28      -38.00
    988.31      -43.75
    961.39      -60.50
    977.79      -59.25
    983.22      -64.00
    985.47      -43.75
    956.38      -65.50
    974.16      -45.25
    984.06      -50.25
    973.55      -52.00
    953.21      -60.50
    984.76      -53.00
   1003.38      -47.50
    983.92      -46.25
    994.61      -42.00
    956.66      -69.50
    950.40      -56.75
    977.62      -78.25
    941.22      -62.25
    990.86      -59.50
    963.06      -51.00
    948.95      -64.25
    947.02      -61.50
    950.48      -60.25
    949.79      -55.50
    944.24      -69.00
    932.52      -61.25
    992.80      -48.25
    949.62      -72.00
    990.68      -43.50
    960.12      -58.50
    992.76      -48.75
    961.37      -63.00
    999.04      -32.25
    957.98      -48.75
    969.42      -60.00
    975.59      -67.25
    938.38      -58.75
    949.22      -61.50
    965.36      -60.75
   1000.30      -37.75
    962.08      -60.00
    979.84      -58.75
    926.16      -62.50
    948.18      -69.75
    954.09      -72.00
    959.29      -54.00
    955.27      -65.25
    927.85      -56.00
   1005.86      -41.75
   1006.73      -37.50
   1000.94      -53.25
    947.98      -61.50
    937.86      -62.75
    983.94      -56.75
    958.25      -65.75
    947.14      -70.00
    938.14      -59.50
    973.49      -81.50
    941.85      -64.00
    934.23      -64.25
    987.79      -43.50
    969.63      -52.00
    944.81      -54.25
    955.22      -60.50
   1009.42      -31.50
   1003.17      -33.75
    938.97      -73.00
   1000.43      -37.25
    980.00      -68.50
    954.68      -69.25
    951.61      -79.50
   1012.31      -30.75
    977.30      -53.25
   1017.69      -40.00
    984.90      -40.00
    963.50      -67.25
    937.95      -74.00
    964.29      -47.50
    953.25      -54.50
    957.53      -52.25
    956.02      -66.25
   1004.86      -32.00
    952.27      -63.75
   1008.04      -35.25
    952.71      -77.50
    970.03      -68.50
    968.99      -63.75
    941.94      -58.75
    948.11      -72.00
    939.18      -65.25
    946.90      -71.00
    954.06      -61.00
   1017.84      -39.75
    965.49      -58.00
    969.60      -57.25
    960.64      -78.75
    945.53      -63.75
    986.62      -52.50
    940.56      -60.50
   1009.83      -32.50
    960.08      -70.75
   1007.52      -43.00
    968.87      -59.75
    964.63      -50.00
    953.22      -68.25
    929.76      -70.50
    967.48      -52.25
    962.62      -62.25
    968.45      -45.00
    968.24      -47.50
    942.72      -60.75
    983.26      -38.00
   1009.65      -28.50
    952.58      -58.50
    956.59      -47.00
    963.52      -63.25
    985.03      -72.00
    983.56      -55.50
    944.66      -70.50
    963.10      -58.00
    954.10      -68.75
    976.91      -67.25
    941.65      -67.75
    994.33      -53.00
    938.54      -70.25
    961.51      -48.25
    988.15      -70.25
    990.02      -56.75
    964.81      -63.75
    949.06      -61.50
   1011.26      -46.75
   1000.28      -30.50
    935.79      -58.50
    950.09      -63.50
    965.54      -61.50
    996.32      -48.25
    975.15      -68.00
    991.07      -50.75
    960.89      -81.00
    980.28      -80.75
    968.38      -47.25
    940.04      -72.25
    976.57      -66.75
   1006.79      -39.75
    949.10      -70.50
    957.32      -61.75
    964.08      -68.25
    951.56      -73.50
    984.49      -81.50
    956.07      -52.00
    945.01      -65.75
    959.82      -62.50
   1012.73      -39.75
    964.10      -68.00
    953.25      -59.50
    953.34      -54.25
    998.62      -39.25
   1001.12      -34.50
    974.61      -79.50
    982.35      -53.50
    991.20      -44.25
    956.58      -61.50
    964.17      -58.50
    968.73      -51.50
    936.60      -62.50
    960.25      -54.00
    941.76      -67.50
    961.62      -66.00
    948.67      -63.25
    957.62      -62.25
    991.11      -44.50
    962.99      -71.25
    956.59      -62.50
    969.41      -56.00
   1009.89      -37.75
    960.03      -58.25
    980.27      -45.00
    973.79      -54.75
    974.46      -58.50
   1000.78      -29.00
   1006.53      -29.75
    968.35      -57.50
    963.05      -58.75
    986.43      -73.50
    976.18      -72.00
    943.40      -60.25
    947.19      -55.00
    977.83      -64.75
   1006.52      -26.25
    982.28      -63.50
    945.54      -67.75
    980.10      -77.75
    978.72      -53.25
    970.82      -57.50
    954.02      -48.50
    950.03      -61.75
    975.59      -53.25
    954.24      -57.75
    993.34      -57.75
    982.41      -70.50
    998.89      -35.00
    974.67      -55.25
    968.01      -73.50
    965.72      -70.50
   1001.88      -35.75
    960.62      -62.25
    977.98      -56.75
    954.40      -57.25
    978.64      -62.50
    973.74      -53.50
    998.02      -40.50
    961.71      -66.75
    936.80      -62.75
    945.99      -58.75
    946.90      -69.00
    951.95      -69.75
    997.14      -34.00
    942.85      -65.75
    982.15      -51.75
    944.48      -58.50
    963.23      -50.25
    937.03      -63.50
    953.42      -56.75
    941.71      -62.75
    938.99      -62.50
    962.52      -81.75
    947.64      -61.00
    949.64      -64.00
   1008.50      -41.75
    953.60      -54.50
    972.47      -47.25
   1004.98      -45.50
    936.64      -60.50
    975.74      -54.25
    932.48      -66.25
    968.30      -54.00
    941.57      -63.25
    977.46      -49.25
    962.72      -64.75
    957.37      -63.75
    963.12      -57.00
    965.52      -72.50
   1013.65      -28.50
    938.35      -68.50
    968.76      -54.25
    939.43      -59.50
    954.98      -58.50
    973.20      -62.25
    992.76      -44.75
    937.81      -61.75
    987.41      -42.50
    968.05      -74.50
    951.89      -58.75
    974.75      -45.00
    963.64      -53.25
    986.28      -76.50
    938.04      -53.50
    957.54      -59.50
    973.97      -49.50
    973.45      -60.75
    972.78      -47.00
    956.55      -55.50
    962.26      -47.75
    956.53      -48.25
    937.51      -56.25
    955.16      -55.00
    986.64      -49.50
    953.15      -70.25
    970.75      -77.75
    972.96      -63.75
   1010.59      -45.75
    954.09      -70.50
    950.26      -56.25
    988.39      -59.50
    945.63      -60.00
    948.32      -73.75
    954.31      -74.75
    936.02      -68.75
    998.45      -42.00
    953.78      -60.00
    945.50      -58.75
    937.59      -62.50
   1003.31      -34.25
    953.55      -50.50
   1004.20      -42.25
    947.50      -70.75
    983.24      -78.50
    972.71      -44.50
    953.87      -57.00
   1011.28      -27.50
    951.06      -53.50
    948.89      -64.75
    997.51      -42.50
    948.77      -63.50
    959.57      -78.25
   1005.85      -46.00
    958.38      -54.25
    998.00      -49.25
    948.69      -57.00
    963.12      -71.50
    947.62      -56.50
   1003.55      -30.50
    955.20      -63.50
    956.87      -51.00
    955.55      -59.00
    965.85      -51.00
   1024.42      -28.25
    943.61      -67.75
    962.67      -50.75
   1008.60      -34.25
    970.72      -55.50
    982.71      -54.25
    950.32      -74.00
    992.59      -50.75
    929.50      -69.00
    944.53      -61.75
    953.25      -62.25
   1008.80      -27.50
    972.15      -58.50
    955.35      -61.75
    941.97      -71.00
    997.26      -40.25
    963.43      -62.50
    941.16      -70.00
    944.31      -64.75
   1010.16      -29.50
    967.07      -56.50
    929.94      -63.25
    955.85      -65.75
    993.26      -44.00
    946.14      -54.75
    993.18      -30.75
    940.17      -62.75
   1009.41      -31.25
    969.46      -51.25
   1011.58      -40.25
    968.40      -65.75
    939.45      -69.75
    954.70      -69.00
    973.95      -62.00
    948.85      -75.00
    968.90      -65.00
   1000.05      -43.50
    948.01      -62.75
    935.80      -64.75
   1010.36      -41.50
    944.24      -60.50
    973.13      -51.00
    952.23      -56.00
    953.74      -76.00
   1002.09      -34.75
   1001.79      -37.00
    959.61      -55.25
    967.17      -64.75
    956.67      -69.25
    957.25      -62.25
    987.93      -61.75
    972.34      -44.50
    970.38      -65.25
    943.83      -64.50
    939.11      -61.50
   1003.46      -28.75
    962.44      -50.25
    949.33      -73.25
    982.63      -41.50
    964.59      -63.50
    952.20      -69.25
    947.65      -63.75
    957.54      -64.00
    919.14      -69.25
    945.00      -58.50
    971.60      -59.75
    970.82      -52.50
    952.39      -57.00
    979.51      -47.75
    945.54      -66.75
    982.86      -54.75
    952.70      -74.25
    956.08      -60.00
    971.19      -54.75
    948.43      -64.25
    970.96      -65.00
    952.33      -64.25
   1000.12      -42.25
    942.66      -58.75
    963.37      -53.25
    963.15      -78.75
    965.57      -57.25
    952.18      -57.00
   1007.16      -34.00
    989.72      -43.75
   1002.82      -25.25
    967.62      -64.75
    961.11      -63.75
    952.85      -63.00
    958.36      -62.50
    963.92      -56.50
    963.12      -65.00
    981.69      -74.50
    962.53      -49.50
    974.38      -72.25
    960.27      -57.25
    963.01      -62.25
   1004.38      -31.75
    998.71      -44.25
    979.87      -51.75
    955.45      -53.75
    957.46      -65.00
    991.84      -42.00
    978.60      -78.75
    968.41      -62.25
    956.53      -64.50
    969.08      -64.00
    952.36      -60.00
    953.17      -62.25
    961.37      -61.50
   1006.80      -26.75
    974.75      -74.00
    964.68      -53.25
    959.43      -60.00
   1004.33      -27.25
    960.93      -50.75
    945.25      -60.00
   1006.56      -43.50
    980.76      -46.00
    958.83      -64.75
   1002.29      -38.25
    946.30      -57.00
    950.91      -62.75
    950.07      -72.00
    968.95      -53.75
    940.25      -57.00
   1010.63      -29.50
    940.42      -60.75
    949.62      -61.25
    933.38      -55.75
    977.65      -73.50
    962.96      -62.00
    944.90      -57.00
    963.32      -64.50
    975.88      -72.50
    953.47      -64.50
   1013.15      -39.50
   1008.01      -37.75
    928.53      -72.25
    940.87      -57.75
    945.33      -48.50
    971.33      -53.25
    937.43      -80.00
   1010.82      -39.75
    942.68      -66.75
    925.16      -67.50
    948.47      -55.25
    995.23      -37.25
    959.75      -57.00
    943.08      -60.25
    962.91      -60.50
    950.84      -51.50
    972.39      -60.50
    948.37      -70.50
    940.46      -52.00
    943.53      -63.25
    990.54      -49.25
    972.06      -64.00
    959.33      -77.50
    985.14      -59.50
    974.57      -44.25
    991.83      -41.75
    946.51      -67.50
    958.45      -53.00
    922.84      -68.50
    947.97      -60.00
    979.37      -78.75
    952.20      -58.25
   1014.16      -33.75
    985.36      -68.25
    954.92      -63.25
   1001.54      -27.25
    988.50      -55.25
    957.80      -54.75
    998.34      -37.50
    943.22      -63.00
    966.45      -51.25
    956.29      -55.75
    965.85      -70.00
    952.62      -66.75
    963.97      -57.50
    970.47      -56.25
    968.54      -54.00
    944.92      -63.00
    943.97      -68.50
   1000.67      -33.50
    960.30      -63.75
    991.52      -39.50
    995.95      -30.75
    969.00      -51.25
    979.27      -46.50
    948.37      -57.00
    971.67      -60.75
    972.03      -57.00
    933.28      -72.50
    941.77      -63.25
    962.44      -73.75
    991.95      -44.00
    990.63      -41.75
    941.92      -61.00
    972.87      -58.00
    950.17      -66.00
    948.42      -70.25
    963.08      -77.75
    984.77      -42.00
    939.97      -60.00
    964.08      -61.75
    962.37      -55.75
    962.17      -58.00
    956.53      -55.25
    976.70      -51.50
    966.63      -74.25
    947.87      -61.50
    946.24      -57.50
    967.55      -51.00
    964.47      -63.25
    960.48      -53.50
   1016.62      -33.25
    961.52      -56.75
    940.45      -71.75
    966.77      -53.75
    980.34      -78.50
    958.86      -61.75
    942.08      -67.75
    968.59      -77.25
   1012.60      -26.00
    953.36      -62.50
    960.20      -56.00
    956.05      -60.75
    971.55      -46.25
    949.06      -63.00
   1012.48      -30.75
    959.79      -59.00
    964.81      -51.50
    944.16      -65.25
   1007.01      -36.00
    947.52      -60.25
    974.34      -55.25
    994.06      -51.25
    945.89      -48.25
    966.27      -62.25
    979.97      -58.25
    966.99      -62.75
   1006.70      -31.50
    983.50      -50.25
    972.67      -78.00
    943.91      -60.50
    975.73      -48.25
    986.33      -65.00
    968.87      -43.00
    973.68      -63.50
    976.98      -74.00
    974.25      -66.00
   1006.68      -27.25
    953.23      -56.00
    952.49      -50.25
    961.68      -62.75
    961.95      -62.75
   1015.04      -25.25
    966.20      -55.50
    923.93      -65.75
    973.98      -57.75
    978.30      -51.25
    979.85      -37.75
    994.97      -43.50
    973.76      -65.00
    962.03      -68.75
    970.00      -56.75
    953.16      -60.25
    960.41      -60.25
   1009.63      -38.00
    941.35      -55.25
    968.04      -57.00
    942.06      -56.50
    985.22      -79.50
    985.92      -52.50
   1000.19      -35.25
    953.82      -53.50
    986.69      -56.75
    978.93      -60.25
    964.23      -48.75
    941.76      -58.00
    964.19      -57.75
    958.55      -70.50
   1004.29      -33.00
    954.95      -65.50
    970.51      -58.75
   1003.77      -40.75
    965.05      -63.00
    959.00      -54.75
    958.41      -71.50
    964.00      -55.50
    973.58      -78.00
    985.15      -48.50
    954.01      -59.50
    967.05      -57.50
    960.87      -63.00
   1009.68      -35.75
    999.54      -33.00
    989.26      -51.75
    960.87      -67.00
    954.91      -70.00
   1007.66      -33.00
    974.79      -56.25
    957.92      -59.75
   1000.45      -42.00
    967.90      -49.75
    988.96      -43.50
    958.66      -68.50
    941.99      -71.50
    953.09      -57.00
    981.06      -78.25
    960.15      -62.25
    969.53      -61.00
    952.38      -62.75
   1010.28      -32.75
    924.07      -66.50
   1004.25      -33.00
    976.30      -64.50
    968.35      -65.00
    968.82      -42.25
    952.61      -55.50
    951.06      -60.75
    945.73      -63.00
    943.60      -50.50
   1010.79      -42.25
    988.49      -49.75
    973.99      -63.75
    943.99      -62.00
    955.95      -59.25
    965.69      -44.25
    964.41      -59.75
    939.07      -60.25
    987.14      -52.00
    944.66      -66.75
    964.90      -46.75
    943.23      -67.50
    987.66      -51.75
    949.95      -61.75
    963.30      -78.75
    965.89      -65.25
    968.78      -63.00
    929.78      -69.00
    949.31      -72.25
    969.61      -67.25
    928.42      -62.25
    965.89      -61.00
    952.94      -72.25
    983.57      -44.75
    937.01      -58.00
    959.33      -69.25
   1008.12      -30.75
    950.22      -53.50
    945.66      -65.75
    963.42      -81.25
    931.72      -60.25
    937.60      -59.25
    942.72      -69.25
    968.36      -62.00
    971.56      -56.25
    963.66      -67.50
    995.88      -44.25
    932.74      -71.50
    980.40      -52.00
    997.14      -42.00
    951.37      -80.25
    967.49      -62.75
    979.78      -49.50
    942.86      -67.75
    944.47      -59.00
    968.53      -50.25
    937.96      -61.75
    968.64      -67.50
    948.74      -71.75
    963.21      -58.50
    986.89      -41.75
    994.32      -46.50
    964.36      -53.00
   1006.36      -37.00
    951.10      -66.75
    967.51      -79.00
    948.87      -66.25
   1002.46      -37.75
    937.30      -69.50
    934.13      -68.00
    945.80      -69.75
    968.53      -64.50
    956.13      -56.00
    955.14      -62.25
    952.53      -63.50
    977.74      -80.75
    992.21      -36.25
    951.32      -67.00
   1000.45      -47.50
    934.02      -67.50
    949.22      -61.25
    981.39      -47.50
    950.50      -54.50
    954.30      -71.25
    933.28      -58.75
    964.51      -62.25
    957.86      -70.75
    949.08      -60.25
    977.63      -62.25
    963.90      -54.75
   1003.44      -39.50
   1017.64      -28.75
   1011.61      -33.50
    945.75      -67.75
    980.67      -54.75
    946.38      -60.50
    950.88      -61.25
    993.73      -48.25
   1002.89      -42.25
    953.01      -69.50
    963.67      -63.75
    942.02      -61.25
    953.35      -68.50
    951.48      -60.25
    958.22      -63.25
    950.95      -62.75
    935.27      -67.00
    989.47      -44.50
    957.54      -58.75
    988.42      -44.50
   1016.10      -33.75
    964.13      -77.50
   1007.70      -44.50
    975.54      -54.75
    967.20      -75.50
    948.75      -69.00
    958.43      -57.50
   1003.65      -44.50
   1009.81      -37.00
    955.98      -61.50
    935.92      -62.50
    954.58      -61.00
    963.82      -58.00
    950.16      -66.25
    978.87      -68.75
    996.76      -45.25
    970.07      -72.50
    977.19      -51.75
    968.20      -53.00
    958.63      -69.00
    932.00      -59.75
    978.44      -48.75
    924.38      -63.50
   1008.40      -33.00
   1010.75      -31.50
    962.82      -54.25
    954.36      -64.75
    948.68      -69.25
    971.40      -64.75
    945.23      -64.00
    942.24      -62.25
    981.59      -45.00
    940.76      -66.75
    977.23      -64.75
    953.34      -65.75
    970.43      -49.75
   1004.35      -26.50
    960.57      -53.75
    953.45      -59.75
    953.34      -56.00
    985.84      -46.00
    998.43      -42.00
    985.67      -44.50
    946.58      -59.75
   1003.59      -31.25
    948.18      -67.00
    951.57      -61.50
    964.92      -65.00
    955.74      -53.50
    963.70      -63.25
    955.82      -72.00
    965.17      -63.75
    955.88      -60.00
    976.92      -53.75
    976.36      -57.25
    974.03      -59.00
   1004.11      -49.25
    970.94      -61.00
    964.38      -53.75
    973.81      -56.75
    990.64      -47.75
    969.45      -66.50
    971.98      -61.00
   1011.63      -31.50
    949.02      -61.00
    952.19      -64.50
    964.56      -80.50
   1013.77      -36.50
    972.76      -50.50
    955.47      -58.00
    967.46      -65.50
    974.71      -80.00
    964.26      -69.75
    940.63      -62.75
    967.24      -56.75
    984.61      -58.75
    955.59      -65.50
    940.27      -63.25
    991.58      -38.25
    960.88      -61.75
    987.93      -56.25
    965.78      -65.00
    992.24      -47.00
    955.09      -64.25
    947.20      -65.50
   1002.71      -34.25
    946.29      -63.25
    950.45      -59.25
    961.78      -59.25
    976.69      -63.25
    970.87      -60.75
    956.51      -65.00
    925.33      -71.75
    954.60      -62.50
   1016.73      -24.25
    953.37      -66.25
    957.42      -66.25
    954.53      -63.75
    954.98      -63.50
    989.45      -44.50
    951.82      -75.00
    933.55      -62.25
   1012.32      -30.50
    964.75      -65.25
   1004.02      -44.50
   1011.44      -36.00
    961.13      -72.00
    968.79      -64.50
   1005.82      -28.50
    957.57      -55.75
    944.68      -62.50
    960.25      -51.75
    963.66      -61.50
   1007.95      -30.50
    946.79      -54.25
    947.48      -64.00
   1004.98      -39.00
    936.39      -66.00
    950.56      -66.75
    949.40      -60.25
    943.48      -55.25
    962.23      -57.25
    946.65      -66.00
   1012.60      -30.75
    954.95      -62.75
    976.89      -47.50
    945.33      -62.25
    925.36      -64.75
    963.12      -62.75
   1003.03      -37.25
    972.03      -54.75
    962.40      -62.50
    985.24      -55.50
    948.18      -57.25
    970.58      -53.75
    970.19      -57.25
    978.55      -77.00
    974.68      -38.50
   1019.13      -27.50
    953.70      -57.75
    958.94      -58.25
    965.27      -58.75
    965.01      -75.00
    954.73      -60.50
    949.97      -67.50
    956.96      -52.75
    957.93      -62.50
    934.23      -68.75
   1018.51      -26.50
    994.96      -47.75
    944.86      -59.75
    993.27      -48.00
    962.73      -64.25
    983.12      -83.00
    969.73      -62.75
    958.60      -61.50
    943.22      -68.75
   1005.20      -33.75
    960.01      -53.00
    952.95      -65.50
    968.85      -61.75
    985.24      -43.00
    973.09      -51.50
    956.82      -75.75
    936.84      -65.25
    988.10      -47.50
    972.09      -69.75
   1008.54      -30.25
    976.50      -39.75
    941.57      -67.75
    950.19      -57.25
    938.31      -67.50
    981.75      -46.25
    951.54      -62.25
    951.48      -59.25
    955.96      -59.50
    940.53      -61.75
    956.11      -76.25
    940.83      -72.25
    942.54      -64.75
   1015.11      -28.75
    959.81      -54.75
    961.66      -62.75
    953.86      -66.75
   1007.22      -30.75
    945.55      -53.50
    958.71      -61.75
    961.22      -57.75
    959.60      -71.00
   1021.80      -31.00
    962.04      -69.25
    966.01      -58.75
    949.91      -61.25
   1015.97      -32.50
    984.97      -52.00
   1009.16      -30.00
    946.27      -59.00
    998.14      -37.00
    974.90      -51.75
    965.17      -56.00
    950.50      -57.50
    937.28      -72.50
    957.89      -68.50
    958.99      -55.25
    986.93      -42.25
    938.29      -68.00
   1004.79      -49.25
    951.70      -68.00
    971.33      -58.00
    970.00      -67.25
    969.83      -69.25
    951.99      -66.75
    970.20      -53.00
    949.62      -64.25
    960.85      -55.50
    967.92      -68.00
    957.12      -60.75
    960.68      -60.50
    964.72      -59.75
    976.99      -49.00
    963.86      -52.75
   1000.35      -40.25
    966.43      -59.00
   1001.29      -46.00
    997.70      -37.25
    988.13      -46.00
   1009.68      -31.75
    955.94      -65.00
    958.44      -60.00
    950.05      -60.00
    994.87      -34.50
   1010.01      -36.75
    945.25      -68.00
   1007.72      -28.50
    956.73      -72.75
    936.63      -61.75
    933.03      -61.50
    981.71      -40.25
    945.26      -66.50
   1009.51      -27.50
    945.35      -61.25
   1007.40      -33.25
    962.85      -67.25
    961.94      -63.75
   1016.41      -39.50
    964.51      -53.00
   1001.22      -35.50
    946.98      -56.00
    958.98      -69.50
    956.26      -60.00
    945.45      -70.25
    950.77      -72.75
    953.37      -60.75
   1002.94      -33.50
    958.62      -58.25
    974.70      -57.50
    960.01      -66.50
    975.79      -45.00
    988.36      -46.75
    961.16      -56.00
    967.95      -50.25
    973.74      -44.25
    985.95      -71.25
    951.14      -58.50
    975.82      -63.00
    966.53      -70.50
    981.37      -63.00
   1014.88      -45.00
    973.03      -74.50
    950.92      -71.50
    975.74      -52.00
    966.90      -58.00
   1009.63      -29.50
    990.82      -65.00
    960.62      -64.25
   1007.72      -28.50
   1009.19      -36.25
    949.38      -62.50
    973.75      -60.50
    990.59      -41.50
    945.73      -60.00
    960.24      -62.50
    966.88      -54.75
    974.45      -67.50
    964.41      -63.75
    984.16      -37.00
   1001.82      -34.75
    987.58      -60.00
    957.11      -57.75
    942.86      -60.25
    968.75      -56.25
    971.60      -80.25
    953.82      -55.50
    953.67      -63.75
    961.84      -58.25
    957.06      -60.25
    961.77      -53.50
    996.71      -44.75
    978.21      -55.00
    955.47      -65.50
    959.40      -55.25
    975.55      -63.00
   1001.64      -54.75
    946.97      -54.50
    946.73      -56.00
    959.89      -61.00
    955.82      -60.75
    966.13      -73.00
    949.83      -69.25
    999.35      -30.75
    945.21      -71.00
    966.37      -64.00
    972.76      -58.25
    966.43      -55.50
    977.51      -57.75
   1003.58      -46.75
    941.98      -56.75
    962.97      -56.75
   1006.34      -48.25
    934.90      -62.50
    954.34      -79.75
    961.17      -65.50
    935.87      -61.75
    934.76      -61.50
    995.33      -37.50
    944.68      -63.50
    963.71      -54.25
    929.93      -72.50
    997.97      -41.50
    938.69      -60.75
    949.29      -69.75
    965.37      -73.25
    976.12      -53.50
    937.02      -64.25
    954.06      -64.50
    985.87      -55.75
    957.22      -56.50
    943.19      -65.25
   1004.35      -41.25
    953.19      -51.75
    944.42      -62.00
    927.43      -58.75
    974.38      -80.25
    919.79      -68.50
    944.02      -62.00
   1012.50      -49.50
    945.28      -58.50
    959.60      -60.50
   1009.25      -37.50
    950.00      -65.50
    927.44      -61.75
    957.18      -54.50
    969.41      -67.50
    959.11      -62.25
    974.11      -63.50
    975.47      -59.75
    966.89      -62.75
    983.21      -54.25
    962.70      -74.50
    952.71      -68.50
    975.31      -49.50
    963.47      -55.00
    979.10      -55.50
    991.58      -67.75
    937.39      -58.25
    962.45      -63.25
    941.42      -55.25
    968.00      -56.75
    966.40      -58.00
    955.62      -65.50
    977.27      -65.00
    972.63      -72.25
   1000.81      -37.75
    993.11      -42.50
   1003.13      -38.75
    989.53      -47.50
    968.55      -61.75
    943.77      -68.50
    953.72      -57.25
   1013.29      -29.00
    956.10      -57.75
   1004.52      -43.75
    976.62      -57.75
    972.49      -54.50
    967.84      -81.75
   1010.57      -34.50
    997.96      -42.50
    932.55      -64.75
    969.13      -70.75
    973.90      -60.50
    989.72      -45.25
    956.54      -60.25
    952.46      -63.25
    949.64      -66.25
    996.49      -30.00
    976.04      -59.25
    992.95      -51.75
    996.26      -42.75
    998.26      -45.25
    942.08      -73.75
    999.69      -49.50
    978.80      -53.25
    954.38      -53.25
   1012.59      -28.25
    947.98      -62.00
    937.36      -69.00
    949.22      -62.00
    953.94      -67.50
    951.01      -51.75
    957.63      -63.25
    935.59      -66.50
    964.75      -63.50
    944.79      -60.00
    966.57      -56.25
    937.49      -65.50
    953.29      -63.25
    916.21      -60.00
    933.46      -66.75
    985.20      -33.50
    986.98      -48.00
    949.25      -62.25
    961.33      -63.25
    981.16      -52.25
    955.64      -61.50
    967.25      -69.25
    945.64      -70.50
    960.99      -68.00
    939.54      -63.00
    979.47      -51.75
    988.97      -43.75
    987.01      -39.50
    949.38      -64.50
    974.40      -52.25
   1006.26      -43.00
    950.15      -60.25
    965.02      -66.50
    947.26      -61.25
    936.57      -64.50
    980.04      -38.25
    950.14      -71.25
    959.36      -81.50
    998.60      -53.25
    962.78      -64.25
    947.05      -61.25
    974.59      -63.00
    931.93      -68.50
    953.33      -55.50
    998.98      -37.50
    991.22      -41.25
   1011.85      -37.50
    969.96      -63.75
    949.04      -58.50
    954.00      -61.00
    946.33      -58.00
    968.03      -61.25
    947.02      -66.75
    954.26      -76.75
    932.83      -70.00
   1014.58      -29.25
   1002.96      -37.50
    967.37      -76.75
   1013.59      -34.25
    958.23      -61.50
    967.51      -70.75
   1012.52      -37.50
    937.62      -61.75
    987.71      -40.50
    943.96      -54.75
    985.04      -60.00
    958.82      -63.50
    963.17      -76.75
    957.39      -61.00
    963.17      -67.25
    964.17      -56.25
    931.04      -67.25
    987.42      -53.75
   1011.67      -31.75
    962.32      -64.25
    958.22      -57.00
    954.94      -69.50
    966.71      -58.50
   1003.44      -38.00
    985.43      -35.00
    954.88      -62.75
   1003.51      -31.50
   1006.91      -31.00
   1002.78      -34.25
    949.80      -69.25
    962.47      -58.50
    953.51      -70.00
    957.79      -55.75
    958.02      -53.50
    963.01      -63.25
    954.65      -60.00
    942.09      -66.00
    959.52      -59.25
   1004.58      -33.50
    950.27      -67.00
    948.70      -59.75
    997.30      -52.25
    959.98      -63.75
    963.20      -61.50
    954.85      -72.00
   1004.28      -35.75
    998.55      -45.25
    959.78      -62.00
    951.13      -59.25
    961.98      -66.75
    975.86      -64.25
    959.79      -59.50
    982.78      -49.50
    960.04      -65.00
    981.34      -64.75
    971.69      -62.75
    955.77      -53.75
    958.34      -46.50
    970.62      -70.75
    958.55      -61.50
    972.82      -67.00
    958.62      -65.75
    979.35      -50.00
    950.38      -62.25
    947.71      -56.50
    969.46      -51.25
    977.09      -77.50
    968.69      -60.00
    973.32      -63.50
   1006.33      -25.75
    948.96      -71.00
    981.90      -51.75
    932.86      -57.25
    963.29      -61.00
    975.70      -65.75
    960.69      -58.00
    966.37      -56.00
   1001.38      -43.00
   1011.87      -31.50
    953.53      -51.00
    987.20      -50.00
    984.20      -48.25
    965.63      -46.75
    943.06      -62.25
    972.25      -64.25
    980.68      -43.75
    955.99      -65.50
    984.33      -68.00
    952.19      -53.25
   1003.41      -40.00
    989.73      -39.00
    969.33      -50.75
    953.13      -54.25
    946.57      -66.00
    960.40      -50.00
   1012.67      -27.25
    996.59      -38.50
    950.56      -72.00
   1018.20      -32.50
    979.30      -67.75
    962.13      -62.75
    943.91      -69.50
    975.07      -48.50
    945.24      -60.75
    972.70      -37.50
    955.08      -63.75
    940.87      -71.00
   1002.57      -28.50
    939.37      -60.50
    989.30      -46.75
   1005.95      -31.50
    994.96      -49.75
    975.28      -52.50
    971.56      -56.75
   1001.77      -41.75
    974.43      -44.75
    958.65      -66.25
    979.23      -59.25
    959.77      -61.50
    963.38      -57.75
    950.84      -63.75
    928.46      -62.00
    989.41      -35.00
    950.07      -65.00
    978.77      -77.75
    938.33      -55.25
    971.36      -62.50
    978.15      -54.25
   1000.33      -39.50
    958.29      -58.50
    982.32      -74.25
    947.69      -61.75
    961.49      -50.75
    986.00      -49.00
    952.36      -62.75
    965.66      -66.00
    942.21      -64.25
    939.37      -60.75
    948.06      -61.25
    978.42      -54.25
    963.95      -64.50
    940.96      -67.75
    953.75      -66.50
    982.91      -49.50
    946.07      -54.50
    952.65      -60.75
    953.76      -62.25
    970.54      -62.50
    956.84      -68.75
    941.56      -66.75
   1002.45      -44.50
    971.15      -82.50
    973.21      -49.25
    985.01      -38.00
    951.85      -61.75
    964.21      -65.00
   1009.11      -40.50
    952.19      -65.00
    923.50      -63.00
    960.95      -62.00
    935.09      -63.00
    953.97      -66.00
    980.61      -57.50
    948.20      -65.25
    957.90      -69.00
   1006.34      -38.50
    970.15      -65.00
    976.73      -60.75
    996.40      -50.25
    957.30      -59.75
    998.02      -51.00
    933.93      -61.25
    965.66      -63.50
    952.36      -76.25
    927.21      -68.00
    949.96      -70.50
    987.25      -38.75
    975.23      -53.00
    947.19      -59.50
   1019.49      -35.00
    952.83      -68.00
    981.75      -59.00
    979.05      -55.00
    951.58      -61.75
   1004.06      -33.50
    942.81      -68.00
    959.12      -61.75
    943.68      -68.25
   1002.43      -41.00
    995.51      -35.00
    998.53      -37.75
    953.87      -60.50
    952.51      -67.75
    956.68      -63.50
    984.44      -59.25
    991.97      -81.50
    944.23      -68.25
    971.49      -52.25
    966.87      -56.00
    949.28      -58.25
    948.62      -63.00
    944.09      -51.25
    988.28      -56.00
    973.73      -58.25
    990.88      -49.75
    942.46      -68.00
    984.51      -47.00
    948.49      -66.00
    954.29      -69.75
    961.21      -59.50
    948.02      -75.00
    971.58      -49.25
    932.37      -62.25
    955.21      -50.00
    961.25      -58.50
    962.51      -54.75
    973.43      -77.75
    971.87      -50.75
    993.20      -45.25
    960.57      -60.25
    976.26      -59.00
   1007.75      -31.00
    967.11      -79.00
   1011.49      -26.50
    976.36      -50.25
    954.07      -56.25
    964.88      -48.00
    973.11      -78.25
    960.38      -58.50
    966.89      -53.75
   1001.26      -28.50
    960.03      -61.50
    991.24      -41.75
    947.58      -59.00
    944.18      -71.25
   1007.98      -36.75
    978.07      -74.00
    972.73      -65.00
    962.80      -64.50
    985.19      -54.75
   1003.39      -28.50
    938.35      -61.00
    974.54      -56.50
   1006.13      -31.75
    983.97      -44.50
    963.94      -57.00
    961.92      -64.00
    947.03      -65.25
    957.91      -62.75
    982.31      -36.50
    984.95      -39.50
    948.27      -61.75
    947.60      -62.25
    983.13      -51.50
    933.57      -62.50
    944.19      -66.50
    969.53      -59.25
    970.60      -72.25
   1012.17      -39.25
    992.41      -43.00
    958.58      -60.75
    948.44      -70.50
    970.13      -49.25
    945.98      -64.75
    967.84      -53.75
    966.72      -45.25
    959.32      -66.75
    989.66      -51.50
    967.43      -57.25
    982.87      -50.50
    975.19      -78.25
    952.32      -63.75
    959.31      -58.50
    948.60      -66.25
    970.43      -50.00
    978.37      -54.75
    945.95      -60.75
    958.35      -53.75
    958.67      -63.75
   1006.26      -32.75
    941.17      -61.25
    957.63      -72.50
    982.21      -48.00
    996.32      -48.75
    931.73      -71.50
    979.98      -58.00
   1003.23      -48.00
    971.76      -55.75
   1010.51      -41.25
    968.15      -48.25
   1011.58      -35.50
    941.77      -59.50
    998.31      -40.50
    950.50      -59.50
    974.55      -68.50
    946.19      -63.25
    959.54      -73.25
    947.44      -63.00
    975.45      -45.75
    953.99      -82.00
    979.30      -40.25
    969.28      -81.25
    978.74      -60.75
    958.38      -60.50
    937.60      -64.50
    994.50      -46.25
    954.95      -58.00
    949.47      -65.50
   1001.94      -38.50
    946.32      -62.25
    952.94      -52.50
    939.21      -69.25
    939.09      -63.50
    998.22      -33.75
   1009.98      -46.25
    950.98      -67.75
    977.85      -52.00
    965.70      -53.75
   1009.67      -30.50
    953.45      -68.00
    976.44      -44.25
    932.80      -61.75
    982.51      -50.25
    941.35      -64.50
    928.95      -58.50
    955.59      -59.25
    979.99      -80.00
    933.04      -58.00
    981.46      -46.75
   1002.22      -46.25
   1013.30      -41.00
    957.61      -57.25
    942.49      -69.75
   1004.91      -31.25
    975.33      -56.00
    984.07      -40.00
   1011.20      -32.25
    970.35      -60.75
    989.53      -40.25
    934.84      -68.75
    959.90      -54.50
    962.64      -63.25
    968.19      -80.25
    948.29      -56.75
    977.38      -55.25
    956.19      -60.00
    944.17      -62.50
   1011.45      -37.25
    973.28      -43.75
    932.82      -60.75
    959.66      -75.00
    967.54      -64.75
    948.76      -68.00
    991.94      -49.50
    932.92      -65.00
    957.20      -56.00
    944.32      -59.75
    981.10      -48.25
    955.92      -74.25
    979.28      -42.75
   1012.47      -31.25
    972.11      -65.25
   1005.64      -35.25
    954.87      -60.75
    951.16      -55.25
    950.15      -61.00
    944.61      -62.50
   1015.34      -25.50
    967.47      -76.50
   1007.63      -28.75
    994.99      -42.25
    972.56      -52.25
    923.03      -58.00
    962.62      -67.00
    945.77      -58.00
   1005.73      -36.25
    969.90      -56.75
    964.20      -57.50
    954.89      -71.75
    957.56      -64.50
    943.64      -72.50
    941.52      -63.50
    963.13      -53.25
    952.25      -60.25
    956.69      -64.00
    991.90      -40.00
    944.50      -62.25
    965.31      -60.50
   1001.22      -30.25
    970.76      -48.00
    999.56      -36.25
    957.06      -56.75
    963.21      -67.50
    960.24      -55.75
   1003.71      -40.00
    977.67      -56.00
    985.60      -52.50
    968.90      -49.50
    976.50      -63.50
    947.75      -58.75
    963.97      -64.00
    966.21      -52.25
    972.12      -49.75
    973.98      -58.25
    945.76      -67.75
    943.01      -58.50
    970.32      -61.50
    960.53      -53.25
   1008.82      -32.75
    994.84      -40.50
    952.77      -63.75
    962.46      -46.75
    948.81      -67.00
    949.49      -63.75
    968.98      -60.75
    986.51      -49.50
    945.39      -58.25
    976.37      -72.25
    964.32      -56.25
   1006.19      -30.50
    967.62      -64.50
   1006.93      -31.25
    959.04      -55.25
    955.30      -56.75
   1002.26      -31.50
    965.59      -51.00
   1002.51      -40.25
    954.67      -60.00
    949.83      -50.50
    998.05      -40.25
    957.66      -70.75
   1004.18      -44.75
    952.51      -54.50
    941.26      -60.50
    987.54      -59.75
    991.25      -36.75
    950.08      -61.25
    980.64      -62.50
   1009.25      -27.00
    977.02      -50.00
    975.11      -73.75
   1003.86      -32.50
    988.54      -49.00
    954.75      -51.25
    972.60      -58.00
    969.06      -54.50
   1003.92      -33.75
    943.81      -64.00
    954.46      -46.25
    973.45      -51.50
    959.84      -50.50
    943.34      -67.50
    963.77      -44.75
    953.25      -57.25
    942.09      -59.50
    956.15      -58.00
    958.46      -59.00
    973.57      -53.00
    984.78      -56.00
    942.64      -64.75
    942.59      -72.50
    993.29      -36.00
    962.20      -69.00
    984.99      -45.00
    930.83      -66.50
    970.16      -79.50
    937.68      -60.25
    984.09      -41.50
    939.22      -59.00
    969.90      -57.00
    963.66      -73.50
    965.19      -73.75
    959.64      -61.25
    976.49      -51.00
    965.91      -56.25
    960.66      -70.75
    987.29      -56.50
    966.33      -62.50
    985.96      -68.00
    949.20      -60.50
    956.53      -56.25
    954.54      -59.75
    941.80      -57.75
   1001.05      -33.75
    936.94      -59.75
    940.53      -67.50
    950.30      -62.50
    988.42      -45.00
   1016.23      -37.25
    959.60      -80.75
    979.25      -55.25
    954.50      -67.25
    952.68      -57.50
    957.62      -53.75
    978.62      -40.50
    974.45      -72.50
    974.58      -53.75
    996.82      -36.50
    954.91      -57.75
    955.26      -58.50
    962.73      -47.50
    963.66      -60.75
    972.33      -60.00
   1000.35      -35.75
    976.06      -45.75
    951.56      -46.25
    954.32      -63.75
    975.38      -62.00
    947.85      -68.50
    960.87      -42.00
    978.00      -48.00
    947.10      -57.00
    969.14      -50.00
    958.11      -62.00
    987.99      -68.75
    981.76      -54.00
    960.32      -63.75
    982.89      -66.50
    966.48      -67.25
    983.73      -52.25
    946.45      -55.25
    966.04      -48.00
    974.80      -43.00
    963.87      -65.00
    943.69      -60.25
    983.75      -65.75
    962.73      -67.00
    995.31      -79.50
    949.63      -51.50
    987.65      -39.50
    976.29      -58.00
    987.20      -48.50
    950.88      -66.50
    968.13      -59.75
    957.68      -60.50
    997.88      -60.00
   1001.97      -50.00
    970.59      -51.50
    941.49      -57.00
   1016.71      -30.00
    998.42      -51.75
    960.09      -59.00
    962.96      -45.25
   1000.56      -32.00
    974.60      -49.75
   1002.67      -29.75
    957.50      -53.50
    971.44      -55.00
    981.99      -49.00
    959.10      -60.75
    955.22      -61.00
    959.29      -59.75
    982.99      -79.75
    997.94      -37.75
   1012.14      -33.25
    943.17      -60.50
   1001.93      -32.50
    966.69      -45.00
    936.62      -54.00
    941.76      -54.75
    993.56      -51.25
    964.59      -44.25
    941.08      -60.25
    954.07      -67.00
    958.37      -58.00
    961.41      -61.75
    923.40      -64.25
    960.86      -61.00
    996.20      -42.75
    949.35      -51.50
    976.81      -46.25
    972.26      -43.25
    941.87      -71.25
    970.24      -64.25
    948.25      -60.75
    966.69      -60.00
   1005.52      -33.50
    957.40      -54.50
    937.98      -60.75
    959.29      -70.00
    963.26      -81.25
    959.07      -61.25
    945.17      -63.25
    994.92      -43.25
    966.99      -63.00
    959.77      -63.75
    935.71      -63.25
    977.53      -67.25
    964.99      -55.25
    968.83      -62.25
    953.49      -64.25
    968.34      -54.00
    957.78      -60.00
    972.41      -52.75
    953.47      -62.75
    944.28      -69.25
    960.40      -61.00
    957.23      -63.00
    998.67      -39.25
    955.92      -61.00
    963.77      -63.50
    973.43      -44.00
    984.54      -60.00
    960.07      -58.50
    997.92      -31.25
    952.46      -64.75
    939.48      -56.25
    966.61      -57.00
    968.95      -67.00
    938.43      -55.50
    988.81      -43.50
    993.04      -47.00
    992.56      -49.50
    975.21      -52.75
   1011.48      -28.00
    952.11      -60.00
    965.04      -70.50
    963.05      -63.00
    990.22      -54.25
    955.47      -71.50
    941.16      -65.75
    957.47      -62.00
    965.08      -58.25
    995.88      -53.00
   1010.26      -51.50
   1001.99      -44.50
   1006.01      -30.50
    937.10      -70.00
    969.71      -61.75
    933.98      -52.25
    975.00      -57.00
    960.31      -58.75
    984.46      -43.00
    972.36      -65.50
    967.76      -54.00
    956.05      -67.50
    966.76      -63.50
    952.21      -62.25
   1007.93      -28.75
   1002.82      -27.75
    999.90      -30.00
    941.74      -58.25
    997.37      -45.75
    970.23      -55.00
    972.08      -57.75
    962.53      -69.00
    959.65      -52.25
   1000.43      -27.25
   1004.26      -40.75
    963.48      -63.00
    978.36      -56.75
    969.40      -62.25
    999.54      -37.25
    951.29      -60.25
    974.86      -81.75
    987.05      -77.00
    991.59      -50.25
    941.70      -70.50
    956.02      -70.25
    963.17      -57.00
    964.57      -78.50
    957.16      -59.00
   1003.10      -38.00
    952.37      -58.75
    988.04      -50.25
    974.53      -80.25
    936.04      -63.00
    987.98      -49.75
   1007.29      -29.00
   1000.20      -30.00
    963.99      -47.75
   1014.02      -33.75
    968.18      -61.00
    951.15      -62.25
    953.45      -63.75
    944.20      -62.25
   1002.35      -36.25
    994.65      -36.25
   1006.47      -60.00
    988.35      -40.00
    962.76      -59.75
    952.86      -72.75
    936.94      -64.25
    977.67      -63.50
    960.82      -70.00
    960.80      -45.00
    996.10      -57.75
    947.33      -62.50
    977.79      -49.25
    967.63      -58.25
    981.68      -81.50
    919.40      -70.25
    950.37      -49.00
    942.70      -62.50
    956.75      -49.50
    971.38      -47.75
   1016.08      -26.75
    967.80      -48.50
    950.99      -58.25
    941.47      -68.75
    943.73      -67.25
    971.97      -77.00
    954.67      -53.75
    987.21      -46.50
    952.83      -67.00
   1024.01      -32.25
    942.65      -55.25
    975.99      -61.75
    945.09      -64.00
    966.62      -66.75
    983.18      -55.25
    953.91      -60.25
    967.88      -66.75
    944.13      -69.00
    951.26      -51.25
    985.34      -46.25
    938.21      -61.25
    964.70      -61.25
    984.85      -33.50
    952.47      -67.00
    938.38      -55.50
    948.79      -67.50
    992.60      -50.50
    991.76      -39.50
    976.84      -47.25
    980.64      -51.00
    945.68      -63.50
   1015.35      -28.75
    952.58      -56.75
    974.98      -46.50
    956.53      -56.75
    980.19      -74.75
    951.26      -62.75
    951.36      -61.75
    981.17      -43.75
    973.64      -56.25
   1011.02      -39.00
    962.22      -69.75
    957.55      -58.75
   1000.63      -48.75
    948.19      -67.75
    983.52      -43.00
    960.12      -57.50
    973.92      -62.50
    932.33      -59.25
   1003.01      -36.75
    974.04      -58.75
   1009.80      -27.25
   1009.09      -31.75
    976.62      -45.50
    961.09      -66.00
    988.58      -45.25
    942.93      -69.00
    956.80      -60.50
    954.70      -58.50
    953.98      -60.50
    976.14      -71.50
    948.94      -62.00
    997.75      -50.75
    939.81      -63.25
    949.79      -68.00
   1021.52      -28.50
    979.21      -57.50
    970.63      -49.50
   1000.62      -42.50
    968.34      -47.75
    942.78      -66.50
    954.53      -79.50
    934.20      -61.00
    932.01      -69.00
    962.18      -75.50
    937.74      -63.75
    936.72      -56.25
   1000.40      -38.25
    958.91      -72.00
    957.93      -59.75
    999.74      -44.75
    975.88      -75.75
    946.22      -61.25
    994.82      -40.25
    987.48      -49.75
    977.10      -58.25
   1007.90      -29.00
    964.66      -56.25
    946.12      -65.75
    993.97      -39.75
    993.66      -40.25
    976.04      -67.25
   1005.34      -42.50
    952.14      -62.75
    993.07      -40.75
    943.00      -61.00
    959.68      -77.00
   1008.43      -34.50
    962.20      -60.00
    952.93      -59.25
   1000.04      -39.00
    960.59      -80.50
    937.43      -68.25
    955.73      -62.25
    955.14      -61.25
    953.59      -67.25
    940.58      -67.50
    957.74      -61.75
    961.91      -57.25
   1007.22      -29.00
    972.55      -47.00
    974.11      -80.25
    950.95      -69.00
    965.33      -49.50
    977.33      -46.25
   1007.51      -29.00
    969.53      -57.25
    949.23      -55.75
   1000.19      -40.50
    948.50      -63.00
    951.10      -71.75
    962.26      -71.50
    975.26      -47.50
   1013.28      -47.75
   1002.67      -39.75
    948.21      -64.00
    968.10      -55.50
    982.83      -53.25
   1003.63      -43.25
    954.89      -58.00
   1013.66      -38.75
    956.58      -63.50
    943.40      -67.25
    940.51      -63.00
    980.90      -66.25
    969.52      -61.50
    967.86      -58.50
   1006.52      -36.00
    953.69      -61.75
    966.63      -60.75
   1004.24      -35.50
    947.83      -60.50
   1008.70      -33.75
    954.78      -66.75
    958.28      -50.00
    940.69      -61.00
    953.71      -60.25
    960.38      -62.50
    985.87      -57.00
    972.67      -70.50
   1006.19      -33.25
    990.94      -45.75
    948.50      -68.00
    958.90      -69.50
    990.87      -48.75
    977.18      -57.25
    956.14      -58.50
    943.15      -57.25
    943.45      -65.25
    965.88      -58.75
    987.88      -55.50
    959.77      -64.75
    997.24      -41.25
    966.18      -63.75
    979.37      -62.25
   1007.40      -27.00
    993.44      -42.75
    996.90      -31.50
    959.31      -53.00
    982.92      -54.25
    969.44      -62.75
    959.94      -64.75
    954.19      -63.25
    954.16      -62.50
    957.46      -73.25
    975.26      -53.50
    983.89      -80.25
    970.49      -54.50
    958.60      -59.50
    969.96      -53.75
    975.23      -52.00
    955.33      -56.50
    949.68      -65.25
    949.55      -65.75
    955.40      -70.50
    958.26      -57.50
    970.62      -61.25
    962.44      -69.00
    964.78      -80.50
    977.16      -50.25
    952.66      -63.75
    947.88      -65.25
    960.20      -60.00
   1006.18      -32.75
    944.28      -62.75
    930.16      -65.50
    997.17      -48.75
    998.55      -39.75
    928.37      -61.50
    969.24      -82.00
    947.01      -59.25
    943.02      -59.25
    974.62      -66.50
    967.91      -63.00
    970.50      -57.25
    965.38      -53.25
    975.50      -53.25
    940.84      -64.25
    951.10      -64.00
    988.81      -49.75
    957.21      -80.75
    960.21      -60.00
    998.42      -36.25
    942.34      -64.50
    994.96      -66.00
    965.55      -54.25
    986.36      -45.75
   1004.00      -44.00
    953.16      -61.00
    941.47      -80.50
    966.03      -53.75
    947.46      -66.50
    961.61      -72.25
    972.67      -73.00
    943.65      -65.25
    942.35      -75.50
    951.11      -61.50
   1004.11      -36.00
    997.45      -48.75
    952.22      -62.00
    944.08      -60.75
    937.62      -63.50
    965.34      -78.50
    950.90      -65.00
    935.03      -58.00
   1001.46      -37.25
   1007.43      -39.75
    935.09      -65.25
    957.54      -63.00
   1003.62      -33.50
    950.28      -72.00
    958.51      -66.50
    990.11      -32.00
    979.33      -46.75
    924.59      -71.00
    951.52      -62.25
    942.33      -71.00
    957.26      -60.25
   1008.02      -41.50
    996.52      -30.75
    977.51      -52.50
    967.13      -67.25
    960.77      -62.25
    938.85      -67.50
    944.99      -49.50
    990.56      -38.75
    958.45      -54.25
    948.20      -52.00
    953.73      -78.50
   1010.54      -30.50
    986.71      -33.00
    966.31      -64.75
    962.56      -54.25
    963.61      -48.50
    984.67      -63.50
    969.51      -52.25
    932.78      -60.00
    981.73      -59.25
    931.34      -67.50
    933.24      -69.50
    957.99      -56.75
    947.27      -67.75
    962.52      -71.00
    963.92      -56.50
    953.90      -67.75
    962.64      -80.50
    941.39      -70.00
   1020.20      -34.75
    940.16      -59.25
   1010.41      -30.75
    944.50      -54.75
   1006.23      -26.00
    947.07      -63.75
    953.38      -55.75
   1012.44      -35.75
    957.84      -61.00
    987.30      -50.75
    956.68      -61.00
    946.50      -59.75
    971.82      -76.00
   1009.61      -33.50
    974.39      -46.75
    950.07      -62.50
    959.27      -61.75
    968.29      -57.25
    935.30      -67.50
    953.86      -61.00
    941.71      -60.25
   1013.39      -28.25
    959.41      -54.50
   1009.48      -27.75
    940.24      -71.00
    951.70      -75.00
    960.78      -63.00
    968.23      -50.25
    944.07      -56.50
    983.63      -44.25
    931.68      -62.25
    956.55      -61.00
    929.34      -58.25
    969.28      -59.75
    989.44      -53.50
    942.91      -59.50
    948.35      -60.50
    980.19      -52.25
    928.20      -63.50
    964.33      -58.00
    980.65      -57.00
    947.88      -63.25
   1015.96      -30.25
    995.21      -31.50
    962.52      -71.50
    956.41      -61.25
   1010.62      -31.25
   1004.20      -46.75
    949.98      -65.50
    947.75      -64.00
    982.70      -54.75
    964.10      -55.75
    964.04      -62.75
    943.25      -66.25
   1010.55      -25.25
    956.96      -51.25
    961.15      -65.75
    951.43      -66.00
   1017.68      -25.25
    931.51      -58.25
    941.23      -66.50
    967.50      -56.25
   1014.33      -29.75
    957.18      -65.25
    941.86      -66.50
   1009.31      -26.25
    944.86      -61.25
    962.09      -64.50
    965.98      -50.50
    969.65      -57.00
    959.43      -59.25
    946.11      -59.25
    942.96      -63.50
    951.53      -59.25
   1019.76      -36.00
    977.76      -83.00
    951.35      -70.75
    962.15      -61.25
    955.97      -66.75
    981.02      -37.25
    960.46      -66.50
   1009.51      -31.00
    995.80      -34.50
    959.24      -63.00
    978.68      -43.75
    945.99      -63.75
    993.92      -41.25
    985.21      -57.50
    996.82      -44.00
    944.74      -56.50
    936.46      -59.00
   1017.81      -26.75
    983.23      -50.00
    957.62      -59.75
    969.78      -63.25
    990.73      -42.00
    956.92      -80.00
    966.66      -61.25
   1018.90      -35.00
   1006.62      -36.00
    997.09      -42.25
    963.37      -67.50
    993.30      -38.00
    960.83      -61.75
    945.17      -61.75
    956.99      -56.25
    930.41      -69.25
    967.19      -73.75
    968.18      -61.50
    960.33      -65.00
    970.09      -65.50
    949.91      -72.25
   1005.50      -26.25
   1007.49      -46.00
    966.64      -53.00
    934.55      -71.25
    979.41      -61.75
    978.41      -41.75
    969.86      -65.25
   1006.36      -33.75
    983.99      -50.75
    948.58      -56.25
    957.00      -79.25
    948.14      -62.00
    945.63      -64.75
    945.47      -59.25
    933.80      -70.50
    932.32      -73.00
    935.38      -63.75
    976.43      -44.75
    993.98      -60.00
    967.82      -58.50
   1004.77      -42.75
   1013.18      -31.25
    941.73      -74.75
    976.99      -48.75
    931.66      -56.00
    946.76      -64.25
    934.58      -64.00
    942.73      -62.50
   1007.18      -43.00
   1022.90      -30.50
    988.23      -39.75
    956.20      -58.25
    998.02      -44.00
    925.90      -71.25
    923.96      -61.25
    930.25      -66.75
    935.78      -72.50
    940.74      -67.75
    999.99      -41.75
    939.26      -61.75
    926.37      -71.00
   1004.69      -32.75
   1006.13      -39.25
    994.82      -41.00
    977.23      -47.25
   1013.76      -35.50
    952.89      -68.75
    994.12      -35.75
    940.06      -61.25
    929.03      -62.25
    942.83      -62.00
    943.32      -66.50
    992.07      -38.75
    936.48      -64.00
    945.90      -71.00
    970.44      -55.25
    973.21      -46.50
    965.80      -80.25
   1018.11      -35.50
    953.49      -68.50
    988.59      -39.50
    955.71      -61.25
   1016.25      -29.75
    938.45      -71.75
   1008.08      -43.25
    966.40      -67.25
    948.73      -72.50
    933.42      -68.50
    969.96      -57.25
    957.14      -59.75
    982.88      -39.50
    955.08      -63.25
    962.71      -52.00
   1005.02      -43.00
    931.42      -70.50
   1000.83      -30.25
    961.69      -68.00
    944.69      -60.00
   1004.15      -45.25
   1000.13      -39.25
    973.93      -37.50
    988.61      -79.75
    996.20      -40.00
    950.27      -58.50
    958.55      -54.50
    952.88      -67.50
    980.08      -31.00
    947.89      -60.50
    970.82      -68.50
    937.41      -65.50
    963.90      -79.75
    954.47      -70.25
    946.44      -64.50
    959.02      -71.50
    975.93      -52.25
    935.83      -64.75
    986.54      -42.00
   1013.44      -52.00
    962.48      -47.50
    971.47      -75.50
    950.81      -53.25
    950.84      -63.25
    982.62      -51.25
    991.92      -51.00
    979.34      -78.00
    970.63      -68.50
    970.57      -49.75
    999.45      -37.25
    948.20      -55.50
    932.17      -62.25
    984.47      -68.00
    982.40      -48.75
    944.22      -59.50
    934.85      -66.50
    954.07      -73.00
    959.63      -54.75
    980.01      -42.00
    964.84      -58.75
    976.59      -51.25
    973.60      -83.50
    953.71      -81.50
    965.91      -59.50
    942.45      -64.25
   1001.50      -27.50
    980.00      -70.25
    935.16      -64.00
    952.50      -64.00
    945.11      -64.25
    946.91      -62.25
    950.36      -62.50
    983.80      -60.75
    959.10      -64.75
   1005.18      -33.00
   1004.15      -40.50
    972.34      -51.25
    974.65      -65.50
    993.02      -37.75
    942.30      -58.00
    989.78      -42.75
   1006.04      -38.50
    995.08      -43.25
   1010.21      -36.50
    990.01      -41.00
   1000.59      -35.50
    950.35      -63.75
    931.70      -72.50
    958.80      -72.00
    991.59      -45.00
    934.95      -65.75
    985.64      -50.75
    946.89      -60.25
   1003.29      -29.25
    958.08      -64.25
    941.16      -57.75
    976.16      -36.25
    988.25      -54.75
    945.70      -69.50
    952.45      -65.00
    944.31      -65.75
    943.24      -69.50
    951.67      -59.00
    991.21      -48.50
    947.89      -66.00
    954.04      -49.75
    981.38      -48.25
    967.40      -56.75
    965.77      -53.50
    965.72      -59.50
    942.63      -65.50
    981.09      -43.00
    949.48      -71.00
    961.30      -62.75
    952.63      -61.50
    961.58      -52.75
    980.69      -73.50
   1010.82      -31.50
    957.40      -62.50
   1009.86      -27.00
    954.63      -52.25
    988.30      -43.00
    957.88      -54.25
    962.47      -51.50
   1011.58      -27.00
    983.34      -51.00
    978.55      -80.75
    977.25      -81.25
   1013.84      -36.75
   1002.56      -29.50
    947.45      -68.75
    996.32      -34.25
    955.26      -53.50
    947.62      -66.00
    971.95      -65.25
   1017.37      -25.75
    996.51      -43.75
    974.55      -57.25
    973.60      -49.75
    969.90      -61.50
    952.03      -69.00
    960.33      -53.50
   1000.46      -30.00
    949.10      -58.25
    979.89      -69.50
    954.94      -53.75
    941.93      -59.00
    974.61      -55.50
    971.64      -50.00
    954.63      -60.00
    960.86      -57.50
    971.26      -51.25
    976.45      -41.75
    948.71      -60.75
    979.03      -74.25
    951.53      -54.00
    956.66      -61.25
    966.90      -63.00
    975.73      -62.75
    964.32      -66.25
    949.17      -61.50
    979.02      -47.25
    959.99      -60.50
    964.24      -61.25
    976.39      -76.25
    978.17      -50.00
    961.15      -53.00
    982.90      -80.50
    964.16      -52.75
    947.76      -53.50
   1002.23      -45.50
    947.04      -65.50
    942.26      -65.25
    924.91      -68.25
    959.14      -51.25
    962.80      -66.50
    950.98      -75.25
    949.07      -64.25
    955.93      -49.00
    934.55      -57.75
    989.23      -59.50
    966.36      -48.75
    984.71      -49.00
    936.14      -71.25
    931.05      -61.00
   1005.06      -47.25
    986.61      -63.50
    968.67      -53.75
    955.48      -80.00
    978.05      -50.25
   1001.97      -54.75
    940.00      -73.75
    987.57      -52.00
    984.82      -44.75
    947.88      -54.50
   1004.32      -46.50
    928.56      -66.25
    961.19      -57.75
    945.96      -70.75
    946.76      -69.50
    945.63      -63.50
    977.35      -45.25
   1005.94      -44.75
    929.68      -65.25
    955.06      -56.25
   1014.37      -32.25
    977.86      -40.50
    926.35      -65.00
    948.09      -64.00
   1011.51      -27.25
    990.72      -42.25
    955.03      -69.25
    950.00      -61.25
    926.53      -75.50
    968.77      -53.50
    935.59      -71.50
    997.77      -42.00
    937.53      -68.50
    948.54      -64.50
    945.28      -63.00
    940.67      -64.50
   1018.70      -38.50
    957.20      -60.00
    954.95      -62.25
    953.51      -80.25
    994.70      -47.50
    944.98      -57.50
    942.16      -70.75
    938.24      -64.25
    976.69      -46.50
    979.05      -45.00
    978.76      -58.75
    994.35      -35.25
    939.94      -68.00
    971.24      -45.25
    964.03      -58.25
   1008.34      -50.50
    984.75      -49.25
    944.72      -68.00
    957.78      -62.50
    973.01      -53.50
    926.78      -62.50
    988.40      -50.25
   1017.45      -30.50
    956.02      -61.50
    952.85      -61.25
    946.60      -59.25
    961.05      -55.75
   1017.54      -25.50
    956.72      -67.00
    950.23      -67.25
    976.34      -62.00
    957.12      -68.25
    954.98      -60.00
    943.65      -60.25
    990.93      -39.00
    962.42      -57.00
    965.25      -63.25
    961.63      -57.75
    985.46      -60.00
    948.26      -60.25
    963.06      -69.00
    985.10      -46.00
   1007.09      -35.25
    951.39      -62.25
   1000.61      -31.50
    969.86      -62.50
    938.05      -61.00
    969.13      -62.75
    938.61      -62.50
    941.34      -71.75
    965.77      -65.75
    962.70      -68.00
    958.13      -62.00
    984.08      -49.25
    938.12      -61.00
    970.42      -59.50
    966.91      -47.50
    954.21      -55.75
    962.08      -66.25
    997.68      -57.25
    983.36      -45.50
    941.70      -49.25
    957.33      -57.50
    965.56      -54.50
    949.91      -70.50
    994.24      -37.00
    965.24      -73.25
   1014.77      -23.50
    995.04      -40.75
    981.35      -46.50
    956.66      -58.50
    980.76      -53.25
    945.26      -72.25
    944.59      -56.25
    947.97      -53.75
    971.62      -69.25
    949.20      -45.75
    945.46      -65.00
    964.46      -58.25
    944.22      -71.00
    966.41      -64.00
    974.25      -67.25
    974.36      -66.00
    965.38      -72.00
    970.02      -57.75
    996.83      -41.50
    982.79      -52.25
    970.07      -64.25
    942.85      -52.75
    953.98      -65.75
    979.70      -48.50
    967.84      -66.50
    998.30      -49.00
    956.62      -63.50
    942.74      -69.25
    975.12      -67.75
    940.01      -63.25
    971.13      -64.50
    965.07      -49.50
   1002.65      -32.50
    952.68      -75.50
    957.53      -65.75
   1004.11      -26.50
    961.76      -57.25
    944.16      -59.00
    959.29      -61.00
    957.94      -52.75
    959.86      -64.25
    959.52      -57.75
    981.12      -61.25
    992.23      -36.00
    984.48      -56.50
   1006.39      -56.00
    968.15      -48.50
    950.93      -71.50
    988.81      -50.25
    953.22      -70.00
    964.24      -67.00
    955.74      -70.50
    956.97      -58.50
    958.51      -60.25
    984.77      -51.75
    961.55      -81.25
    966.85      -58.75
    974.02      -37.00
   1004.71      -27.00
   1016.99      -23.75
    950.08      -66.00
    967.58      -61.75
    960.58      -67.25
    936.71      -56.25
   1001.27      -30.50
    969.83      -59.00
    988.59      -48.75
    973.82      -58.25
    952.18      -65.00
    958.47      -63.00
   1013.22      -31.25
    971.72      -50.75
    977.09      -59.00
    981.86      -55.50
    952.68      -61.25
   1025.04      -31.00
    947.17      -59.50
    948.91      -63.50
    994.75      -58.75
    966.87      -53.50
    950.88      -63.50
    995.68      -31.75
    961.06      -76.50
    953.33      -62.00
   1007.52      -35.50
    960.10      -63.00
    981.83      -49.25
    956.62      -56.50
    948.43      -59.75
   1002.83      -30.50
    944.06      -67.50
    983.98      -43.25
    974.09      -80.50
    953.86      -63.00
    991.83      -41.50
    959.73      -77.25
    943.24      -61.50
    931.38      -62.75
    924.41      -77.00
    947.69      -65.50
    982.33      -41.25
    943.07      -67.75
    958.44      -64.50
   1001.78      -30.00
    935.30      -52.50
    969.06      -69.50
    973.70      -40.75
   1019.51      -28.75
    938.96      -59.00
    945.26      -60.75
    965.68      -50.50
    941.28      -63.75
    935.64      -58.50
    968.84      -55.75
    931.74      -63.75
    960.75      -65.75
    934.34      -64.50
    982.70      -60.00
    947.02      -64.25
    972.09      -62.50
    948.72      -55.00
    949.50      -62.75
    987.54      -47.50
    968.26      -72.50
    945.41      -59.00
    992.01      -53.00
    972.68      -44.25
    932.18      -71.25
    980.82      -63.50
    940.62      -68.50
    992.46      -52.50
    972.54      -55.00
    957.18      -64.50
    940.12      -55.25
    958.41      -50.00
    970.35      -41.75
    987.13      -40.75
    971.41      -67.75
    949.85      -58.50
   1017.03      -40.25
    976.60      -72.50
    984.77      -55.00
    959.81      -63.25
    941.28      -62.25
    941.69      -58.50
    994.88      -45.50
   1013.92      -32.75
   1013.45      -26.50
    953.18      -70.00
    933.00      -69.50
    974.65      -67.00
    957.91      -70.50
    954.62      -63.00
    944.25      -71.25
    989.65      -44.50
    970.23      -65.75
    959.86      -59.75
    941.72      -68.00
   1020.88      -39.75
    955.66      -59.25
    967.56      -57.00
    959.70      -63.00
   1006.70      -32.25
    940.92      -62.75
    952.39      -62.25
    972.20      -69.50
    961.17      -60.00
    979.48      -62.25
    953.77      -62.25
   1008.01      -26.50
    934.36      -67.75
    941.51      -65.50
    991.44      -51.25
    989.19      -54.25
    941.18      -71.25
    998.29      -38.25
   1009.33      -31.00
    960.41      -50.25
    955.67      -80.25
    988.04      -50.50
    945.40      -58.00
    951.09      -62.50
   1008.01      -26.75
    981.27      -51.75
    980.53      -71.75
    950.28      -79.75
    961.04      -63.75
   1009.53      -46.00
    942.80      -61.00
   1007.00      -38.50
    996.68      -45.75
    928.28      -55.75
    954.29      -59.75
    997.12      -40.50
    990.06      -42.25
    937.72      -71.75
    954.62      -54.75
    962.45      -72.00
    963.03      -58.75
    962.66      -62.50
    970.63      -48.25
    934.69      -62.00
    952.25      -58.25
    950.70      -60.25
    959.00      -66.75
    937.45      -59.50
    945.50      -62.75
    959.66      -64.75
   1006.53      -37.50
    987.42      -61.50
    944.52      -69.25
    966.22      -59.25
    995.17      -38.00
    945.37      -66.00
    939.26      -71.25
    933.18      -62.00
    955.48      -65.00
   1004.60      -36.50
    992.53      -33.50
   1011.57      -44.25
    988.02      -40.50
    971.61      -65.75
    990.23      -51.00
   1009.64      -37.75
    949.33      -70.00
    994.85      -45.00
    950.11      -59.00
    976.96      -81.00
    972.36      -65.25
   1008.50      -24.25
   1009.33      -47.75
    971.60      -59.50
    997.56      -36.75
    951.29      -66.75
    966.32      -66.00
    993.10      -52.25
    964.57      -65.75
   1009.74      -36.75
    942.52      -54.75
    968.25      -42.50
    960.12      -48.50
    948.46      -59.75
    944.90      -72.25
    966.08      -69.25
    959.56      -62.25
    947.83      -59.25
    993.52      -37.00
    958.50      -66.75
    952.26      -65.75
    984.49      -47.50
    971.17      -73.50
    949.19      -60.50
    935.01      -63.75
    962.95      -67.25
    959.95      -56.25
    960.08      -64.75
    933.57      -65.75
   1004.43      -30.50
    945.54      -63.75
    938.24      -62.00
    951.78      -59.25
    965.66      -64.75
    984.74      -48.00
    951.96      -55.25
    953.39      -62.00
    946.37      -59.50
    966.27      -54.75
    943.76      -63.75
   1006.55      -43.75
    997.84      -40.75
    974.33      -66.75
    973.32      -64.75
    942.73      -64.50
    944.35      -62.75
    961.24      -60.75
    995.70      -48.00
    997.07      -32.00
    998.66      -55.00
   1011.33      -27.00
    967.16      -62.50
    953.45      -65.50
    933.09      -64.75
    951.40      -59.50
    983.99      -54.75
    962.50      -65.25
    947.85      -62.50
    971.02      -56.25
    958.78      -63.50
    963.00      -60.75
    975.65      -62.25
   1019.42      -31.50
    996.49      -39.25
    951.71      -65.75
    980.20      -52.75
   1009.78      -31.00
    982.11      -47.75
    963.68      -50.50
    995.74      -50.25
    962.12      -60.50
    978.23      -66.75
   1008.08      -26.25
    962.93      -51.50
    954.98      -63.75
    961.57      -74.75
    951.73      -65.75
    971.52      -57.50
   1013.63      -29.25
    936.16      -76.50
    947.27      -63.00
    978.35      -43.50
   1004.39      -47.00
   1012.79      -45.25
    929.40      -72.75
    985.53      -39.50
    930.22      -64.00
    961.12      -72.75
    985.01      -43.00
    954.53      -51.00
    983.20      -54.50
    973.40      -80.50
    998.64      -41.25
    952.27      -55.00
   1007.75      -40.25
    967.80      -50.00
    937.81      -59.25
    942.72      -52.00
    934.52      -64.00
    950.09      -68.00
    925.32      -71.50
    946.46      -68.25
    959.65      -59.25
    996.10      -36.75
    937.64      -63.75
    938.64      -61.75
    986.04      -36.50
    952.38      -56.75
    954.46      -61.50
    932.09      -59.75
    984.10      -52.75
    948.35      -64.50
    942.52      -62.75
    985.64      -47.75
    990.79      -52.00
   1011.25      -30.75
    983.92      -47.50
    982.52      -50.50
    969.83      -60.50
    964.46      -66.75
    969.42      -48.50
    978.47      -60.00
    959.23      -60.50
    932.36      -68.75
    963.33      -64.25
    945.64      -58.75
    964.66      -81.50
    986.03      -53.75
    931.61      -69.75
    945.96      -62.25
    944.20      -62.25
    947.07      -63.50
    974.10      -77.25
    975.68      -57.50
    953.24      -48.50
    973.70      -53.75
    953.37      -54.75
   1011.01      -26.75
    990.40      -43.50
   1000.86      -43.50
    937.79      -58.50
    994.26      -48.00
    950.47      -60.75
    970.85      -48.00
    967.28      -55.25
    948.60      -73.75
    966.57      -60.25
    942.87      -68.50
    995.60      -41.25
    938.44      -63.75
    969.11      -71.50
    955.04      -62.50
    920.55      -61.75
   1011.27      -33.50
    960.14      -59.75
    944.11      -56.00
    941.70      -71.00
    980.65      -46.50
    947.16      -63.25
    962.68      -63.50
    954.45      -70.00
   1003.85      -35.75
    961.28      -59.75
    935.41      -60.25
    943.70      -62.25
    950.72      -70.25
   1005.09      -27.50
    986.38      -35.25
    976.32      -78.75
    970.45      -51.25
    977.44      -52.50
   1003.98      -30.75
    939.67      -72.00
    966.66      -75.00
    948.68      -58.75
    945.08      -57.25
    949.81      -72.50
    963.87      -66.25
    971.68      -54.25
    964.50      -65.00
    995.52      -38.75
    981.48      -54.75
   1013.43      -28.25
    947.35      -68.25
    961.81      -59.00
   1003.52      -41.75
    958.59      -63.00
    953.67      -45.75
    990.81      -53.25
    956.36      -58.00
    946.22      -68.00
    955.95      -69.25
    963.12      -62.75
    965.35      -59.75
    968.41      -61.00
    999.13      -35.50
    966.87      -68.75
    972.37      -53.50
    946.72      -60.25
    958.29      -56.25
    972.82      -52.50
    995.24      -47.00
    971.09      -61.50
    975.08      -80.25
    955.23      -57.25
    957.55      -62.75
    966.47      -58.25
   1010.19      -31.50
    947.90      -54.75
    972.07      -65.00
   1004.44      -25.25
    981.34      -78.75
    957.12      -54.50
    958.65      -55.75
   1008.30      -30.00
    975.05      -62.75
    973.58      -59.25
    965.41      -40.00
    969.78      -59.50
    945.95      -69.50
    985.01      -79.25
    962.11      -56.75
    962.58      -58.75
    971.47      -56.50
    962.31      -67.25
    973.75      -55.75
    981.64      -48.50
   1006.10      -29.75
    960.39      -59.25
    999.00      -27.25
    963.47      -52.00
    965.99      -52.00
    960.22      -64.75
    966.02      -61.50
    981.46      -52.00
    959.43      -58.25
    985.12      -50.00
   1000.06      -44.50
    980.58      -54.25
    958.46      -58.75
    962.72      -65.00
   1004.90      -31.75
    963.07      -71.00
    962.45      -55.75
    953.49      -63.00
    989.47      -33.00
    977.29      -51.00
    960.38      -58.25
    972.39      -73.50
    959.87      -53.00
    957.49      -72.25
    988.90      -45.00
    974.26      -44.50
    971.11      -76.75
    964.46      -56.25
    993.38      -41.75
    968.14      -64.00
    962.98      -61.75
    976.36      -53.25
    978.18      -54.75
    964.06      -59.25
    995.91      -29.25
    974.08      -50.50
    986.78      -63.00
    970.14      -44.75
    966.40      -57.00
    981.78      -56.75
    964.04      -57.00
    973.31      -49.75
    957.48      -71.50
    993.04      -38.25
    965.53      -54.25
    965.97      -61.50
    954.62      -48.75
    976.93      -53.75
    966.65      -60.00
    969.29      -77.75
    955.98      -51.00
    977.48      -71.00
    953.17      -62.50
    949.92      -55.75
    963.04      -51.75
    976.15      -50.00
    977.91      -47.75
    966.73      -67.00
    984.44      -54.00
    963.95      -54.75
    944.28      -64.00
    956.83      -54.25
   1011.42      -31.50
    965.33      -78.00
    940.41      -59.50
    952.28      -55.00
    974.82      -76.00
    947.14      -55.00
    936.55      -64.25
   1009.61      -27.75
    948.96      -61.00
    984.32      -46.25
    971.74      -76.25
    973.35      -80.75
    955.46      -63.75
    958.39      -66.75
    938.67      -61.75
    930.75      -63.25
    949.82      -60.75
    973.36      -55.75
    941.33      -60.25
    971.93      -50.25
    958.22      -65.00
    964.16      -55.00
    954.86      -72.00
    997.87      -46.00
    933.23      -60.25
    933.84      -67.25
    970.61      -44.75
    988.85      -46.00
    988.90      -53.75
    946.28      -71.25
    985.49      -49.50
   1006.95      -34.25
    955.90      -61.75
    986.43      -57.00
    943.38      -59.00
    947.57      -63.25
    933.57      -66.00
    948.01      -58.00
    998.63      -38.00
    976.68      -58.50
    961.12      -62.75
    967.23      -72.50
    980.51      -42.50
    979.42      -56.75
    986.12      -43.25
    944.85      -63.75
    963.73      -64.00
    955.94      -71.25
    936.06      -64.50
    976.84      -43.00
    943.73      -67.50
   1011.25      -31.75
    976.25      -56.00
    998.62      -50.75
    950.06      -66.00
    983.60      -50.25
    948.97      -60.50
    966.39      -62.75
    937.42      -58.00
    976.14      -80.50
   1002.09      -38.50
    944.50      -58.00
    940.80      -63.00
    972.39      -50.50
    939.62      -69.50
   1005.56      -30.25
    986.59      -44.00
    954.15      -62.75
   1016.57      -45.50
    951.19      -57.25
    953.99      -62.00
   1005.95      -41.75
    976.67      -79.25
    965.61      -57.25
    970.41      -66.25
    954.54      -72.75
    939.76      -64.25
    941.83      -66.50
    947.34      -67.00
    961.73      -53.25
    993.01      -51.25
    966.26      -49.25
    977.79      -49.75
    955.28      -74.25
    952.44      -56.50
    948.80      -65.00
    965.31      -57.25
    947.75      -71.75
    974.93      -58.75
    947.34      -59.25
    950.59      -64.25
    942.22      -63.00
    971.17      -52.50
    938.68      -71.25
    959.99      -71.75
    942.69      -65.00
    934.34      -72.00
    953.58      -55.50
    989.10      -44.50
    955.10      -64.50
   1011.10      -35.50
    995.75      -45.25
    950.53      -60.25
    965.66      -61.50
    976.97      -56.00
    938.10      -67.75
   1009.07      -32.00
    938.75      -63.75
    964.13      -52.75
    969.29      -77.00
    967.93      -65.25
    950.16      -51.50
    946.44      -72.75
    991.02      -47.75
    944.23      -62.75
    955.72      -67.00
    963.97      -64.25
    959.59      -66.00
    948.89      -52.25
    966.46      -58.75
   1001.29      -53.00
    949.31      -66.00
    936.97      -69.00
    954.50      -58.00
    995.47      -39.50
    958.91      -79.25
    945.28      -65.00
   1007.66      -30.25
    958.21      -56.75
    942.84      -54.75
    941.65      -69.75
    967.48      -66.50
    994.02      -54.00
    959.10      -61.75
    951.71      -65.25
    936.29      -67.00
    933.93      -60.50
   1008.18      -28.00
    956.12      -55.00
    941.23      -60.75
    998.88      -40.75
    977.23      -47.50
    960.08      -66.75
    940.29      -65.25
    939.20      -67.00
    964.41      -63.50
    949.26      -61.50
   1013.82      -41.25
    964.27      -58.00
    946.94      -63.25
    951.18      -65.00
    943.37      -69.00
    939.86      -69.50
    980.86      -44.75
    939.07      -69.25
    953.00      -61.25
    997.39      -40.25
   1012.06      -33.25
    961.13      -58.00
    953.61      -60.50
    992.43      -35.75
    963.98      -79.00
    954.53      -70.75
    987.63      -45.25
   1018.33      -29.00
    959.20      -66.50
    947.02      -70.25
    966.29      -54.25
    978.84      -52.75
    988.87      -66.50
    934.75      -67.75
    973.36      -80.75
    976.40      -47.75
   1002.13      -42.75
    960.99      -65.50
    943.93      -50.25
    964.78      -52.00
    940.55      -69.75
    967.74      -64.25
    978.22      -46.75
    958.30      -67.25
   1005.94      -41.50
    943.34      -64.25
    983.16      -49.25
    945.97      -63.50
    944.46      -61.50
    946.56      -53.25
    974.26      -53.75
    974.95      -54.25
    946.47      -64.75
    947.61      -56.75
    957.82      -60.50
   1012.16      -27.75
    950.58      -72.00
   1015.94      -40.75
    954.13      -60.00
    950.61      -65.00
    953.83      -62.25
    967.77      -50.25
    947.26      -60.25
    967.91      -54.50
    957.47      -69.75
    946.31      -66.75
    989.23      -47.25
    987.23      -44.00
    927.66      -69.25
    987.45      -42.75
    949.77      -63.75
    968.41      -62.00
    928.90      -67.50
    935.55      -64.50
    971.54      -66.50
    951.09      -56.00
    948.50      -79.50
    947.45      -71.00
    972.12      -63.50
    975.20      -58.00
    949.44      -53.50
    981.31      -55.25
    963.05      -65.25
   1016.85      -27.00
    954.55      -47.00
    999.09      -36.00
    999.68      -34.50
    921.00      -64.25
    989.45      -39.75
   1000.85      -49.50
    970.52      -67.25
    945.98      -66.50
    984.77      -45.00
    931.71      -62.00
    998.36      -44.00
    940.99      -65.00
    937.59      -67.00
    958.01      -62.75
    933.96      -67.75
    961.24      -69.00
    938.33      -61.00
    964.07      -57.50
    972.15      -55.25
    961.35      -65.75
    934.43      -61.50
    964.35      -60.00
   1010.94      -42.75
    960.24      -62.75
    923.41      -60.50
    965.09      -51.50
    938.91      -64.00
    954.20      -65.50
    953.92      -60.00
    986.13      -48.00
    971.01      -49.25
    968.97      -58.50
    928.88      -61.75
    983.22      -44.75
    958.31      -50.75
    973.12      -57.25
    973.86      -79.50
    955.14      -65.50
   1022.43      -33.25
    932.89      -65.25
    929.63      -69.75
    948.84      -59.75
    949.17      -65.25
    948.56      -59.75
    945.78      -67.25
    991.18      -41.50
    984.75      -54.25
    996.20      -39.25
    927.88      -71.25
    960.90      -61.75
    997.16      -44.50
    960.89      -72.25
    944.74      -69.50
    940.96      -61.25
    931.85      -64.50
   1007.66      -31.25
    950.61      -59.75
    959.07      -61.00
    948.28      -58.75
    978.61      -63.00
   1010.80      -36.75
    976.94      -47.50
    927.63      -69.25
    970.05      -59.00
    995.03      -38.75
    957.51      -63.75
    955.65      -80.25
    976.12      -50.50
    983.56      -76.75
   1017.91      -45.25
    935.50      -64.75
   1009.93      -30.00
    930.10      -57.75
    944.64      -60.00
    962.24      -48.50
    992.10      -55.00
    941.31      -65.25
    935.12      -61.50
    957.86      -59.00
    936.38      -66.00
    999.07      -50.00
   1011.88      -33.25
    960.55      -64.50
    959.32      -64.25
    986.97      -78.50
    975.04      -46.00
    997.66      -32.50
    976.63      -51.25
    979.69      -79.25
    954.09      -70.00
    984.57      -55.75
    969.58      -55.25
    995.77      -41.75
    966.49      -50.75
    946.68      -66.00
    966.72      -56.50
    982.43      -41.75
    968.39      -62.75
    944.70      -69.75
    946.76      -62.75
    949.06      -63.75
    948.18      -54.00
    959.72      -57.00
    948.87      -59.00
    942.93      -57.50
    947.82      -60.75
    932.27      -69.00
    971.89      -56.50
    933.26      -61.00
    964.90      -69.50
    991.59      -37.00
    976.18      -65.75
    932.81      -65.00
   1010.97      -36.75
    955.66      -65.00
   1011.04      -26.00
    943.15      -62.75
    947.01      -62.75
    924.68      -62.75
    922.55      -70.00
   1003.18      -41.00
    948.89      -62.75
    987.03      -49.50
    952.57      -62.75
    965.50      -65.50
    938.05      -64.75
    973.08      -51.25
    967.33      -56.50
    959.92      -48.50
   1009.05      -35.75
    945.44      -58.75
    947.96      -62.50
    918.27      -67.50
   1002.27      -27.50
   1002.73      -47.75
    983.61      -46.50
    948.54      -65.75
    959.20      -61.25
   1005.84      -33.75
    961.73      -75.00
    992.25      -52.75
    958.58      -58.50
    962.11      -55.50
    961.50      -74.75
   1007.22      -32.00
    936.16      -68.75
    970.97      -70.75
    975.58      -67.75
    948.14      -65.75
    965.70      -56.25
    967.30      -61.50
    961.83      -59.75
    936.44      -70.00
    994.03      -42.25
    961.68      -64.75
   1005.67      -30.00
    961.53      -69.00
    935.94      -66.75
    999.61      -38.25
    997.93      -32.25
    953.13      -64.50
    963.42      -58.25
    923.81      -70.00
    987.29      -54.50
    998.43      -45.25
    961.45      -59.75
    963.01      -61.75
    963.02      -69.75
    963.04      -61.75
   1003.96      -44.50
   1007.11      -51.75
    954.23      -50.00
    999.21      -41.50
    962.97      -67.50
    956.99      -63.25
   1014.14      -31.50
    935.13      -61.50
   1017.87      -32.75
    965.70      -67.50
    961.50      -66.50
    940.29      -62.25
   1004.20      -27.50
    967.40      -78.00
    942.13      -66.25
    953.58      -59.75
   1001.53      -29.75
    958.66      -65.25
    938.08      -70.25
   1000.70      -46.25
    956.90      -62.75
    999.26      -46.00
    953.36      -68.25
    986.87      -56.75
    981.35      -49.75
    991.38      -57.50
   1014.07      -36.25
    993.29      -52.25
    950.61      -57.50
    978.93      -47.50
    962.52      -58.50
   1004.41      -33.50
    992.90      -34.50
    968.36      -63.25
    951.44      -66.50
    961.10      -66.50
    938.26      -62.25
    949.87      -62.25
    938.95      -60.50
    996.59      -45.75
    950.37      -64.00
    940.89      -61.75
    959.05      -59.75
    932.52      -63.75
    978.70      -55.50
    948.53      -61.00
    941.49      -60.75
    959.23      -58.00
    939.22      -62.25
    931.95      -63.00
    937.17      -77.00
   1007.49      -40.25
    957.29      -74.25
    967.68      -52.75
    970.67      -52.75
    951.94      -54.75
   1015.51      -26.00
    941.19      -59.00
   1016.35      -37.00
    960.38      -53.25
    940.72      -60.00
    979.15      -42.50
    974.28      -56.00
   1009.97      -43.75
    949.65      -61.25
    912.98      -71.25
   1015.24      -26.75
    943.07      -71.50
    957.21      -63.00
    970.34      -62.75
    943.74      -59.25
    990.83      -48.25
    988.96      -52.00
    960.09      -71.50
    985.06      -52.25
    943.64      -60.75
   1009.85      -38.25
    965.30      -59.50
    952.21      -74.00
    948.52      -61.50
    990.87      -53.75
    967.03      -56.75
    997.70      -44.50
    944.05      -56.75
    964.87      -70.50
    954.80      -61.00
    971.40      -42.50
    954.98      -61.75
    957.79      -64.75
    948.36      -67.50
    938.37      -68.00
    958.38      -62.75
    926.86      -68.25
    928.42      -60.25
    977.22      -46.75
    964.22      -51.50
    972.73      -59.25
    952.28      -61.75
    937.57      -62.00
    936.95      -64.75
   1000.74      -43.25
    973.03      -79.00
    991.63      -46.25
    970.25      -65.75
    934.65      -67.00
    945.40      -62.25
    959.37      -62.25
    945.37      -62.50
    935.57      -69.00
    999.64      -35.25
    962.59      -67.00
    958.51      -81.50
    956.29      -55.25
   1000.31      -40.25
    988.09      -47.50
    970.37      -56.00
    961.99      -62.50
   1008.47      -27.75
    943.84      -57.75
    982.82      -51.50
    971.85      -50.50
    965.21      -61.50
    935.42      -65.75
    969.77      -83.25
    982.45      -47.50
    964.10      -68.25
    989.42      -48.25
    947.35      -68.50
    979.27      -60.00
    982.67      -41.25
    951.68      -64.00
    926.48      -63.50
    972.81      -54.75
    979.65      -57.25
    936.53      -64.50
    916.64      -70.00
    935.09      -65.00
    990.28      -46.25
   1008.86      -42.75
    969.22      -52.50
    939.13      -60.75
    964.21      -51.75
    953.64      -56.00
    951.54      -68.00
    936.61      -63.25
    947.69      -62.75
    926.32      -64.50
    948.91      -79.75
    986.84      -56.00
   1012.99      -38.25
    962.39      -55.75
    964.95      -62.00
   1008.89      -35.75
    955.29      -64.25
    999.97      -38.25
    955.43      -64.75
    951.84      -63.00
   1017.07      -28.25
    988.16      -41.75
    959.88      -54.75
    950.78      -52.75
   1004.27      -46.75
   1010.65      -33.25
    948.15      -61.50
    941.07      -61.00
    981.26      -55.75
   1007.89      -29.75
    959.61      -64.00
    998.91      -30.00
    948.12      -63.50
    950.13      -57.00
    937.73      -61.00
    982.75      -55.00
    980.74      -79.50
    982.47      -56.25
   1004.52      -28.75
    944.61      -65.25
    987.42      -38.75
    950.26      -56.50
    940.00      -63.25
    970.86      -83.50
   1009.60      -32.25
    936.67      -62.25
    979.49      -54.25
   1003.52      -38.50
    950.33      -59.50
   1002.76      -39.25
    976.89      -56.75
    947.87      -61.25
   1004.29      -30.00
    988.78      -45.50
   1008.58      -33.50
    984.91      -59.25
    933.73      -67.75
   1013.20      -27.75
    974.53      -47.75
    951.19      -62.75
   1003.94      -46.00
    951.35      -62.50
    943.04      -66.50
    937.84      -64.50
    944.63      -67.50
    993.50      -53.25
    952.91      -64.25
    983.61      -63.00
    954.68      -68.00
    968.88      -67.25
    948.82      -67.50
    955.85      -65.00
    945.30      -65.25
    947.10      -65.50
   1003.66      -44.25
    961.17      -67.00
    976.00      -48.00
    941.60      -65.25
    951.66      -64.25
    945.68      -69.25
   1000.17      -43.75
    934.87      -65.00
    973.79      -61.25
    950.44      -70.25
    947.93      -66.00
    952.38      -61.75
    993.32      -54.00
   1008.01      -37.75
    981.10      -50.75
    990.71      -59.50
    972.48      -65.50
    959.25      -56.25
    941.64      -63.50
    966.71      -65.75
    943.57      -61.75
    944.56      -73.00
    952.06      -71.75
    966.42      -57.25
    954.12      -63.25
    973.38      -56.75
    940.51      -63.00
    954.85      -61.25
    970.86      -49.25
    947.99      -61.75
    950.52      -55.50
   1019.41      -26.75
    943.29      -61.75
    957.91      -62.00
    989.20      -47.25
    994.89      -43.75
    962.30      -73.75
    939.44      -64.75
   1006.54      -31.75
    972.45      -62.00
    971.98      -45.00
    954.91      -68.75
    923.44      -71.00
    958.50      -61.50
    944.90      -63.75
    952.78      -65.25
    944.71      -67.25
    975.76      -79.00
    946.17      -67.50
    960.55      -51.00
    994.67      -42.50
    949.10      -60.25
    996.58      -45.25
    957.20      -69.25
    977.06      -46.75
    997.20      -38.00
    940.31      -60.25
    944.47      -62.75
   1008.35      -30.25
    985.02      -48.50
    963.92      -56.75
    962.07      -58.75
    946.12      -61.50
    973.66      -46.50
    995.10      -46.75
    960.74      -48.25
    961.58      -51.25
    969.20      -64.50
    962.02      -52.00
    943.95      -72.00
    965.09      -69.75
    947.14      -51.00
    947.44      -71.50
   1013.99      -36.00
    939.23      -63.00
    939.09      -60.75
    947.60      -56.00
    953.90      -55.25
    998.78      -53.50
    986.37      -46.00
    980.80      -48.50
    930.33      -65.50
    961.34      -72.50
    944.54      -67.00
    998.36      -30.00
   1008.12      -60.75
    949.60      -59.00
    949.67      -58.75
    999.85      -46.75
    992.46      -66.25
    979.23      -54.00
    975.38      -79.75
   1002.64      -32.25
    947.10      -53.75
    945.32      -70.50
    971.91      -67.50
    923.10      -59.50
    948.97      -63.50
   1011.29      -28.75
    953.11      -74.00
    933.94      -58.50
    938.24      -69.75
    951.61      -72.75
   1005.42      -31.25
    957.60      -66.25
   1002.88      -47.25
    952.82      -62.00
    991.04      -47.00
    976.34      -57.25
   1014.97      -36.00
    961.37      -79.25
    945.07      -65.25
    966.34      -55.75
    938.92      -65.50
    978.42      -57.25
   1002.06      -30.00
   1021.01      -23.25
    972.50      -62.50
    970.56      -62.75
    986.97      -38.50
   1014.41      -34.75
    986.06      -57.25
    978.98      -46.00
    951.75      -63.25
    940.98      -64.75
    942.58      -64.25
    993.15      -49.00
    938.70      -64.00
    977.41      -59.75
   1000.45      -39.75
    982.51      -51.75
    968.51      -49.75
    942.27      -65.00
    980.32      -33.00
    953.42      -56.50
    954.39      -63.75
    978.43      -51.00
    958.84      -65.00
    962.56      -67.00
    943.84      -73.50
   1015.69      -29.00
   1003.79      -47.25
    931.96      -66.00
    926.75      -60.50
    997.92      -45.50
    968.40      -69.00
    989.72      -52.75
    935.18      -61.25
    972.15      -66.50
    972.04      -55.50
    943.68      -68.50
   1015.38      -29.00
   1001.63      -27.00
    937.88      -60.75
    948.13      -58.50
    981.75      -48.00
    945.63      -69.75
    962.05      -64.75
    982.82      -63.50
    981.02      -40.50
    955.57      -62.25
    947.67      -66.00
    962.02      -64.25
   1015.82      -32.25
    967.03      -60.00
    960.33      -58.25
    997.89      -39.75
    989.31      -39.50
    947.38      -62.50
    950.14      -71.25
    940.41      -60.00
    949.94      -60.75
    954.51      -59.25
    964.32      -50.50
    977.79      -39.50
    961.93      -60.75
    993.43      -48.25
    961.05      -71.00
    956.04      -63.00
    949.52      -55.00
    953.55      -55.25
    973.64      -60.00
    945.94      -62.00
    988.72      -49.50
    952.27      -60.75
    954.53      -58.00
    999.35      -32.50
    935.93      -63.00
   1006.80      -26.50
    960.65      -71.50
    956.31      -55.75
    948.70      -72.50
    950.09      -72.25
   1003.90      -35.50
    952.92      -61.00
    964.70      -62.25
    978.02      -35.25
    927.50      -67.75
    935.74      -70.75
   1008.02      -30.00
    957.70      -73.25
    947.25      -64.00
    989.42      -49.50
    945.95      -63.00
    945.76      -62.00
    956.78      -73.00
   1008.20      -37.00
    955.02      -64.00
    964.31      -78.50
    972.04      -48.50
    950.71      -58.75
    975.46      -48.50
    953.03      -61.50
    980.46      -62.00
    954.18      -63.00
    971.98      -50.75
   1010.71      -34.25
    964.07      -67.75
    969.75      -67.50
    959.39      -70.75
   1001.88      -40.00
    972.06      -62.00
    960.66      -74.00
    968.63      -58.00
    949.40      -61.50
   1014.07      -28.75
    961.19      -60.00
    942.91      -62.75
    990.44      -47.75
    955.53      -62.50
   1002.61      -33.50
    967.80      -60.00
    990.65      -57.00
    965.94      -66.75
    964.74      -64.50
    968.97      -58.75
    974.39      -40.50
    953.41      -60.50
    977.27      -57.25
    956.81      -64.00
    974.70      -50.00
    981.95      -40.50
    984.79      -41.00
    993.75      -45.50
   1005.27      -31.00
    933.60      -63.00
    942.49      -65.00
    954.78      -57.50
    949.83      -68.00
    962.97      -52.00
    990.07      -46.75
    963.18      -51.00
    942.98      -64.75
    968.07      -60.00
    973.83      -56.25
    951.57      -70.50
    961.64      -47.50
    952.56      -61.00
    982.31      -58.25
    973.84      -65.25
    946.22      -67.25
    951.69      -71.25
    966.58      -80.50
    950.68      -70.25
    951.34      -54.50
    987.90      -49.00
   1012.77      -27.50
    962.28      -60.75
    957.68      -57.00
   1000.97      -48.25
    977.79      -59.75
    961.77      -65.75
   1004.80      -42.50
    933.65      -60.75
    985.64      -62.00
    986.31      -49.00
    943.09      -61.75
    970.66      -50.50
    979.28      -53.25
   1000.14      -37.50
    975.15      -55.25
    941.94      -62.25
    943.51      -63.75
    976.41      -46.50
    958.61      -61.50
    952.64      -63.50
    949.46      -66.25
    948.51      -58.50
    947.92      -66.50
    943.48      -66.25
    972.97      -53.50
    992.72      -34.50
    941.55      -64.25
    945.50      -56.50
   1005.21      -32.25
    938.09      -63.25
    995.01      -46.00
    951.20      -65.50
    993.50      -39.50
    949.62      -59.50
   1009.30      -30.00
    958.29      -53.75
    963.82      -54.50
    945.67      -63.00
    951.03      -63.50
    985.21      -44.00
    929.58      -66.00
    952.26      -64.75
    946.61      -64.00
    959.23      -48.50
    990.20      -50.50
    964.21      -73.25
    952.05      -63.75
    957.66      -58.00
    954.67      -52.75
    995.85      -64.75
    969.62      -69.00
    954.50      -65.75
    950.02      -59.00
    931.87      -64.75
    965.72      -80.50
    969.73      -58.75
    957.22      -51.00
    965.29      -47.75
    964.70      -67.00
    949.29      -57.75
    976.09      -57.00
    963.42      -77.25
    984.78      -58.25
    967.86      -54.25
    979.47      -44.50
    973.21      -45.75
    945.90      -71.75
    937.49      -64.00
    971.52      -41.75
    967.82      -63.75
    957.65      -62.00
    951.02      -61.25
    945.14      -61.75
   1001.78      -32.00
    944.72      -67.75
    938.16      -53.00
    940.28      -65.75
    961.07      -81.25
    955.73      -62.75
    977.91      -42.00
    943.16      -63.25
    990.78      -43.75
   1009.73      -37.25
   1007.87      -36.25
    940.59      -64.75
   1018.01      -29.00
    981.16      -45.00
    955.28      -56.50
    953.73      -59.75
    966.53      -60.00
    946.56      -68.75
    973.05      -58.25
    971.54      -72.50
    956.50      -57.75
    986.13      -47.50
   1006.19      -31.00
    928.61      -63.25
    941.70      -59.75
    947.85      -60.50
    954.29      -68.25
   1015.91      -26.75
    949.81      -57.75
    932.77      -67.00
    971.81      -55.25
    987.75      -35.75
   1008.80      -30.00
    979.57      -49.25
    954.51      -63.50
    950.60      -60.25
    987.64      -64.50
    966.10      -58.25
    975.45      -53.00
    971.54      -64.25
    980.78      -55.75
    986.39      -65.25
    978.28      -50.00
    961.68      -50.50
    927.06      -67.00
    968.71      -77.75
   1000.95      -49.25
    961.03      -61.25
    948.95      -59.00
   1006.61      -28.75
    993.37      -53.00
    954.78      -61.25
   1003.42      -39.00
    956.88      -81.25
   1016.96      -30.00
    972.81      -60.75
    947.49      -59.25
    971.19      -60.00
   1008.72      -35.50
    995.23      -50.00
    959.95      -58.00
    962.65      -80.50
    968.93      -59.75
    961.06      -68.00
    981.56      -59.25
    941.05      -55.50
   1006.60      -28.50
    978.99      -56.75
   1004.37      -31.75
    967.85      -61.00
    961.71      -63.50
    960.48      -71.25
    976.41      -77.75
    949.67      -58.75
    948.12      -63.25
    944.95      -62.25
    946.93      -63.50
    994.77      -50.50
    966.76      -51.25
    967.00      -79.75
    960.68      -62.00
    948.23      -59.00
    951.35      -61.00
    964.20      -70.50
    943.81      -71.25
    982.19      -54.25
    992.32      -57.25
   1003.62      -41.50
    939.33      -58.25
    947.83      -64.00
    963.86      -52.25
    972.95      -46.25
    950.00      -58.75
    953.76      -70.75
    958.25      -77.00
    951.93      -66.75
    992.61      -50.25
    956.04      -71.75
    973.18      -71.00
    979.79      -54.25
   1005.14      -44.00
    948.22      -79.75
    965.34      -46.75
   1009.25      -49.50
    960.92      -58.00
    952.61      -68.50
    936.41      -61.75
    971.92      -63.00
    978.28      -48.75
    940.01      -48.00
    972.95      -65.00
    964.11      -69.50
    986.95      -55.75
